ISO-10303-21;
HEADER;
/* Generated by software containing ST-Developer
 * from STEP Tools, Inc. (www.steptools.com) 
 */
/* OPTION: using custom renumber hook */

FILE_DESCRIPTION(
/* description */ ('STEP AP242 Edition 2',
'CAx-IF Rec.Pracs.---Representation and Presentation of Product Manufa
cturing Information (PMI)---4.0---2014-10-13',
'CAx-IF Rec.Pracs.---3D Tessellated Geometry---0.4---2014-09-14','2;1',
'CAx-IF Rec.Pracs.---User Defined Attributes---1.5---2016-08-15'),
/* implementation_level */ '2;1');

FILE_NAME(
/* name */ '6a9d9d05c34ad223ae58f219',
/* time_stamp */ '2026-09-06T17:04:05Z',
/* author */ (''),
/* organization */ (''),
/* preprocessor_version */ 'ST-DEVELOPER v20',
/* originating_system */ 'ONSHAPE BY PTC INC, 1.220',
/* authorisation */ '  ');

FILE_SCHEMA (('AP242_MANAGED_MODEL_BASED_3D_ENGINEERING_MIM_LF { 1 0 10303 442 3 1 4 }'));
ENDSEC;

DATA;
#10=TOROIDAL_SURFACE('',#4471,0.0042345113066037,0.00027);
#11=TOROIDAL_SURFACE('',#4473,0.00513,0.00063);
#12=TOROIDAL_SURFACE('',#4481,0.009,0.00045);
#13=TOROIDAL_SURFACE('',#4483,0.009,0.00045);
#14=OVER_RIDING_STYLED_ITEM('',(#3915),#3891,#3910);
#15=OVER_RIDING_STYLED_ITEM('',(#3916),#3894,#3910);
#16=OVER_RIDING_STYLED_ITEM('',(#3917),#3895,#3910);
#17=OVER_RIDING_STYLED_ITEM('',(#3918),#3896,#3910);
#18=B_SPLINE_CURVE_WITH_KNOTS('',3,(#6225,#6226,#6227,#6228),
 .UNSPECIFIED.,.F.,.F.,(4,4),(0.,1.),.UNSPECIFIED.);
#19=B_SPLINE_CURVE_WITH_KNOTS('',3,(#6249,#6250,#6251,#6252),
 .UNSPECIFIED.,.F.,.F.,(4,4),(0.,1.),.UNSPECIFIED.);
#20=B_SPLINE_CURVE_WITH_KNOTS('',3,(#6260,#6261,#6262,#6263),
 .UNSPECIFIED.,.F.,.F.,(4,4),(0.,1.),.UNSPECIFIED.);
#21=B_SPLINE_CURVE_WITH_KNOTS('',3,(#6287,#6288,#6289,#6290),
 .UNSPECIFIED.,.F.,.F.,(4,4),(0.,1.),.UNSPECIFIED.);
#22=B_SPLINE_CURVE_WITH_KNOTS('',3,(#6298,#6299,#6300,#6301),
 .UNSPECIFIED.,.F.,.F.,(4,4),(0.,1.),.UNSPECIFIED.);
#23=B_SPLINE_CURVE_WITH_KNOTS('',3,(#6325,#6326,#6327,#6328),
 .UNSPECIFIED.,.F.,.F.,(4,4),(0.,1.),.UNSPECIFIED.);
#24=B_SPLINE_CURVE_WITH_KNOTS('',3,(#6336,#6337,#6338,#6339),
 .UNSPECIFIED.,.F.,.F.,(4,4),(0.,1.),.UNSPECIFIED.);
#25=B_SPLINE_CURVE_WITH_KNOTS('',3,(#6363,#6364,#6365,#6366),
 .UNSPECIFIED.,.F.,.F.,(4,4),(0.,1.),.UNSPECIFIED.);
#26=B_SPLINE_CURVE_WITH_KNOTS('',3,(#6442,#6443,#6444,#6445),
 .UNSPECIFIED.,.F.,.F.,(4,4),(0.,1.),.UNSPECIFIED.);
#27=B_SPLINE_CURVE_WITH_KNOTS('',3,(#6466,#6467,#6468,#6469),
 .UNSPECIFIED.,.F.,.F.,(4,4),(0.,1.),.UNSPECIFIED.);
#28=B_SPLINE_CURVE_WITH_KNOTS('',3,(#6477,#6478,#6479,#6480),
 .UNSPECIFIED.,.F.,.F.,(4,4),(0.,1.),.UNSPECIFIED.);
#29=B_SPLINE_CURVE_WITH_KNOTS('',3,(#6504,#6505,#6506,#6507),
 .UNSPECIFIED.,.F.,.F.,(4,4),(0.,1.),.UNSPECIFIED.);
#30=B_SPLINE_CURVE_WITH_KNOTS('',3,(#6515,#6516,#6517,#6518),
 .UNSPECIFIED.,.F.,.F.,(4,4),(0.,1.),.UNSPECIFIED.);
#31=B_SPLINE_CURVE_WITH_KNOTS('',3,(#6542,#6543,#6544,#6545),
 .UNSPECIFIED.,.F.,.F.,(4,4),(0.,1.),.UNSPECIFIED.);
#32=B_SPLINE_CURVE_WITH_KNOTS('',3,(#6553,#6554,#6555,#6556),
 .UNSPECIFIED.,.F.,.F.,(4,4),(0.,1.),.UNSPECIFIED.);
#33=B_SPLINE_CURVE_WITH_KNOTS('',3,(#6580,#6581,#6582,#6583),
 .UNSPECIFIED.,.F.,.F.,(4,4),(0.,1.),.UNSPECIFIED.);
#34=B_SPLINE_CURVE_WITH_KNOTS('',3,(#6659,#6660,#6661,#6662),
 .UNSPECIFIED.,.F.,.F.,(4,4),(0.,1.),.UNSPECIFIED.);
#35=B_SPLINE_CURVE_WITH_KNOTS('',3,(#6683,#6684,#6685,#6686),
 .UNSPECIFIED.,.F.,.F.,(4,4),(0.,1.),.UNSPECIFIED.);
#36=B_SPLINE_CURVE_WITH_KNOTS('',3,(#6694,#6695,#6696,#6697),
 .UNSPECIFIED.,.F.,.F.,(4,4),(0.,1.),.UNSPECIFIED.);
#37=B_SPLINE_CURVE_WITH_KNOTS('',3,(#6721,#6722,#6723,#6724),
 .UNSPECIFIED.,.F.,.F.,(4,4),(0.,1.),.UNSPECIFIED.);
#38=B_SPLINE_CURVE_WITH_KNOTS('',3,(#6732,#6733,#6734,#6735),
 .UNSPECIFIED.,.F.,.F.,(4,4),(0.,1.),.UNSPECIFIED.);
#39=B_SPLINE_CURVE_WITH_KNOTS('',3,(#6759,#6760,#6761,#6762),
 .UNSPECIFIED.,.F.,.F.,(4,4),(0.,1.),.UNSPECIFIED.);
#40=B_SPLINE_CURVE_WITH_KNOTS('',3,(#6770,#6771,#6772,#6773),
 .UNSPECIFIED.,.F.,.F.,(4,4),(0.,1.),.UNSPECIFIED.);
#41=B_SPLINE_CURVE_WITH_KNOTS('',3,(#6797,#6798,#6799,#6800),
 .UNSPECIFIED.,.F.,.F.,(4,4),(0.,1.),.UNSPECIFIED.);
#42=B_SPLINE_CURVE_WITH_KNOTS('',3,(#6876,#6877,#6878,#6879),
 .UNSPECIFIED.,.F.,.F.,(4,4),(0.,1.),.UNSPECIFIED.);
#43=B_SPLINE_CURVE_WITH_KNOTS('',3,(#6900,#6901,#6902,#6903),
 .UNSPECIFIED.,.F.,.F.,(4,4),(0.,1.),.UNSPECIFIED.);
#44=B_SPLINE_CURVE_WITH_KNOTS('',3,(#6911,#6912,#6913,#6914),
 .UNSPECIFIED.,.F.,.F.,(4,4),(0.,1.),.UNSPECIFIED.);
#45=B_SPLINE_CURVE_WITH_KNOTS('',3,(#6938,#6939,#6940,#6941),
 .UNSPECIFIED.,.F.,.F.,(4,4),(0.,1.),.UNSPECIFIED.);
#46=B_SPLINE_CURVE_WITH_KNOTS('',3,(#6949,#6950,#6951,#6952),
 .UNSPECIFIED.,.F.,.F.,(4,4),(0.,1.),.UNSPECIFIED.);
#47=B_SPLINE_CURVE_WITH_KNOTS('',3,(#6976,#6977,#6978,#6979),
 .UNSPECIFIED.,.F.,.F.,(4,4),(0.,1.),.UNSPECIFIED.);
#48=B_SPLINE_CURVE_WITH_KNOTS('',3,(#6987,#6988,#6989,#6990),
 .UNSPECIFIED.,.F.,.F.,(4,4),(0.,1.),.UNSPECIFIED.);
#49=B_SPLINE_CURVE_WITH_KNOTS('',3,(#7014,#7015,#7016,#7017),
 .UNSPECIFIED.,.F.,.F.,(4,4),(0.,1.),.UNSPECIFIED.);
#50=CONTEXT_DEPENDENT_SHAPE_REPRESENTATION(#192,#7183);
#51=CONTEXT_DEPENDENT_SHAPE_REPRESENTATION(#193,#7185);
#52=CONTEXT_DEPENDENT_SHAPE_REPRESENTATION(#194,#7190);
#53=CONTEXT_DEPENDENT_SHAPE_REPRESENTATION(#195,#7191);
#54=CONTEXT_DEPENDENT_SHAPE_REPRESENTATION(#196,#7193);
#55=CONTEXT_DEPENDENT_SHAPE_REPRESENTATION(#197,#7194);
#56=CONTEXT_DEPENDENT_SHAPE_REPRESENTATION(#198,#7196);
#57=CONTEXT_DEPENDENT_SHAPE_REPRESENTATION(#199,#7197);
#58=CONTEXT_DEPENDENT_SHAPE_REPRESENTATION(#200,#7198);
#59=CONTEXT_DEPENDENT_SHAPE_REPRESENTATION(#201,#7199);
#60=CONTEXT_DEPENDENT_SHAPE_REPRESENTATION(#202,#7201);
#61=CONTEXT_DEPENDENT_SHAPE_REPRESENTATION(#203,#7202);
#62=CONTEXT_DEPENDENT_SHAPE_REPRESENTATION(#204,#7203);
#63=CONTEXT_DEPENDENT_SHAPE_REPRESENTATION(#205,#7204);
#64=CONTEXT_DEPENDENT_SHAPE_REPRESENTATION(#206,#7206);
#65=CONTEXT_DEPENDENT_SHAPE_REPRESENTATION(#207,#7207);
#66=CONTEXT_DEPENDENT_SHAPE_REPRESENTATION(#208,#7208);
#67=CONTEXT_DEPENDENT_SHAPE_REPRESENTATION(#209,#7209);
#68=CONTEXT_DEPENDENT_SHAPE_REPRESENTATION(#210,#7210);
#69=CONTEXT_DEPENDENT_SHAPE_REPRESENTATION(#211,#7213);
#70=CONTEXT_DEPENDENT_SHAPE_REPRESENTATION(#212,#7214);
#71=CONTEXT_DEPENDENT_SHAPE_REPRESENTATION(#213,#7215);
#72=CONTEXT_DEPENDENT_SHAPE_REPRESENTATION(#214,#7216);
#73=CONTEXT_DEPENDENT_SHAPE_REPRESENTATION(#215,#7218);
#74=CONTEXT_DEPENDENT_SHAPE_REPRESENTATION(#216,#7219);
#75=CONTEXT_DEPENDENT_SHAPE_REPRESENTATION(#217,#7220);
#76=CONTEXT_DEPENDENT_SHAPE_REPRESENTATION(#218,#7221);
#77=CONTEXT_DEPENDENT_SHAPE_REPRESENTATION(#219,#7223);
#78=CONTEXT_DEPENDENT_SHAPE_REPRESENTATION(#220,#7224);
#79=CONTEXT_DEPENDENT_SHAPE_REPRESENTATION(#221,#7225);
#80=CONTEXT_DEPENDENT_SHAPE_REPRESENTATION(#222,#7226);
#81=CONTEXT_DEPENDENT_SHAPE_REPRESENTATION(#223,#7228);
#82=CONTEXT_DEPENDENT_SHAPE_REPRESENTATION(#224,#7229);
#83=CONTEXT_DEPENDENT_SHAPE_REPRESENTATION(#225,#7230);
#84=CONTEXT_DEPENDENT_SHAPE_REPRESENTATION(#226,#7231);
#85=CONTEXT_DEPENDENT_SHAPE_REPRESENTATION(#227,#7232);
#86=CONTEXT_DEPENDENT_SHAPE_REPRESENTATION(#228,#7235);
#87=CONTEXT_DEPENDENT_SHAPE_REPRESENTATION(#229,#7236);
#88=CONTEXT_DEPENDENT_SHAPE_REPRESENTATION(#230,#7237);
#89=CONTEXT_DEPENDENT_SHAPE_REPRESENTATION(#231,#7238);
#90=CONTEXT_DEPENDENT_SHAPE_REPRESENTATION(#232,#7240);
#91=CONTEXT_DEPENDENT_SHAPE_REPRESENTATION(#233,#7241);
#92=CONTEXT_DEPENDENT_SHAPE_REPRESENTATION(#234,#7242);
#93=CONTEXT_DEPENDENT_SHAPE_REPRESENTATION(#235,#7243);
#94=CONTEXT_DEPENDENT_SHAPE_REPRESENTATION(#236,#7245);
#95=CONTEXT_DEPENDENT_SHAPE_REPRESENTATION(#237,#7246);
#96=CONTEXT_DEPENDENT_SHAPE_REPRESENTATION(#238,#7247);
#97=CONTEXT_DEPENDENT_SHAPE_REPRESENTATION(#239,#7248);
#98=CONTEXT_DEPENDENT_SHAPE_REPRESENTATION(#240,#7250);
#99=CONTEXT_DEPENDENT_SHAPE_REPRESENTATION(#241,#7251);
#100=CONTEXT_DEPENDENT_SHAPE_REPRESENTATION(#242,#7252);
#101=CONTEXT_DEPENDENT_SHAPE_REPRESENTATION(#243,#7253);
#102=CONTEXT_DEPENDENT_SHAPE_REPRESENTATION(#244,#7254);
#103=CONTEXT_DEPENDENT_SHAPE_REPRESENTATION(#245,#7257);
#104=CONTEXT_DEPENDENT_SHAPE_REPRESENTATION(#246,#7258);
#105=CONTEXT_DEPENDENT_SHAPE_REPRESENTATION(#247,#7259);
#106=CONTEXT_DEPENDENT_SHAPE_REPRESENTATION(#248,#7260);
#107=CONTEXT_DEPENDENT_SHAPE_REPRESENTATION(#249,#7262);
#108=CONTEXT_DEPENDENT_SHAPE_REPRESENTATION(#250,#7263);
#109=CONTEXT_DEPENDENT_SHAPE_REPRESENTATION(#251,#7264);
#110=CONTEXT_DEPENDENT_SHAPE_REPRESENTATION(#252,#7265);
#111=CONTEXT_DEPENDENT_SHAPE_REPRESENTATION(#253,#7267);
#112=CONTEXT_DEPENDENT_SHAPE_REPRESENTATION(#254,#7268);
#113=CONTEXT_DEPENDENT_SHAPE_REPRESENTATION(#255,#7269);
#114=CONTEXT_DEPENDENT_SHAPE_REPRESENTATION(#256,#7270);
#115=CONTEXT_DEPENDENT_SHAPE_REPRESENTATION(#257,#7272);
#116=CONTEXT_DEPENDENT_SHAPE_REPRESENTATION(#258,#7273);
#117=CONTEXT_DEPENDENT_SHAPE_REPRESENTATION(#259,#7274);
#118=CONTEXT_DEPENDENT_SHAPE_REPRESENTATION(#260,#7275);
#119=CONTEXT_DEPENDENT_SHAPE_REPRESENTATION(#261,#7276);
#120=CONTEXT_DEPENDENT_SHAPE_REPRESENTATION(#262,#7277);
#121=NEXT_ASSEMBLY_USAGE_OCCURRENCE('NAUO1','Part 1','Part 1',#7278,#7279,
'');
#122=NEXT_ASSEMBLY_USAGE_OCCURRENCE('NAUO2','Part 1','Part 1',#7278,#7280,
'');
#123=NEXT_ASSEMBLY_USAGE_OCCURRENCE('NAUO3','Part 1','Part 1',#7283,#7284,
'');
#124=NEXT_ASSEMBLY_USAGE_OCCURRENCE('NAUO4','Part 1','Part 1',#7283,#7284,
'');
#125=NEXT_ASSEMBLY_USAGE_OCCURRENCE('NAUO5','CELL-21700','CELL-21700',#7283,
#7285,'');
#126=NEXT_ASSEMBLY_USAGE_OCCURRENCE('NAUO6','Z Sub Assembly <2>',
'Z Sub Assembly <2>',#7282,#7283,'');
#127=NEXT_ASSEMBLY_USAGE_OCCURRENCE('NAUO7','Part 1','Part 1',#7286,#7284,
'');
#128=NEXT_ASSEMBLY_USAGE_OCCURRENCE('NAUO8','CELL-21700','CELL-21700',#7286,
#7285,'');
#129=NEXT_ASSEMBLY_USAGE_OCCURRENCE('NAUO9','Part 1','Part 1',#7286,#7284,
'');
#130=NEXT_ASSEMBLY_USAGE_OCCURRENCE('NAUO10','Z Sub Assembly <1>',
'Z Sub Assembly <1>',#7282,#7286,'');
#131=NEXT_ASSEMBLY_USAGE_OCCURRENCE('NAUO11','CELL-21700','CELL-21700',
#7287,#7285,'');
#132=NEXT_ASSEMBLY_USAGE_OCCURRENCE('NAUO12','Part 1','Part 1',#7287,#7284,
'');
#133=NEXT_ASSEMBLY_USAGE_OCCURRENCE('NAUO13','Part 1','Part 1',#7287,#7284,
'');
#134=NEXT_ASSEMBLY_USAGE_OCCURRENCE('NAUO14','Z Sub Assembly <3>',
'Z Sub Assembly <3>',#7282,#7287,'');
#135=NEXT_ASSEMBLY_USAGE_OCCURRENCE('NAUO15','CELL-21700','CELL-21700',
#7288,#7285,'');
#136=NEXT_ASSEMBLY_USAGE_OCCURRENCE('NAUO16','Part 1','Part 1',#7288,#7284,
'');
#137=NEXT_ASSEMBLY_USAGE_OCCURRENCE('NAUO17','Part 1','Part 1',#7288,#7284,
'');
#138=NEXT_ASSEMBLY_USAGE_OCCURRENCE('NAUO18','Z Sub Assembly <4>',
'Z Sub Assembly <4>',#7282,#7288,'');
#139=NEXT_ASSEMBLY_USAGE_OCCURRENCE('NAUO19','4-Cells <2>',
'4-Cells <2>',#7281,#7282,'');
#140=NEXT_ASSEMBLY_USAGE_OCCURRENCE('NAUO20','Part 1','Part 1',#7290,#7284,
'');
#141=NEXT_ASSEMBLY_USAGE_OCCURRENCE('NAUO21','CELL-21700','CELL-21700',
#7290,#7285,'');
#142=NEXT_ASSEMBLY_USAGE_OCCURRENCE('NAUO22','Part 1','Part 1',#7290,#7284,
'');
#143=NEXT_ASSEMBLY_USAGE_OCCURRENCE('NAUO23','Z Sub Assembly <1>',
'Z Sub Assembly <1>',#7289,#7290,'');
#144=NEXT_ASSEMBLY_USAGE_OCCURRENCE('NAUO24','Part 1','Part 1',#7291,#7284,
'');
#145=NEXT_ASSEMBLY_USAGE_OCCURRENCE('NAUO25','Part 1','Part 1',#7291,#7284,
'');
#146=NEXT_ASSEMBLY_USAGE_OCCURRENCE('NAUO26','CELL-21700','CELL-21700',
#7291,#7285,'');
#147=NEXT_ASSEMBLY_USAGE_OCCURRENCE('NAUO27','Z Sub Assembly <2>',
'Z Sub Assembly <2>',#7289,#7291,'');
#148=NEXT_ASSEMBLY_USAGE_OCCURRENCE('NAUO28','CELL-21700','CELL-21700',
#7292,#7285,'');
#149=NEXT_ASSEMBLY_USAGE_OCCURRENCE('NAUO29','Part 1','Part 1',#7292,#7284,
'');
#150=NEXT_ASSEMBLY_USAGE_OCCURRENCE('NAUO30','Part 1','Part 1',#7292,#7284,
'');
#151=NEXT_ASSEMBLY_USAGE_OCCURRENCE('NAUO31','Z Sub Assembly <3>',
'Z Sub Assembly <3>',#7289,#7292,'');
#152=NEXT_ASSEMBLY_USAGE_OCCURRENCE('NAUO32','Part 1','Part 1',#7293,#7284,
'');
#153=NEXT_ASSEMBLY_USAGE_OCCURRENCE('NAUO33','CELL-21700','CELL-21700',
#7293,#7285,'');
#154=NEXT_ASSEMBLY_USAGE_OCCURRENCE('NAUO34','Part 1','Part 1',#7293,#7284,
'');
#155=NEXT_ASSEMBLY_USAGE_OCCURRENCE('NAUO35','Z Sub Assembly <4>',
'Z Sub Assembly <4>',#7289,#7293,'');
#156=NEXT_ASSEMBLY_USAGE_OCCURRENCE('NAUO36','4-Cells <3>',
'4-Cells <3>',#7281,#7289,'');
#157=NEXT_ASSEMBLY_USAGE_OCCURRENCE('NAUO37','Part 1','Part 1',#7295,#7284,
'');
#158=NEXT_ASSEMBLY_USAGE_OCCURRENCE('NAUO38','Part 1','Part 1',#7295,#7284,
'');
#159=NEXT_ASSEMBLY_USAGE_OCCURRENCE('NAUO39','CELL-21700','CELL-21700',
#7295,#7285,'');
#160=NEXT_ASSEMBLY_USAGE_OCCURRENCE('NAUO40','Z Sub Assembly <1>',
'Z Sub Assembly <1>',#7294,#7295,'');
#161=NEXT_ASSEMBLY_USAGE_OCCURRENCE('NAUO41','Part 1','Part 1',#7296,#7284,
'');
#162=NEXT_ASSEMBLY_USAGE_OCCURRENCE('NAUO42','CELL-21700','CELL-21700',
#7296,#7285,'');
#163=NEXT_ASSEMBLY_USAGE_OCCURRENCE('NAUO43','Part 1','Part 1',#7296,#7284,
'');
#164=NEXT_ASSEMBLY_USAGE_OCCURRENCE('NAUO44','Z Sub Assembly <3>',
'Z Sub Assembly <3>',#7294,#7296,'');
#165=NEXT_ASSEMBLY_USAGE_OCCURRENCE('NAUO45','CELL-21700','CELL-21700',
#7297,#7285,'');
#166=NEXT_ASSEMBLY_USAGE_OCCURRENCE('NAUO46','Part 1','Part 1',#7297,#7284,
'');
#167=NEXT_ASSEMBLY_USAGE_OCCURRENCE('NAUO47','Part 1','Part 1',#7297,#7284,
'');
#168=NEXT_ASSEMBLY_USAGE_OCCURRENCE('NAUO48','Z Sub Assembly <2>',
'Z Sub Assembly <2>',#7294,#7297,'');
#169=NEXT_ASSEMBLY_USAGE_OCCURRENCE('NAUO49','Part 1','Part 1',#7298,#7284,
'');
#170=NEXT_ASSEMBLY_USAGE_OCCURRENCE('NAUO50','Part 1','Part 1',#7298,#7284,
'');
#171=NEXT_ASSEMBLY_USAGE_OCCURRENCE('NAUO51','CELL-21700','CELL-21700',
#7298,#7285,'');
#172=NEXT_ASSEMBLY_USAGE_OCCURRENCE('NAUO52','Z Sub Assembly <4>',
'Z Sub Assembly <4>',#7294,#7298,'');
#173=NEXT_ASSEMBLY_USAGE_OCCURRENCE('NAUO53','4-Cells <1>',
'4-Cells <1>',#7281,#7294,'');
#174=NEXT_ASSEMBLY_USAGE_OCCURRENCE('NAUO54','Part 1','Part 1',#7300,#7284,
'');
#175=NEXT_ASSEMBLY_USAGE_OCCURRENCE('NAUO55','CELL-21700','CELL-21700',
#7300,#7285,'');
#176=NEXT_ASSEMBLY_USAGE_OCCURRENCE('NAUO56','Part 1','Part 1',#7300,#7284,
'');
#177=NEXT_ASSEMBLY_USAGE_OCCURRENCE('NAUO57','Z Sub Assembly <2>',
'Z Sub Assembly <2>',#7299,#7300,'');
#178=NEXT_ASSEMBLY_USAGE_OCCURRENCE('NAUO58','CELL-21700','CELL-21700',
#7301,#7285,'');
#179=NEXT_ASSEMBLY_USAGE_OCCURRENCE('NAUO59','Part 1','Part 1',#7301,#7284,
'');
#180=NEXT_ASSEMBLY_USAGE_OCCURRENCE('NAUO60','Part 1','Part 1',#7301,#7284,
'');
#181=NEXT_ASSEMBLY_USAGE_OCCURRENCE('NAUO61','Z Sub Assembly <3>',
'Z Sub Assembly <3>',#7299,#7301,'');
#182=NEXT_ASSEMBLY_USAGE_OCCURRENCE('NAUO62','Part 1','Part 1',#7302,#7284,
'');
#183=NEXT_ASSEMBLY_USAGE_OCCURRENCE('NAUO63','Part 1','Part 1',#7302,#7284,
'');
#184=NEXT_ASSEMBLY_USAGE_OCCURRENCE('NAUO64','CELL-21700','CELL-21700',
#7302,#7285,'');
#185=NEXT_ASSEMBLY_USAGE_OCCURRENCE('NAUO65','Z Sub Assembly <1>',
'Z Sub Assembly <1>',#7299,#7302,'');
#186=NEXT_ASSEMBLY_USAGE_OCCURRENCE('NAUO66','Part 1','Part 1',#7303,#7284,
'');
#187=NEXT_ASSEMBLY_USAGE_OCCURRENCE('NAUO67','Part 1','Part 1',#7303,#7284,
'');
#188=NEXT_ASSEMBLY_USAGE_OCCURRENCE('NAUO68','CELL-21700','CELL-21700',
#7303,#7285,'');
#189=NEXT_ASSEMBLY_USAGE_OCCURRENCE('NAUO69','Z Sub Assembly <4>',
'Z Sub Assembly <4>',#7299,#7303,'');
#190=NEXT_ASSEMBLY_USAGE_OCCURRENCE('NAUO70','4-Cells <4>',
'4-Cells <4>',#7281,#7299,'');
#191=NEXT_ASSEMBLY_USAGE_OCCURRENCE('NAUO71','Assembly 1 <1>',
'Assembly 1 <1>',#7278,#7281,'');
#192=(
REPRESENTATION_RELATIONSHIP(' ',' ',#3995,#3994)
REPRESENTATION_RELATIONSHIP_WITH_TRANSFORMATION(#263)
SHAPE_REPRESENTATION_RELATIONSHIP()
);
#193=(
REPRESENTATION_RELATIONSHIP(' ',' ',#3996,#3994)
REPRESENTATION_RELATIONSHIP_WITH_TRANSFORMATION(#264)
SHAPE_REPRESENTATION_RELATIONSHIP()
);
#194=(
REPRESENTATION_RELATIONSHIP(' ',' ',#4000,#3999)
REPRESENTATION_RELATIONSHIP_WITH_TRANSFORMATION(#265)
SHAPE_REPRESENTATION_RELATIONSHIP()
);
#195=(
REPRESENTATION_RELATIONSHIP(' ',' ',#4000,#3999)
REPRESENTATION_RELATIONSHIP_WITH_TRANSFORMATION(#266)
SHAPE_REPRESENTATION_RELATIONSHIP()
);
#196=(
REPRESENTATION_RELATIONSHIP(' ',' ',#4001,#3999)
REPRESENTATION_RELATIONSHIP_WITH_TRANSFORMATION(#267)
SHAPE_REPRESENTATION_RELATIONSHIP()
);
#197=(
REPRESENTATION_RELATIONSHIP(' ',' ',#3999,#3998)
REPRESENTATION_RELATIONSHIP_WITH_TRANSFORMATION(#268)
SHAPE_REPRESENTATION_RELATIONSHIP()
);
#198=(
REPRESENTATION_RELATIONSHIP(' ',' ',#4000,#4002)
REPRESENTATION_RELATIONSHIP_WITH_TRANSFORMATION(#269)
SHAPE_REPRESENTATION_RELATIONSHIP()
);
#199=(
REPRESENTATION_RELATIONSHIP(' ',' ',#4001,#4002)
REPRESENTATION_RELATIONSHIP_WITH_TRANSFORMATION(#270)
SHAPE_REPRESENTATION_RELATIONSHIP()
);
#200=(
REPRESENTATION_RELATIONSHIP(' ',' ',#4000,#4002)
REPRESENTATION_RELATIONSHIP_WITH_TRANSFORMATION(#271)
SHAPE_REPRESENTATION_RELATIONSHIP()
);
#201=(
REPRESENTATION_RELATIONSHIP(' ',' ',#4002,#3998)
REPRESENTATION_RELATIONSHIP_WITH_TRANSFORMATION(#272)
SHAPE_REPRESENTATION_RELATIONSHIP()
);
#202=(
REPRESENTATION_RELATIONSHIP(' ',' ',#4001,#4003)
REPRESENTATION_RELATIONSHIP_WITH_TRANSFORMATION(#273)
SHAPE_REPRESENTATION_RELATIONSHIP()
);
#203=(
REPRESENTATION_RELATIONSHIP(' ',' ',#4000,#4003)
REPRESENTATION_RELATIONSHIP_WITH_TRANSFORMATION(#274)
SHAPE_REPRESENTATION_RELATIONSHIP()
);
#204=(
REPRESENTATION_RELATIONSHIP(' ',' ',#4000,#4003)
REPRESENTATION_RELATIONSHIP_WITH_TRANSFORMATION(#275)
SHAPE_REPRESENTATION_RELATIONSHIP()
);
#205=(
REPRESENTATION_RELATIONSHIP(' ',' ',#4003,#3998)
REPRESENTATION_RELATIONSHIP_WITH_TRANSFORMATION(#276)
SHAPE_REPRESENTATION_RELATIONSHIP()
);
#206=(
REPRESENTATION_RELATIONSHIP(' ',' ',#4001,#4004)
REPRESENTATION_RELATIONSHIP_WITH_TRANSFORMATION(#277)
SHAPE_REPRESENTATION_RELATIONSHIP()
);
#207=(
REPRESENTATION_RELATIONSHIP(' ',' ',#4000,#4004)
REPRESENTATION_RELATIONSHIP_WITH_TRANSFORMATION(#278)
SHAPE_REPRESENTATION_RELATIONSHIP()
);
#208=(
REPRESENTATION_RELATIONSHIP(' ',' ',#4000,#4004)
REPRESENTATION_RELATIONSHIP_WITH_TRANSFORMATION(#279)
SHAPE_REPRESENTATION_RELATIONSHIP()
);
#209=(
REPRESENTATION_RELATIONSHIP(' ',' ',#4004,#3998)
REPRESENTATION_RELATIONSHIP_WITH_TRANSFORMATION(#280)
SHAPE_REPRESENTATION_RELATIONSHIP()
);
#210=(
REPRESENTATION_RELATIONSHIP(' ',' ',#3998,#3997)
REPRESENTATION_RELATIONSHIP_WITH_TRANSFORMATION(#281)
SHAPE_REPRESENTATION_RELATIONSHIP()
);
#211=(
REPRESENTATION_RELATIONSHIP(' ',' ',#4000,#4006)
REPRESENTATION_RELATIONSHIP_WITH_TRANSFORMATION(#282)
SHAPE_REPRESENTATION_RELATIONSHIP()
);
#212=(
REPRESENTATION_RELATIONSHIP(' ',' ',#4001,#4006)
REPRESENTATION_RELATIONSHIP_WITH_TRANSFORMATION(#283)
SHAPE_REPRESENTATION_RELATIONSHIP()
);
#213=(
REPRESENTATION_RELATIONSHIP(' ',' ',#4000,#4006)
REPRESENTATION_RELATIONSHIP_WITH_TRANSFORMATION(#284)
SHAPE_REPRESENTATION_RELATIONSHIP()
);
#214=(
REPRESENTATION_RELATIONSHIP(' ',' ',#4006,#4005)
REPRESENTATION_RELATIONSHIP_WITH_TRANSFORMATION(#285)
SHAPE_REPRESENTATION_RELATIONSHIP()
);
#215=(
REPRESENTATION_RELATIONSHIP(' ',' ',#4000,#4007)
REPRESENTATION_RELATIONSHIP_WITH_TRANSFORMATION(#286)
SHAPE_REPRESENTATION_RELATIONSHIP()
);
#216=(
REPRESENTATION_RELATIONSHIP(' ',' ',#4000,#4007)
REPRESENTATION_RELATIONSHIP_WITH_TRANSFORMATION(#287)
SHAPE_REPRESENTATION_RELATIONSHIP()
);
#217=(
REPRESENTATION_RELATIONSHIP(' ',' ',#4001,#4007)
REPRESENTATION_RELATIONSHIP_WITH_TRANSFORMATION(#288)
SHAPE_REPRESENTATION_RELATIONSHIP()
);
#218=(
REPRESENTATION_RELATIONSHIP(' ',' ',#4007,#4005)
REPRESENTATION_RELATIONSHIP_WITH_TRANSFORMATION(#289)
SHAPE_REPRESENTATION_RELATIONSHIP()
);
#219=(
REPRESENTATION_RELATIONSHIP(' ',' ',#4001,#4008)
REPRESENTATION_RELATIONSHIP_WITH_TRANSFORMATION(#290)
SHAPE_REPRESENTATION_RELATIONSHIP()
);
#220=(
REPRESENTATION_RELATIONSHIP(' ',' ',#4000,#4008)
REPRESENTATION_RELATIONSHIP_WITH_TRANSFORMATION(#291)
SHAPE_REPRESENTATION_RELATIONSHIP()
);
#221=(
REPRESENTATION_RELATIONSHIP(' ',' ',#4000,#4008)
REPRESENTATION_RELATIONSHIP_WITH_TRANSFORMATION(#292)
SHAPE_REPRESENTATION_RELATIONSHIP()
);
#222=(
REPRESENTATION_RELATIONSHIP(' ',' ',#4008,#4005)
REPRESENTATION_RELATIONSHIP_WITH_TRANSFORMATION(#293)
SHAPE_REPRESENTATION_RELATIONSHIP()
);
#223=(
REPRESENTATION_RELATIONSHIP(' ',' ',#4000,#4009)
REPRESENTATION_RELATIONSHIP_WITH_TRANSFORMATION(#294)
SHAPE_REPRESENTATION_RELATIONSHIP()
);
#224=(
REPRESENTATION_RELATIONSHIP(' ',' ',#4001,#4009)
REPRESENTATION_RELATIONSHIP_WITH_TRANSFORMATION(#295)
SHAPE_REPRESENTATION_RELATIONSHIP()
);
#225=(
REPRESENTATION_RELATIONSHIP(' ',' ',#4000,#4009)
REPRESENTATION_RELATIONSHIP_WITH_TRANSFORMATION(#296)
SHAPE_REPRESENTATION_RELATIONSHIP()
);
#226=(
REPRESENTATION_RELATIONSHIP(' ',' ',#4009,#4005)
REPRESENTATION_RELATIONSHIP_WITH_TRANSFORMATION(#297)
SHAPE_REPRESENTATION_RELATIONSHIP()
);
#227=(
REPRESENTATION_RELATIONSHIP(' ',' ',#4005,#3997)
REPRESENTATION_RELATIONSHIP_WITH_TRANSFORMATION(#298)
SHAPE_REPRESENTATION_RELATIONSHIP()
);
#228=(
REPRESENTATION_RELATIONSHIP(' ',' ',#4000,#4011)
REPRESENTATION_RELATIONSHIP_WITH_TRANSFORMATION(#299)
SHAPE_REPRESENTATION_RELATIONSHIP()
);
#229=(
REPRESENTATION_RELATIONSHIP(' ',' ',#4000,#4011)
REPRESENTATION_RELATIONSHIP_WITH_TRANSFORMATION(#300)
SHAPE_REPRESENTATION_RELATIONSHIP()
);
#230=(
REPRESENTATION_RELATIONSHIP(' ',' ',#4001,#4011)
REPRESENTATION_RELATIONSHIP_WITH_TRANSFORMATION(#301)
SHAPE_REPRESENTATION_RELATIONSHIP()
);
#231=(
REPRESENTATION_RELATIONSHIP(' ',' ',#4011,#4010)
REPRESENTATION_RELATIONSHIP_WITH_TRANSFORMATION(#302)
SHAPE_REPRESENTATION_RELATIONSHIP()
);
#232=(
REPRESENTATION_RELATIONSHIP(' ',' ',#4000,#4012)
REPRESENTATION_RELATIONSHIP_WITH_TRANSFORMATION(#303)
SHAPE_REPRESENTATION_RELATIONSHIP()
);
#233=(
REPRESENTATION_RELATIONSHIP(' ',' ',#4001,#4012)
REPRESENTATION_RELATIONSHIP_WITH_TRANSFORMATION(#304)
SHAPE_REPRESENTATION_RELATIONSHIP()
);
#234=(
REPRESENTATION_RELATIONSHIP(' ',' ',#4000,#4012)
REPRESENTATION_RELATIONSHIP_WITH_TRANSFORMATION(#305)
SHAPE_REPRESENTATION_RELATIONSHIP()
);
#235=(
REPRESENTATION_RELATIONSHIP(' ',' ',#4012,#4010)
REPRESENTATION_RELATIONSHIP_WITH_TRANSFORMATION(#306)
SHAPE_REPRESENTATION_RELATIONSHIP()
);
#236=(
REPRESENTATION_RELATIONSHIP(' ',' ',#4001,#4013)
REPRESENTATION_RELATIONSHIP_WITH_TRANSFORMATION(#307)
SHAPE_REPRESENTATION_RELATIONSHIP()
);
#237=(
REPRESENTATION_RELATIONSHIP(' ',' ',#4000,#4013)
REPRESENTATION_RELATIONSHIP_WITH_TRANSFORMATION(#308)
SHAPE_REPRESENTATION_RELATIONSHIP()
);
#238=(
REPRESENTATION_RELATIONSHIP(' ',' ',#4000,#4013)
REPRESENTATION_RELATIONSHIP_WITH_TRANSFORMATION(#309)
SHAPE_REPRESENTATION_RELATIONSHIP()
);
#239=(
REPRESENTATION_RELATIONSHIP(' ',' ',#4013,#4010)
REPRESENTATION_RELATIONSHIP_WITH_TRANSFORMATION(#310)
SHAPE_REPRESENTATION_RELATIONSHIP()
);
#240=(
REPRESENTATION_RELATIONSHIP(' ',' ',#4000,#4014)
REPRESENTATION_RELATIONSHIP_WITH_TRANSFORMATION(#311)
SHAPE_REPRESENTATION_RELATIONSHIP()
);
#241=(
REPRESENTATION_RELATIONSHIP(' ',' ',#4000,#4014)
REPRESENTATION_RELATIONSHIP_WITH_TRANSFORMATION(#312)
SHAPE_REPRESENTATION_RELATIONSHIP()
);
#242=(
REPRESENTATION_RELATIONSHIP(' ',' ',#4001,#4014)
REPRESENTATION_RELATIONSHIP_WITH_TRANSFORMATION(#313)
SHAPE_REPRESENTATION_RELATIONSHIP()
);
#243=(
REPRESENTATION_RELATIONSHIP(' ',' ',#4014,#4010)
REPRESENTATION_RELATIONSHIP_WITH_TRANSFORMATION(#314)
SHAPE_REPRESENTATION_RELATIONSHIP()
);
#244=(
REPRESENTATION_RELATIONSHIP(' ',' ',#4010,#3997)
REPRESENTATION_RELATIONSHIP_WITH_TRANSFORMATION(#315)
SHAPE_REPRESENTATION_RELATIONSHIP()
);
#245=(
REPRESENTATION_RELATIONSHIP(' ',' ',#4000,#4016)
REPRESENTATION_RELATIONSHIP_WITH_TRANSFORMATION(#316)
SHAPE_REPRESENTATION_RELATIONSHIP()
);
#246=(
REPRESENTATION_RELATIONSHIP(' ',' ',#4001,#4016)
REPRESENTATION_RELATIONSHIP_WITH_TRANSFORMATION(#317)
SHAPE_REPRESENTATION_RELATIONSHIP()
);
#247=(
REPRESENTATION_RELATIONSHIP(' ',' ',#4000,#4016)
REPRESENTATION_RELATIONSHIP_WITH_TRANSFORMATION(#318)
SHAPE_REPRESENTATION_RELATIONSHIP()
);
#248=(
REPRESENTATION_RELATIONSHIP(' ',' ',#4016,#4015)
REPRESENTATION_RELATIONSHIP_WITH_TRANSFORMATION(#319)
SHAPE_REPRESENTATION_RELATIONSHIP()
);
#249=(
REPRESENTATION_RELATIONSHIP(' ',' ',#4001,#4017)
REPRESENTATION_RELATIONSHIP_WITH_TRANSFORMATION(#320)
SHAPE_REPRESENTATION_RELATIONSHIP()
);
#250=(
REPRESENTATION_RELATIONSHIP(' ',' ',#4000,#4017)
REPRESENTATION_RELATIONSHIP_WITH_TRANSFORMATION(#321)
SHAPE_REPRESENTATION_RELATIONSHIP()
);
#251=(
REPRESENTATION_RELATIONSHIP(' ',' ',#4000,#4017)
REPRESENTATION_RELATIONSHIP_WITH_TRANSFORMATION(#322)
SHAPE_REPRESENTATION_RELATIONSHIP()
);
#252=(
REPRESENTATION_RELATIONSHIP(' ',' ',#4017,#4015)
REPRESENTATION_RELATIONSHIP_WITH_TRANSFORMATION(#323)
SHAPE_REPRESENTATION_RELATIONSHIP()
);
#253=(
REPRESENTATION_RELATIONSHIP(' ',' ',#4000,#4018)
REPRESENTATION_RELATIONSHIP_WITH_TRANSFORMATION(#324)
SHAPE_REPRESENTATION_RELATIONSHIP()
);
#254=(
REPRESENTATION_RELATIONSHIP(' ',' ',#4000,#4018)
REPRESENTATION_RELATIONSHIP_WITH_TRANSFORMATION(#325)
SHAPE_REPRESENTATION_RELATIONSHIP()
);
#255=(
REPRESENTATION_RELATIONSHIP(' ',' ',#4001,#4018)
REPRESENTATION_RELATIONSHIP_WITH_TRANSFORMATION(#326)
SHAPE_REPRESENTATION_RELATIONSHIP()
);
#256=(
REPRESENTATION_RELATIONSHIP(' ',' ',#4018,#4015)
REPRESENTATION_RELATIONSHIP_WITH_TRANSFORMATION(#327)
SHAPE_REPRESENTATION_RELATIONSHIP()
);
#257=(
REPRESENTATION_RELATIONSHIP(' ',' ',#4000,#4019)
REPRESENTATION_RELATIONSHIP_WITH_TRANSFORMATION(#328)
SHAPE_REPRESENTATION_RELATIONSHIP()
);
#258=(
REPRESENTATION_RELATIONSHIP(' ',' ',#4000,#4019)
REPRESENTATION_RELATIONSHIP_WITH_TRANSFORMATION(#329)
SHAPE_REPRESENTATION_RELATIONSHIP()
);
#259=(
REPRESENTATION_RELATIONSHIP(' ',' ',#4001,#4019)
REPRESENTATION_RELATIONSHIP_WITH_TRANSFORMATION(#330)
SHAPE_REPRESENTATION_RELATIONSHIP()
);
#260=(
REPRESENTATION_RELATIONSHIP(' ',' ',#4019,#4015)
REPRESENTATION_RELATIONSHIP_WITH_TRANSFORMATION(#331)
SHAPE_REPRESENTATION_RELATIONSHIP()
);
#261=(
REPRESENTATION_RELATIONSHIP(' ',' ',#4015,#3997)
REPRESENTATION_RELATIONSHIP_WITH_TRANSFORMATION(#332)
SHAPE_REPRESENTATION_RELATIONSHIP()
);
#262=(
REPRESENTATION_RELATIONSHIP(' ',' ',#3997,#3994)
REPRESENTATION_RELATIONSHIP_WITH_TRANSFORMATION(#333)
SHAPE_REPRESENTATION_RELATIONSHIP()
);
#263=ITEM_DEFINED_TRANSFORMATION(' ',' ',#4020,#4076);
#264=ITEM_DEFINED_TRANSFORMATION(' ',' ',#4020,#4083);
#265=ITEM_DEFINED_TRANSFORMATION(' ',' ',#4020,#4137);
#266=ITEM_DEFINED_TRANSFORMATION(' ',' ',#4020,#4138);
#267=ITEM_DEFINED_TRANSFORMATION(' ',' ',#4020,#4486);
#268=ITEM_DEFINED_TRANSFORMATION(' ',' ',#4020,#4487);
#269=ITEM_DEFINED_TRANSFORMATION(' ',' ',#4020,#4488);
#270=ITEM_DEFINED_TRANSFORMATION(' ',' ',#4020,#4489);
#271=ITEM_DEFINED_TRANSFORMATION(' ',' ',#4020,#4490);
#272=ITEM_DEFINED_TRANSFORMATION(' ',' ',#4020,#4491);
#273=ITEM_DEFINED_TRANSFORMATION(' ',' ',#4020,#4492);
#274=ITEM_DEFINED_TRANSFORMATION(' ',' ',#4020,#4493);
#275=ITEM_DEFINED_TRANSFORMATION(' ',' ',#4020,#4494);
#276=ITEM_DEFINED_TRANSFORMATION(' ',' ',#4020,#4495);
#277=ITEM_DEFINED_TRANSFORMATION(' ',' ',#4020,#4496);
#278=ITEM_DEFINED_TRANSFORMATION(' ',' ',#4020,#4497);
#279=ITEM_DEFINED_TRANSFORMATION(' ',' ',#4020,#4498);
#280=ITEM_DEFINED_TRANSFORMATION(' ',' ',#4020,#4499);
#281=ITEM_DEFINED_TRANSFORMATION(' ',' ',#4020,#4500);
#282=ITEM_DEFINED_TRANSFORMATION(' ',' ',#4020,#4501);
#283=ITEM_DEFINED_TRANSFORMATION(' ',' ',#4020,#4502);
#284=ITEM_DEFINED_TRANSFORMATION(' ',' ',#4020,#4503);
#285=ITEM_DEFINED_TRANSFORMATION(' ',' ',#4020,#4504);
#286=ITEM_DEFINED_TRANSFORMATION(' ',' ',#4020,#4505);
#287=ITEM_DEFINED_TRANSFORMATION(' ',' ',#4020,#4506);
#288=ITEM_DEFINED_TRANSFORMATION(' ',' ',#4020,#4507);
#289=ITEM_DEFINED_TRANSFORMATION(' ',' ',#4020,#4508);
#290=ITEM_DEFINED_TRANSFORMATION(' ',' ',#4020,#4509);
#291=ITEM_DEFINED_TRANSFORMATION(' ',' ',#4020,#4510);
#292=ITEM_DEFINED_TRANSFORMATION(' ',' ',#4020,#4511);
#293=ITEM_DEFINED_TRANSFORMATION(' ',' ',#4020,#4512);
#294=ITEM_DEFINED_TRANSFORMATION(' ',' ',#4020,#4513);
#295=ITEM_DEFINED_TRANSFORMATION(' ',' ',#4020,#4514);
#296=ITEM_DEFINED_TRANSFORMATION(' ',' ',#4020,#4515);
#297=ITEM_DEFINED_TRANSFORMATION(' ',' ',#4020,#4516);
#298=ITEM_DEFINED_TRANSFORMATION(' ',' ',#4020,#4517);
#299=ITEM_DEFINED_TRANSFORMATION(' ',' ',#4020,#4518);
#300=ITEM_DEFINED_TRANSFORMATION(' ',' ',#4020,#4519);
#301=ITEM_DEFINED_TRANSFORMATION(' ',' ',#4020,#4520);
#302=ITEM_DEFINED_TRANSFORMATION(' ',' ',#4020,#4521);
#303=ITEM_DEFINED_TRANSFORMATION(' ',' ',#4020,#4522);
#304=ITEM_DEFINED_TRANSFORMATION(' ',' ',#4020,#4523);
#305=ITEM_DEFINED_TRANSFORMATION(' ',' ',#4020,#4524);
#306=ITEM_DEFINED_TRANSFORMATION(' ',' ',#4020,#4525);
#307=ITEM_DEFINED_TRANSFORMATION(' ',' ',#4020,#4526);
#308=ITEM_DEFINED_TRANSFORMATION(' ',' ',#4020,#4527);
#309=ITEM_DEFINED_TRANSFORMATION(' ',' ',#4020,#4528);
#310=ITEM_DEFINED_TRANSFORMATION(' ',' ',#4020,#4529);
#311=ITEM_DEFINED_TRANSFORMATION(' ',' ',#4020,#4530);
#312=ITEM_DEFINED_TRANSFORMATION(' ',' ',#4020,#4531);
#313=ITEM_DEFINED_TRANSFORMATION(' ',' ',#4020,#4532);
#314=ITEM_DEFINED_TRANSFORMATION(' ',' ',#4020,#4533);
#315=ITEM_DEFINED_TRANSFORMATION(' ',' ',#4020,#4534);
#316=ITEM_DEFINED_TRANSFORMATION(' ',' ',#4020,#4535);
#317=ITEM_DEFINED_TRANSFORMATION(' ',' ',#4020,#4536);
#318=ITEM_DEFINED_TRANSFORMATION(' ',' ',#4020,#4537);
#319=ITEM_DEFINED_TRANSFORMATION(' ',' ',#4020,#4538);
#320=ITEM_DEFINED_TRANSFORMATION(' ',' ',#4020,#4539);
#321=ITEM_DEFINED_TRANSFORMATION(' ',' ',#4020,#4540);
#322=ITEM_DEFINED_TRANSFORMATION(' ',' ',#4020,#4541);
#323=ITEM_DEFINED_TRANSFORMATION(' ',' ',#4020,#4542);
#324=ITEM_DEFINED_TRANSFORMATION(' ',' ',#4020,#4543);
#325=ITEM_DEFINED_TRANSFORMATION(' ',' ',#4020,#4544);
#326=ITEM_DEFINED_TRANSFORMATION(' ',' ',#4020,#4545);
#327=ITEM_DEFINED_TRANSFORMATION(' ',' ',#4020,#4546);
#328=ITEM_DEFINED_TRANSFORMATION(' ',' ',#4020,#4547);
#329=ITEM_DEFINED_TRANSFORMATION(' ',' ',#4020,#4548);
#330=ITEM_DEFINED_TRANSFORMATION(' ',' ',#4020,#4549);
#331=ITEM_DEFINED_TRANSFORMATION(' ',' ',#4020,#4550);
#332=ITEM_DEFINED_TRANSFORMATION(' ',' ',#4020,#4551);
#333=ITEM_DEFINED_TRANSFORMATION(' ',' ',#4020,#4552);
#334=SHAPE_REPRESENTATION_RELATIONSHIP('','',#3995,#338);
#335=SHAPE_REPRESENTATION_RELATIONSHIP('','',#3996,#339);
#336=SHAPE_REPRESENTATION_RELATIONSHIP('','',#4000,#340);
#337=SHAPE_REPRESENTATION_RELATIONSHIP('','',#4001,#341);
#338=ADVANCED_BREP_SHAPE_REPRESENTATION('',(#3964),#7127);
#339=ADVANCED_BREP_SHAPE_REPRESENTATION('',(#3965),#7128);
#340=ADVANCED_BREP_SHAPE_REPRESENTATION('',(#3966),#7132);
#341=ADVANCED_BREP_SHAPE_REPRESENTATION('',(#3967),#7133);
#342=SPHERICAL_SURFACE('',#4035,0.002);
#343=SPHERICAL_SURFACE('',#4038,0.002);
#344=SPHERICAL_SURFACE('',#4055,0.002);
#345=SPHERICAL_SURFACE('',#4057,0.002);
#346=SPHERICAL_SURFACE('',#4059,0.002);
#347=SPHERICAL_SURFACE('',#4061,0.002);
#348=SPHERICAL_SURFACE('',#4071,0.002);
#349=SPHERICAL_SURFACE('',#4073,0.002);
#350=CIRCLE('',#4033,0.002);
#351=CIRCLE('',#4034,0.002);
#352=CIRCLE('',#4036,0.002);
#353=CIRCLE('',#4037,0.002);
#354=CIRCLE('',#4039,0.002);
#355=CIRCLE('',#4040,0.002);
#356=CIRCLE('',#4042,0.002);
#357=CIRCLE('',#4044,0.002);
#358=CIRCLE('',#4046,0.002);
#359=CIRCLE('',#4047,0.002);
#360=CIRCLE('',#4049,0.002);
#361=CIRCLE('',#4051,0.002);
#362=CIRCLE('',#4053,0.002);
#363=CIRCLE('',#4054,0.002);
#364=CIRCLE('',#4056,0.002);
#365=CIRCLE('',#4058,0.002);
#366=CIRCLE('',#4060,0.002);
#367=CIRCLE('',#4062,0.002);
#368=CIRCLE('',#4064,0.002);
#369=CIRCLE('',#4066,0.002);
#370=CIRCLE('',#4068,0.002);
#371=CIRCLE('',#4070,0.002);
#372=CIRCLE('',#4072,0.002);
#373=CIRCLE('',#4074,0.002);
#374=CIRCLE('',#4087,0.00954);
#375=CIRCLE('',#4088,0.01089);
#376=CIRCLE('',#4090,0.00954);
#377=CIRCLE('',#4091,0.01089);
#378=CIRCLE('',#4095,0.00954);
#379=CIRCLE('',#4096,0.01089);
#380=CIRCLE('',#4100,0.00954);
#381=CIRCLE('',#4101,0.01089);
#382=CIRCLE('',#4105,0.00954);
#383=CIRCLE('',#4106,0.00774);
#384=CIRCLE('',#4108,0.01089);
#385=CIRCLE('',#4109,0.00954);
#386=CIRCLE('',#4111,0.00954);
#387=CIRCLE('',#4112,0.00954);
#388=CIRCLE('',#4113,0.00954);
#389=CIRCLE('',#4115,0.00774);
#390=CIRCLE('',#4117,0.00774);
#391=CIRCLE('',#4119,0.00774);
#392=CIRCLE('',#4121,0.00774);
#393=CIRCLE('',#4123,0.00774);
#394=CIRCLE('',#4125,0.00774);
#395=CIRCLE('',#4127,0.00774);
#396=CIRCLE('',#4129,0.01089);
#397=CIRCLE('',#4131,0.01089);
#398=CIRCLE('',#4133,0.01089);
#399=CIRCLE('',#4135,0.01089);
#400=CIRCLE('',#4140,0.000411237143142631);
#401=CIRCLE('',#4141,0.000411237143085384);
#402=CIRCLE('',#4142,7.57480013727246E-5);
#403=CIRCLE('',#4143,8.89713016072077E-5);
#404=CIRCLE('',#4144,8.71298438014486E-5);
#405=CIRCLE('',#4145,7.7275387876037E-5);
#406=CIRCLE('',#4146,0.000401487199140216);
#407=CIRCLE('',#4147,0.000401487199194971);
#408=CIRCLE('',#4148,7.41802291101424E-5);
#409=CIRCLE('',#4149,9.11556965755413E-5);
#410=CIRCLE('',#4150,8.71298438014486E-5);
#411=CIRCLE('',#4151,7.72753882069744E-5);
#412=CIRCLE('',#4152,0.000401487199133808);
#413=CIRCLE('',#4153,0.000401487199195173);
#414=CIRCLE('',#4154,7.41802291101424E-5);
#415=CIRCLE('',#4155,9.11556965755413E-5);
#416=CIRCLE('',#4156,9.30822391902186E-5);
#417=CIRCLE('',#4157,7.2556030800846E-5);
#418=CIRCLE('',#4158,0.000411237143083947);
#419=CIRCLE('',#4159,0.00041123714314103);
#420=CIRCLE('',#4160,7.57480013711414E-5);
#421=CIRCLE('',#4161,8.89713016071659E-5);
#422=CIRCLE('',#4162,9.30822391899495E-5);
#423=CIRCLE('',#4163,7.2556030800846E-5);
#424=CIRCLE('',#4165,7.2556030800846E-5);
#425=CIRCLE('',#4167,9.30822391899495E-5);
#426=CIRCLE('',#4171,8.89713016071659E-5);
#427=CIRCLE('',#4173,7.57480013711414E-5);
#428=CIRCLE('',#4175,0.00041123714314103);
#429=CIRCLE('',#4177,0.000411237143083947);
#430=CIRCLE('',#4179,7.2556030800846E-5);
#431=CIRCLE('',#4181,9.30822391902186E-5);
#432=CIRCLE('',#4185,9.11556965755413E-5);
#433=CIRCLE('',#4187,7.41802291101424E-5);
#434=CIRCLE('',#4189,0.000401487199195173);
#435=CIRCLE('',#4191,0.000401487199133808);
#436=CIRCLE('',#4193,7.72753882069744E-5);
#437=CIRCLE('',#4195,8.71298438014486E-5);
#438=CIRCLE('',#4199,9.11556965755413E-5);
#439=CIRCLE('',#4201,7.41802291101424E-5);
#440=CIRCLE('',#4203,0.000401487199194971);
#441=CIRCLE('',#4205,0.000401487199140216);
#442=CIRCLE('',#4207,7.7275387876037E-5);
#443=CIRCLE('',#4209,8.71298438014486E-5);
#444=CIRCLE('',#4213,8.89713016072077E-5);
#445=CIRCLE('',#4215,7.57480013727246E-5);
#446=CIRCLE('',#4217,0.000411237143085384);
#447=CIRCLE('',#4219,0.000411237143142631);
#448=CIRCLE('',#4221,0.000402725681738524);
#449=CIRCLE('',#4222,0.000402725681794031);
#450=CIRCLE('',#4223,7.41802291101424E-5);
#451=CIRCLE('',#4224,8.71298438014486E-5);
#452=CIRCLE('',#4225,8.61276312466879E-5);
#453=CIRCLE('',#4226,7.57480013727246E-5);
#454=CIRCLE('',#4227,0.000393177534481534);
#455=CIRCLE('',#4228,0.000393177534429335);
#456=CIRCLE('',#4229,7.2556030800846E-5);
#457=CIRCLE('',#4230,9.01002184504794E-5);
#458=CIRCLE('',#4231,8.61276312471335E-5);
#459=CIRCLE('',#4232,7.57480013727246E-5);
#460=CIRCLE('',#4233,0.000393177534481331);
#461=CIRCLE('',#4234,0.000393177534481393);
#462=CIRCLE('',#4235,7.2556031107404E-5);
#463=CIRCLE('',#4236,9.01002184506981E-5);
#464=CIRCLE('',#4237,9.11556964671282E-5);
#465=CIRCLE('',#4238,7.11619784630132E-5);
#466=CIRCLE('',#4239,0.000402725681794463);
#467=CIRCLE('',#4240,0.000402725681740231);
#468=CIRCLE('',#4241,7.41802291116765E-5);
#469=CIRCLE('',#4242,8.71298439294339E-5);
#470=CIRCLE('',#4243,9.11556965755413E-5);
#471=CIRCLE('',#4244,7.11619784612016E-5);
#472=CIRCLE('',#4246,7.11619784612016E-5);
#473=CIRCLE('',#4248,9.11556965755413E-5);
#474=CIRCLE('',#4252,8.71298439294339E-5);
#475=CIRCLE('',#4254,7.41802291116765E-5);
#476=CIRCLE('',#4256,0.000402725681740231);
#477=CIRCLE('',#4258,0.000402725681794463);
#478=CIRCLE('',#4260,7.11619784630132E-5);
#479=CIRCLE('',#4262,9.11556964671282E-5);
#480=CIRCLE('',#4266,9.01002184506981E-5);
#481=CIRCLE('',#4268,7.2556031107404E-5);
#482=CIRCLE('',#4270,0.000393177534481393);
#483=CIRCLE('',#4272,0.000393177534481331);
#484=CIRCLE('',#4274,7.57480013727246E-5);
#485=CIRCLE('',#4276,8.61276312471335E-5);
#486=CIRCLE('',#4280,9.01002184504794E-5);
#487=CIRCLE('',#4282,7.2556030800846E-5);
#488=CIRCLE('',#4284,0.000393177534429335);
#489=CIRCLE('',#4286,0.000393177534481534);
#490=CIRCLE('',#4288,7.57480013727246E-5);
#491=CIRCLE('',#4290,8.61276312466879E-5);
#492=CIRCLE('',#4294,8.71298438014486E-5);
#493=CIRCLE('',#4296,7.41802291101424E-5);
#494=CIRCLE('',#4298,0.000402725681794031);
#495=CIRCLE('',#4300,0.000402725681738524);
#496=CIRCLE('',#4302,0.000377842255061355);
#497=CIRCLE('',#4303,0.000377842255061458);
#498=CIRCLE('',#4304,6.95968156863848E-5);
#499=CIRCLE('',#4305,8.1746305740702E-5);
#500=CIRCLE('',#4306,8.01701927238622E-5);
#501=CIRCLE('',#4307,7.11619784612016E-5);
#502=CIRCLE('',#4308,0.000368884064171174);
#503=CIRCLE('',#4309,0.000368884064226741);
#504=CIRCLE('',#4310,6.80729728715224E-5);
#505=CIRCLE('',#4311,8.45331481453179E-5);
#506=CIRCLE('',#4312,8.01701927238622E-5);
#507=CIRCLE('',#4313,7.11619784612016E-5);
#508=CIRCLE('',#4314,0.000368884064225984);
#509=CIRCLE('',#4315,0.000368884064226031);
#510=CIRCLE('',#4316,6.8072972871551E-5);
#511=CIRCLE('',#4317,8.45331480345912E-5);
#512=CIRCLE('',#4318,8.61276312466879E-5);
#513=CIRCLE('',#4319,6.65560135588259E-5);
#514=CIRCLE('',#4320,0.000377842255063148);
#515=CIRCLE('',#4321,0.000377842255017352);
#516=CIRCLE('',#4322,6.95968153812572E-5);
#517=CIRCLE('',#4323,8.17463057404743E-5);
#518=CIRCLE('',#4324,8.61276312466879E-5);
#519=CIRCLE('',#4325,6.65560135588259E-5);
#520=CIRCLE('',#4327,6.65560135588259E-5);
#521=CIRCLE('',#4329,8.61276312466879E-5);
#522=CIRCLE('',#4333,8.17463057404743E-5);
#523=CIRCLE('',#4335,6.95968153812572E-5);
#524=CIRCLE('',#4337,0.000377842255017352);
#525=CIRCLE('',#4339,0.000377842255063148);
#526=CIRCLE('',#4341,6.65560135588259E-5);
#527=CIRCLE('',#4343,8.61276312466879E-5);
#528=CIRCLE('',#4347,8.45331480345912E-5);
#529=CIRCLE('',#4349,6.8072972871551E-5);
#530=CIRCLE('',#4351,0.000368884064226031);
#531=CIRCLE('',#4353,0.000368884064225984);
#532=CIRCLE('',#4355,7.11619784612016E-5);
#533=CIRCLE('',#4357,8.01701927238622E-5);
#534=CIRCLE('',#4361,8.45331481453179E-5);
#535=CIRCLE('',#4363,6.80729728715224E-5);
#536=CIRCLE('',#4365,0.000368884064226741);
#537=CIRCLE('',#4367,0.000368884064171174);
#538=CIRCLE('',#4369,7.11619784612016E-5);
#539=CIRCLE('',#4371,8.01701927238622E-5);
#540=CIRCLE('',#4375,8.1746305740702E-5);
#541=CIRCLE('',#4377,6.95968156863848E-5);
#542=CIRCLE('',#4379,0.000377842255061458);
#543=CIRCLE('',#4381,0.000377842255061355);
#544=CIRCLE('',#4383,0.000354191748626865);
#545=CIRCLE('',#4384,0.00035419174862684);
#546=CIRCLE('',#4385,6.52405005439774E-5);
#547=CIRCLE('',#4386,7.57480013727246E-5);
#548=CIRCLE('',#4387,7.57480778990092E-5);
#549=CIRCLE('',#4388,6.65560135588259E-5);
#550=CIRCLE('',#4389,0.000345794283190604);
#551=CIRCLE('',#4390,0.000345794283190634);
#552=CIRCLE('',#4391,6.38120405339376E-5);
#553=CIRCLE('',#4392,7.92419142047577E-5);
#554=CIRCLE('',#4393,7.57480778985931E-5);
#555=CIRCLE('',#4394,6.65560135576919E-5);
#556=CIRCLE('',#4395,0.000345794283191276);
#557=CIRCLE('',#4396,0.000345794283191219);
#558=CIRCLE('',#4397,6.38120405337566E-5);
#559=CIRCLE('',#4398,7.92419142047687E-5);
#560=CIRCLE('',#4399,8.01701928306426E-5);
#561=CIRCLE('',#4400,6.25859902319973E-5);
#562=CIRCLE('',#4401,0.00035419174862633);
#563=CIRCLE('',#4402,0.000354191748577066);
#564=CIRCLE('',#4403,6.52405005436551E-5);
#565=CIRCLE('',#4404,7.57480013727246E-5);
#566=CIRCLE('',#4405,8.01701927238622E-5);
#567=CIRCLE('',#4406,6.25859902320318E-5);
#568=CIRCLE('',#4408,6.25859902320318E-5);
#569=CIRCLE('',#4410,8.01701927238622E-5);
#570=CIRCLE('',#4414,7.57480013727246E-5);
#571=CIRCLE('',#4416,6.52405005436551E-5);
#572=CIRCLE('',#4418,0.000354191748577066);
#573=CIRCLE('',#4420,0.00035419174862633);
#574=CIRCLE('',#4422,6.25859902319973E-5);
#575=CIRCLE('',#4424,8.01701928306426E-5);
#576=CIRCLE('',#4428,7.92419142047687E-5);
#577=CIRCLE('',#4430,6.38120405337566E-5);
#578=CIRCLE('',#4432,0.000345794283191219);
#579=CIRCLE('',#4434,0.000345794283191276);
#580=CIRCLE('',#4436,6.65560135576919E-5);
#581=CIRCLE('',#4438,7.57480778985931E-5);
#582=CIRCLE('',#4442,7.92419142047577E-5);
#583=CIRCLE('',#4444,6.38120405339376E-5);
#584=CIRCLE('',#4446,0.000345794283190634);
#585=CIRCLE('',#4448,0.000345794283190604);
#586=CIRCLE('',#4450,6.65560135588259E-5);
#587=CIRCLE('',#4452,7.57480778990092E-5);
#588=CIRCLE('',#4456,7.57480013727246E-5);
#589=CIRCLE('',#4458,6.52405005439774E-5);
#590=CIRCLE('',#4460,0.00035419174862684);
#591=CIRCLE('',#4462,0.000354191748626865);
#592=CIRCLE('',#4464,0.00585);
#593=CIRCLE('',#4466,0.00585);
#594=CIRCLE('',#4468,0.009);
#595=CIRCLE('',#4470,0.0042345113066037);
#596=CIRCLE('',#4472,0.0045031579146225);
#597=CIRCLE('',#4474,0.00576);
#598=CIRCLE('',#4476,0.0072);
#599=CIRCLE('',#4478,0.0072);
#600=CIRCLE('',#4480,0.009);
#601=CIRCLE('',#4482,0.00945);
#602=CIRCLE('',#4484,0.00945);
#603=CYLINDRICAL_SURFACE('',#4032,0.002);
#604=CYLINDRICAL_SURFACE('',#4041,0.002);
#605=CYLINDRICAL_SURFACE('',#4043,0.002);
#606=CYLINDRICAL_SURFACE('',#4045,0.002);
#607=CYLINDRICAL_SURFACE('',#4048,0.002);
#608=CYLINDRICAL_SURFACE('',#4050,0.002);
#609=CYLINDRICAL_SURFACE('',#4052,0.002);
#610=CYLINDRICAL_SURFACE('',#4063,0.002);
#611=CYLINDRICAL_SURFACE('',#4065,0.002);
#612=CYLINDRICAL_SURFACE('',#4067,0.002);
#613=CYLINDRICAL_SURFACE('',#4069,0.002);
#614=CYLINDRICAL_SURFACE('',#4075,0.002);
#615=CYLINDRICAL_SURFACE('',#4110,0.00954);
#616=CYLINDRICAL_SURFACE('',#4120,0.00774);
#617=CYLINDRICAL_SURFACE('',#4122,0.00774);
#618=CYLINDRICAL_SURFACE('',#4124,0.00774);
#619=CYLINDRICAL_SURFACE('',#4126,0.00774);
#620=CYLINDRICAL_SURFACE('',#4136,0.01089);
#621=CYLINDRICAL_SURFACE('',#4164,7.2556030800846E-5);
#622=CYLINDRICAL_SURFACE('',#4166,9.30822391899495E-5);
#623=CYLINDRICAL_SURFACE('',#4170,8.89713016071659E-5);
#624=CYLINDRICAL_SURFACE('',#4172,7.57480013711414E-5);
#625=CYLINDRICAL_SURFACE('',#4174,0.00041123714314103);
#626=CYLINDRICAL_SURFACE('',#4176,0.000411237143083947);
#627=CYLINDRICAL_SURFACE('',#4178,7.2556030800846E-5);
#628=CYLINDRICAL_SURFACE('',#4180,9.30822391902186E-5);
#629=CYLINDRICAL_SURFACE('',#4184,9.11556965755413E-5);
#630=CYLINDRICAL_SURFACE('',#4186,7.41802291101424E-5);
#631=CYLINDRICAL_SURFACE('',#4188,0.000401487199195173);
#632=CYLINDRICAL_SURFACE('',#4190,0.000401487199133808);
#633=CYLINDRICAL_SURFACE('',#4192,7.72753882069744E-5);
#634=CYLINDRICAL_SURFACE('',#4194,8.71298438014486E-5);
#635=CYLINDRICAL_SURFACE('',#4198,9.11556965755413E-5);
#636=CYLINDRICAL_SURFACE('',#4200,7.41802291101424E-5);
#637=CYLINDRICAL_SURFACE('',#4202,0.000401487199194971);
#638=CYLINDRICAL_SURFACE('',#4204,0.000401487199140216);
#639=CYLINDRICAL_SURFACE('',#4206,7.7275387876037E-5);
#640=CYLINDRICAL_SURFACE('',#4208,8.71298438014486E-5);
#641=CYLINDRICAL_SURFACE('',#4212,8.89713016072077E-5);
#642=CYLINDRICAL_SURFACE('',#4214,7.57480013727246E-5);
#643=CYLINDRICAL_SURFACE('',#4216,0.000411237143085384);
#644=CYLINDRICAL_SURFACE('',#4218,0.000411237143142631);
#645=CYLINDRICAL_SURFACE('',#4245,7.11619784612016E-5);
#646=CYLINDRICAL_SURFACE('',#4247,9.11556965755413E-5);
#647=CYLINDRICAL_SURFACE('',#4251,8.71298439294339E-5);
#648=CYLINDRICAL_SURFACE('',#4253,7.41802291116765E-5);
#649=CYLINDRICAL_SURFACE('',#4255,0.000402725681740231);
#650=CYLINDRICAL_SURFACE('',#4257,0.000402725681794463);
#651=CYLINDRICAL_SURFACE('',#4259,7.11619784630132E-5);
#652=CYLINDRICAL_SURFACE('',#4261,9.11556964671282E-5);
#653=CYLINDRICAL_SURFACE('',#4265,9.01002184506981E-5);
#654=CYLINDRICAL_SURFACE('',#4267,7.2556031107404E-5);
#655=CYLINDRICAL_SURFACE('',#4269,0.000393177534481393);
#656=CYLINDRICAL_SURFACE('',#4271,0.000393177534481331);
#657=CYLINDRICAL_SURFACE('',#4273,7.57480013727246E-5);
#658=CYLINDRICAL_SURFACE('',#4275,8.61276312471335E-5);
#659=CYLINDRICAL_SURFACE('',#4279,9.01002184504794E-5);
#660=CYLINDRICAL_SURFACE('',#4281,7.2556030800846E-5);
#661=CYLINDRICAL_SURFACE('',#4283,0.000393177534429335);
#662=CYLINDRICAL_SURFACE('',#4285,0.000393177534481534);
#663=CYLINDRICAL_SURFACE('',#4287,7.57480013727246E-5);
#664=CYLINDRICAL_SURFACE('',#4289,8.61276312466879E-5);
#665=CYLINDRICAL_SURFACE('',#4293,8.71298438014486E-5);
#666=CYLINDRICAL_SURFACE('',#4295,7.41802291101424E-5);
#667=CYLINDRICAL_SURFACE('',#4297,0.000402725681794031);
#668=CYLINDRICAL_SURFACE('',#4299,0.000402725681738524);
#669=CYLINDRICAL_SURFACE('',#4326,6.65560135588259E-5);
#670=CYLINDRICAL_SURFACE('',#4328,8.61276312466879E-5);
#671=CYLINDRICAL_SURFACE('',#4332,8.17463057404743E-5);
#672=CYLINDRICAL_SURFACE('',#4334,6.95968153812572E-5);
#673=CYLINDRICAL_SURFACE('',#4336,0.000377842255017352);
#674=CYLINDRICAL_SURFACE('',#4338,0.000377842255063148);
#675=CYLINDRICAL_SURFACE('',#4340,6.65560135588259E-5);
#676=CYLINDRICAL_SURFACE('',#4342,8.61276312466879E-5);
#677=CYLINDRICAL_SURFACE('',#4346,8.45331480345912E-5);
#678=CYLINDRICAL_SURFACE('',#4348,6.8072972871551E-5);
#679=CYLINDRICAL_SURFACE('',#4350,0.000368884064226031);
#680=CYLINDRICAL_SURFACE('',#4352,0.000368884064225984);
#681=CYLINDRICAL_SURFACE('',#4354,7.11619784612016E-5);
#682=CYLINDRICAL_SURFACE('',#4356,8.01701927238622E-5);
#683=CYLINDRICAL_SURFACE('',#4360,8.45331481453179E-5);
#684=CYLINDRICAL_SURFACE('',#4362,6.80729728715224E-5);
#685=CYLINDRICAL_SURFACE('',#4364,0.000368884064226741);
#686=CYLINDRICAL_SURFACE('',#4366,0.000368884064171174);
#687=CYLINDRICAL_SURFACE('',#4368,7.11619784612016E-5);
#688=CYLINDRICAL_SURFACE('',#4370,8.01701927238622E-5);
#689=CYLINDRICAL_SURFACE('',#4374,8.1746305740702E-5);
#690=CYLINDRICAL_SURFACE('',#4376,6.95968156863848E-5);
#691=CYLINDRICAL_SURFACE('',#4378,0.000377842255061458);
#692=CYLINDRICAL_SURFACE('',#4380,0.000377842255061355);
#693=CYLINDRICAL_SURFACE('',#4407,6.25859902320318E-5);
#694=CYLINDRICAL_SURFACE('',#4409,8.01701927238622E-5);
#695=CYLINDRICAL_SURFACE('',#4413,7.57480013727246E-5);
#696=CYLINDRICAL_SURFACE('',#4415,6.52405005436551E-5);
#697=CYLINDRICAL_SURFACE('',#4417,0.000354191748577066);
#698=CYLINDRICAL_SURFACE('',#4419,0.00035419174862633);
#699=CYLINDRICAL_SURFACE('',#4421,6.25859902319973E-5);
#700=CYLINDRICAL_SURFACE('',#4423,8.01701928306426E-5);
#701=CYLINDRICAL_SURFACE('',#4427,7.92419142047687E-5);
#702=CYLINDRICAL_SURFACE('',#4429,6.38120405337566E-5);
#703=CYLINDRICAL_SURFACE('',#4431,0.000345794283191219);
#704=CYLINDRICAL_SURFACE('',#4433,0.000345794283191276);
#705=CYLINDRICAL_SURFACE('',#4435,6.65560135576919E-5);
#706=CYLINDRICAL_SURFACE('',#4437,7.57480778985931E-5);
#707=CYLINDRICAL_SURFACE('',#4441,7.92419142047577E-5);
#708=CYLINDRICAL_SURFACE('',#4443,6.38120405339376E-5);
#709=CYLINDRICAL_SURFACE('',#4445,0.000345794283190634);
#710=CYLINDRICAL_SURFACE('',#4447,0.000345794283190604);
#711=CYLINDRICAL_SURFACE('',#4449,6.65560135588259E-5);
#712=CYLINDRICAL_SURFACE('',#4451,7.57480778990092E-5);
#713=CYLINDRICAL_SURFACE('',#4455,7.57480013727246E-5);
#714=CYLINDRICAL_SURFACE('',#4457,6.52405005439774E-5);
#715=CYLINDRICAL_SURFACE('',#4459,0.00035419174862684);
#716=CYLINDRICAL_SURFACE('',#4461,0.000354191748626865);
#717=CYLINDRICAL_SURFACE('',#4465,0.00585);
#718=CYLINDRICAL_SURFACE('',#4477,0.0072);
#719=CYLINDRICAL_SURFACE('',#4485,0.00945);
#720=ORIENTED_EDGE('',*,*,#1786,.T.);
#721=ORIENTED_EDGE('',*,*,#1787,.T.);
#722=ORIENTED_EDGE('',*,*,#1788,.T.);
#723=ORIENTED_EDGE('',*,*,#1789,.T.);
#724=ORIENTED_EDGE('',*,*,#1790,.F.);
#725=ORIENTED_EDGE('',*,*,#1791,.T.);
#726=ORIENTED_EDGE('',*,*,#1792,.T.);
#727=ORIENTED_EDGE('',*,*,#1793,.F.);
#728=ORIENTED_EDGE('',*,*,#1794,.T.);
#729=ORIENTED_EDGE('',*,*,#1795,.T.);
#730=ORIENTED_EDGE('',*,*,#1796,.T.);
#731=ORIENTED_EDGE('',*,*,#1797,.T.);
#732=ORIENTED_EDGE('',*,*,#1798,.T.);
#733=ORIENTED_EDGE('',*,*,#1799,.T.);
#734=ORIENTED_EDGE('',*,*,#1800,.T.);
#735=ORIENTED_EDGE('',*,*,#1801,.T.);
#736=ORIENTED_EDGE('',*,*,#1802,.T.);
#737=ORIENTED_EDGE('',*,*,#1803,.T.);
#738=ORIENTED_EDGE('',*,*,#1804,.T.);
#739=ORIENTED_EDGE('',*,*,#1805,.T.);
#740=ORIENTED_EDGE('',*,*,#1806,.T.);
#741=ORIENTED_EDGE('',*,*,#1807,.T.);
#742=ORIENTED_EDGE('',*,*,#1808,.T.);
#743=ORIENTED_EDGE('',*,*,#1809,.T.);
#744=ORIENTED_EDGE('',*,*,#1810,.T.);
#745=ORIENTED_EDGE('',*,*,#1811,.T.);
#746=ORIENTED_EDGE('',*,*,#1812,.T.);
#747=ORIENTED_EDGE('',*,*,#1813,.T.);
#748=ORIENTED_EDGE('',*,*,#1814,.F.);
#749=ORIENTED_EDGE('',*,*,#1815,.T.);
#750=ORIENTED_EDGE('',*,*,#1816,.T.);
#751=ORIENTED_EDGE('',*,*,#1791,.F.);
#752=ORIENTED_EDGE('',*,*,#1790,.T.);
#753=ORIENTED_EDGE('',*,*,#1817,.F.);
#754=ORIENTED_EDGE('',*,*,#1818,.F.);
#755=ORIENTED_EDGE('',*,*,#1814,.T.);
#756=ORIENTED_EDGE('',*,*,#1793,.T.);
#757=ORIENTED_EDGE('',*,*,#1819,.F.);
#758=ORIENTED_EDGE('',*,*,#1820,.F.);
#759=ORIENTED_EDGE('',*,*,#1817,.T.);
#760=ORIENTED_EDGE('',*,*,#1816,.F.);
#761=ORIENTED_EDGE('',*,*,#1821,.T.);
#762=ORIENTED_EDGE('',*,*,#1819,.T.);
#763=ORIENTED_EDGE('',*,*,#1792,.F.);
#764=ORIENTED_EDGE('',*,*,#1815,.F.);
#765=ORIENTED_EDGE('',*,*,#1818,.T.);
#766=ORIENTED_EDGE('',*,*,#1820,.T.);
#767=ORIENTED_EDGE('',*,*,#1821,.F.);
#768=ORIENTED_EDGE('',*,*,#1822,.F.);
#769=ORIENTED_EDGE('',*,*,#1802,.F.);
#770=ORIENTED_EDGE('',*,*,#1823,.F.);
#771=ORIENTED_EDGE('',*,*,#1789,.F.);
#772=ORIENTED_EDGE('',*,*,#1824,.F.);
#773=ORIENTED_EDGE('',*,*,#1822,.T.);
#774=ORIENTED_EDGE('',*,*,#1825,.F.);
#775=ORIENTED_EDGE('',*,*,#1826,.F.);
#776=ORIENTED_EDGE('',*,*,#1823,.T.);
#777=ORIENTED_EDGE('',*,*,#1827,.F.);
#778=ORIENTED_EDGE('',*,*,#1825,.T.);
#779=ORIENTED_EDGE('',*,*,#1788,.F.);
#780=ORIENTED_EDGE('',*,*,#1828,.F.);
#781=ORIENTED_EDGE('',*,*,#1798,.F.);
#782=ORIENTED_EDGE('',*,*,#1824,.T.);
#783=ORIENTED_EDGE('',*,*,#1801,.F.);
#784=ORIENTED_EDGE('',*,*,#1829,.F.);
#785=ORIENTED_EDGE('',*,*,#1803,.F.);
#786=ORIENTED_EDGE('',*,*,#1830,.F.);
#787=ORIENTED_EDGE('',*,*,#1804,.F.);
#788=ORIENTED_EDGE('',*,*,#1831,.F.);
#789=ORIENTED_EDGE('',*,*,#1813,.F.);
#790=ORIENTED_EDGE('',*,*,#1827,.T.);
#791=ORIENTED_EDGE('',*,*,#1805,.F.);
#792=ORIENTED_EDGE('',*,*,#1832,.F.);
#793=ORIENTED_EDGE('',*,*,#1807,.F.);
#794=ORIENTED_EDGE('',*,*,#1826,.T.);
#795=ORIENTED_EDGE('',*,*,#1806,.F.);
#796=ORIENTED_EDGE('',*,*,#1833,.F.);
#797=ORIENTED_EDGE('',*,*,#1786,.F.);
#798=ORIENTED_EDGE('',*,*,#1834,.F.);
#799=ORIENTED_EDGE('',*,*,#1787,.F.);
#800=ORIENTED_EDGE('',*,*,#1835,.F.);
#801=ORIENTED_EDGE('',*,*,#1796,.F.);
#802=ORIENTED_EDGE('',*,*,#1828,.T.);
#803=ORIENTED_EDGE('',*,*,#1834,.T.);
#804=ORIENTED_EDGE('',*,*,#1836,.F.);
#805=ORIENTED_EDGE('',*,*,#1831,.T.);
#806=ORIENTED_EDGE('',*,*,#1829,.T.);
#807=ORIENTED_EDGE('',*,*,#1837,.F.);
#808=ORIENTED_EDGE('',*,*,#1832,.T.);
#809=ORIENTED_EDGE('',*,*,#1830,.T.);
#810=ORIENTED_EDGE('',*,*,#1838,.F.);
#811=ORIENTED_EDGE('',*,*,#1835,.T.);
#812=ORIENTED_EDGE('',*,*,#1833,.T.);
#813=ORIENTED_EDGE('',*,*,#1839,.F.);
#814=ORIENTED_EDGE('',*,*,#1836,.T.);
#815=ORIENTED_EDGE('',*,*,#1795,.F.);
#816=ORIENTED_EDGE('',*,*,#1840,.F.);
#817=ORIENTED_EDGE('',*,*,#1799,.F.);
#818=ORIENTED_EDGE('',*,*,#1837,.T.);
#819=ORIENTED_EDGE('',*,*,#1800,.F.);
#820=ORIENTED_EDGE('',*,*,#1841,.F.);
#821=ORIENTED_EDGE('',*,*,#1810,.F.);
#822=ORIENTED_EDGE('',*,*,#1838,.T.);
#823=ORIENTED_EDGE('',*,*,#1812,.F.);
#824=ORIENTED_EDGE('',*,*,#1842,.F.);
#825=ORIENTED_EDGE('',*,*,#1808,.F.);
#826=ORIENTED_EDGE('',*,*,#1839,.T.);
#827=ORIENTED_EDGE('',*,*,#1809,.F.);
#828=ORIENTED_EDGE('',*,*,#1843,.F.);
#829=ORIENTED_EDGE('',*,*,#1797,.F.);
#830=ORIENTED_EDGE('',*,*,#1841,.T.);
#831=ORIENTED_EDGE('',*,*,#1840,.T.);
#832=ORIENTED_EDGE('',*,*,#1844,.F.);
#833=ORIENTED_EDGE('',*,*,#1843,.T.);
#834=ORIENTED_EDGE('',*,*,#1842,.T.);
#835=ORIENTED_EDGE('',*,*,#1845,.F.);
#836=ORIENTED_EDGE('',*,*,#1844,.T.);
#837=ORIENTED_EDGE('',*,*,#1794,.F.);
#838=ORIENTED_EDGE('',*,*,#1845,.T.);
#839=ORIENTED_EDGE('',*,*,#1811,.F.);
#840=ORIENTED_EDGE('',*,*,#1846,.F.);
#841=ORIENTED_EDGE('',*,*,#1847,.F.);
#842=ORIENTED_EDGE('',*,*,#1848,.T.);
#843=ORIENTED_EDGE('',*,*,#1849,.T.);
#844=ORIENTED_EDGE('',*,*,#1850,.T.);
#845=ORIENTED_EDGE('',*,*,#1851,.F.);
#846=ORIENTED_EDGE('',*,*,#1852,.F.);
#847=ORIENTED_EDGE('',*,*,#1847,.T.);
#848=ORIENTED_EDGE('',*,*,#1853,.T.);
#849=ORIENTED_EDGE('',*,*,#1854,.F.);
#850=ORIENTED_EDGE('',*,*,#1855,.F.);
#851=ORIENTED_EDGE('',*,*,#1851,.T.);
#852=ORIENTED_EDGE('',*,*,#1856,.F.);
#853=ORIENTED_EDGE('',*,*,#1849,.F.);
#854=ORIENTED_EDGE('',*,*,#1857,.T.);
#855=ORIENTED_EDGE('',*,*,#1854,.T.);
#856=ORIENTED_EDGE('',*,*,#1848,.F.);
#857=ORIENTED_EDGE('',*,*,#1852,.T.);
#858=ORIENTED_EDGE('',*,*,#1855,.T.);
#859=ORIENTED_EDGE('',*,*,#1857,.F.);
#860=ORIENTED_EDGE('',*,*,#1846,.T.);
#861=ORIENTED_EDGE('',*,*,#1856,.T.);
#862=ORIENTED_EDGE('',*,*,#1853,.F.);
#863=ORIENTED_EDGE('',*,*,#1850,.F.);
#864=ORIENTED_EDGE('',*,*,#1858,.F.);
#865=ORIENTED_EDGE('',*,*,#1859,.T.);
#866=ORIENTED_EDGE('',*,*,#1860,.T.);
#867=ORIENTED_EDGE('',*,*,#1861,.T.);
#868=ORIENTED_EDGE('',*,*,#1862,.F.);
#869=ORIENTED_EDGE('',*,*,#1863,.T.);
#870=ORIENTED_EDGE('',*,*,#1864,.F.);
#871=ORIENTED_EDGE('',*,*,#1865,.F.);
#872=ORIENTED_EDGE('',*,*,#1866,.T.);
#873=ORIENTED_EDGE('',*,*,#1867,.T.);
#874=ORIENTED_EDGE('',*,*,#1868,.T.);
#875=ORIENTED_EDGE('',*,*,#1859,.F.);
#876=ORIENTED_EDGE('',*,*,#1869,.F.);
#877=ORIENTED_EDGE('',*,*,#1867,.F.);
#878=ORIENTED_EDGE('',*,*,#1870,.T.);
#879=ORIENTED_EDGE('',*,*,#1871,.T.);
#880=ORIENTED_EDGE('',*,*,#1872,.F.);
#881=ORIENTED_EDGE('',*,*,#1873,.T.);
#882=ORIENTED_EDGE('',*,*,#1874,.T.);
#883=ORIENTED_EDGE('',*,*,#1875,.F.);
#884=ORIENTED_EDGE('',*,*,#1876,.F.);
#885=ORIENTED_EDGE('',*,*,#1873,.F.);
#886=ORIENTED_EDGE('',*,*,#1877,.T.);
#887=ORIENTED_EDGE('',*,*,#1871,.F.);
#888=ORIENTED_EDGE('',*,*,#1878,.F.);
#889=ORIENTED_EDGE('',*,*,#1879,.T.);
#890=ORIENTED_EDGE('',*,*,#1880,.T.);
#891=ORIENTED_EDGE('',*,*,#1881,.F.);
#892=ORIENTED_EDGE('',*,*,#1882,.T.);
#893=ORIENTED_EDGE('',*,*,#1883,.F.);
#894=ORIENTED_EDGE('',*,*,#1884,.F.);
#895=ORIENTED_EDGE('',*,*,#1885,.F.);
#896=ORIENTED_EDGE('',*,*,#1886,.T.);
#897=ORIENTED_EDGE('',*,*,#1887,.F.);
#898=ORIENTED_EDGE('',*,*,#1888,.F.);
#899=ORIENTED_EDGE('',*,*,#1889,.T.);
#900=ORIENTED_EDGE('',*,*,#1885,.T.);
#901=ORIENTED_EDGE('',*,*,#1890,.F.);
#902=ORIENTED_EDGE('',*,*,#1883,.T.);
#903=ORIENTED_EDGE('',*,*,#1891,.T.);
#904=ORIENTED_EDGE('',*,*,#1892,.T.);
#905=ORIENTED_EDGE('',*,*,#1893,.F.);
#906=ORIENTED_EDGE('',*,*,#1894,.T.);
#907=ORIENTED_EDGE('',*,*,#1895,.T.);
#908=ORIENTED_EDGE('',*,*,#1896,.F.);
#909=ORIENTED_EDGE('',*,*,#1897,.T.);
#910=ORIENTED_EDGE('',*,*,#1898,.T.);
#911=ORIENTED_EDGE('',*,*,#1899,.F.);
#912=ORIENTED_EDGE('',*,*,#1900,.F.);
#913=ORIENTED_EDGE('',*,*,#1897,.F.);
#914=ORIENTED_EDGE('',*,*,#1901,.T.);
#915=ORIENTED_EDGE('',*,*,#1895,.F.);
#916=ORIENTED_EDGE('',*,*,#1902,.F.);
#917=ORIENTED_EDGE('',*,*,#1903,.T.);
#918=ORIENTED_EDGE('',*,*,#1904,.T.);
#919=ORIENTED_EDGE('',*,*,#1905,.F.);
#920=ORIENTED_EDGE('',*,*,#1891,.F.);
#921=ORIENTED_EDGE('',*,*,#1906,.T.);
#922=ORIENTED_EDGE('',*,*,#1900,.T.);
#923=ORIENTED_EDGE('',*,*,#1907,.F.);
#924=ORIENTED_EDGE('',*,*,#1908,.T.);
#925=ORIENTED_EDGE('',*,*,#1909,.F.);
#926=ORIENTED_EDGE('',*,*,#1909,.T.);
#927=ORIENTED_EDGE('',*,*,#1910,.F.);
#928=ORIENTED_EDGE('',*,*,#1870,.F.);
#929=ORIENTED_EDGE('',*,*,#1911,.F.);
#930=ORIENTED_EDGE('',*,*,#1868,.F.);
#931=ORIENTED_EDGE('',*,*,#1912,.F.);
#932=ORIENTED_EDGE('',*,*,#1894,.F.);
#933=ORIENTED_EDGE('',*,*,#1906,.F.);
#934=ORIENTED_EDGE('',*,*,#1882,.F.);
#935=ORIENTED_EDGE('',*,*,#1913,.F.);
#936=ORIENTED_EDGE('',*,*,#1878,.T.);
#937=ORIENTED_EDGE('',*,*,#1910,.T.);
#938=ORIENTED_EDGE('',*,*,#1889,.F.);
#939=ORIENTED_EDGE('',*,*,#1860,.F.);
#940=ORIENTED_EDGE('',*,*,#1911,.T.);
#941=ORIENTED_EDGE('',*,*,#1876,.T.);
#942=ORIENTED_EDGE('',*,*,#1914,.F.);
#943=ORIENTED_EDGE('',*,*,#1915,.F.);
#944=ORIENTED_EDGE('',*,*,#1902,.T.);
#945=ORIENTED_EDGE('',*,*,#1912,.T.);
#946=ORIENTED_EDGE('',*,*,#1866,.F.);
#947=ORIENTED_EDGE('',*,*,#1916,.F.);
#948=ORIENTED_EDGE('',*,*,#1892,.F.);
#949=ORIENTED_EDGE('',*,*,#1907,.T.);
#950=ORIENTED_EDGE('',*,*,#1899,.T.);
#951=ORIENTED_EDGE('',*,*,#1879,.F.);
#952=ORIENTED_EDGE('',*,*,#1913,.T.);
#953=ORIENTED_EDGE('',*,*,#1888,.T.);
#954=ORIENTED_EDGE('',*,*,#1917,.F.);
#955=ORIENTED_EDGE('',*,*,#1918,.F.);
#956=ORIENTED_EDGE('',*,*,#1861,.F.);
#957=ORIENTED_EDGE('',*,*,#1914,.T.);
#958=ORIENTED_EDGE('',*,*,#1875,.T.);
#959=ORIENTED_EDGE('',*,*,#1903,.F.);
#960=ORIENTED_EDGE('',*,*,#1915,.T.);
#961=ORIENTED_EDGE('',*,*,#1865,.T.);
#962=ORIENTED_EDGE('',*,*,#1919,.F.);
#963=ORIENTED_EDGE('',*,*,#1874,.F.);
#964=ORIENTED_EDGE('',*,*,#1920,.F.);
#965=ORIENTED_EDGE('',*,*,#1862,.T.);
#966=ORIENTED_EDGE('',*,*,#1918,.T.);
#967=ORIENTED_EDGE('',*,*,#1917,.T.);
#968=ORIENTED_EDGE('',*,*,#1887,.T.);
#969=ORIENTED_EDGE('',*,*,#1921,.F.);
#970=ORIENTED_EDGE('',*,*,#1880,.F.);
#971=ORIENTED_EDGE('',*,*,#1898,.F.);
#972=ORIENTED_EDGE('',*,*,#1922,.F.);
#973=ORIENTED_EDGE('',*,*,#1893,.T.);
#974=ORIENTED_EDGE('',*,*,#1916,.T.);
#975=ORIENTED_EDGE('',*,*,#1904,.F.);
#976=ORIENTED_EDGE('',*,*,#1919,.T.);
#977=ORIENTED_EDGE('',*,*,#1864,.T.);
#978=ORIENTED_EDGE('',*,*,#1923,.F.);
#979=ORIENTED_EDGE('',*,*,#1886,.F.);
#980=ORIENTED_EDGE('',*,*,#1884,.T.);
#981=ORIENTED_EDGE('',*,*,#1890,.T.);
#982=ORIENTED_EDGE('',*,*,#1922,.T.);
#983=ORIENTED_EDGE('',*,*,#1901,.F.);
#984=ORIENTED_EDGE('',*,*,#1896,.T.);
#985=ORIENTED_EDGE('',*,*,#1905,.T.);
#986=ORIENTED_EDGE('',*,*,#1923,.T.);
#987=ORIENTED_EDGE('',*,*,#1863,.F.);
#988=ORIENTED_EDGE('',*,*,#1869,.T.);
#989=ORIENTED_EDGE('',*,*,#1858,.T.);
#990=ORIENTED_EDGE('',*,*,#1920,.T.);
#991=ORIENTED_EDGE('',*,*,#1877,.F.);
#992=ORIENTED_EDGE('',*,*,#1872,.T.);
#993=ORIENTED_EDGE('',*,*,#1881,.T.);
#994=ORIENTED_EDGE('',*,*,#1921,.T.);
#995=ORIENTED_EDGE('',*,*,#1908,.F.);
#996=ORIENTED_EDGE('',*,*,#1924,.F.);
#997=ORIENTED_EDGE('',*,*,#1925,.F.);
#998=ORIENTED_EDGE('',*,*,#1926,.F.);
#999=ORIENTED_EDGE('',*,*,#1927,.F.);
#1000=ORIENTED_EDGE('',*,*,#1928,.F.);
#1001=ORIENTED_EDGE('',*,*,#1929,.F.);
#1002=ORIENTED_EDGE('',*,*,#1930,.F.);
#1003=ORIENTED_EDGE('',*,*,#1931,.F.);
#1004=ORIENTED_EDGE('',*,*,#1932,.F.);
#1005=ORIENTED_EDGE('',*,*,#1933,.F.);
#1006=ORIENTED_EDGE('',*,*,#1934,.F.);
#1007=ORIENTED_EDGE('',*,*,#1935,.F.);
#1008=ORIENTED_EDGE('',*,*,#1936,.F.);
#1009=ORIENTED_EDGE('',*,*,#1937,.F.);
#1010=ORIENTED_EDGE('',*,*,#1938,.F.);
#1011=ORIENTED_EDGE('',*,*,#1939,.F.);
#1012=ORIENTED_EDGE('',*,*,#1940,.F.);
#1013=ORIENTED_EDGE('',*,*,#1941,.F.);
#1014=ORIENTED_EDGE('',*,*,#1942,.F.);
#1015=ORIENTED_EDGE('',*,*,#1943,.F.);
#1016=ORIENTED_EDGE('',*,*,#1944,.F.);
#1017=ORIENTED_EDGE('',*,*,#1945,.F.);
#1018=ORIENTED_EDGE('',*,*,#1946,.F.);
#1019=ORIENTED_EDGE('',*,*,#1947,.F.);
#1020=ORIENTED_EDGE('',*,*,#1948,.F.);
#1021=ORIENTED_EDGE('',*,*,#1949,.F.);
#1022=ORIENTED_EDGE('',*,*,#1950,.F.);
#1023=ORIENTED_EDGE('',*,*,#1951,.F.);
#1024=ORIENTED_EDGE('',*,*,#1952,.F.);
#1025=ORIENTED_EDGE('',*,*,#1953,.F.);
#1026=ORIENTED_EDGE('',*,*,#1954,.F.);
#1027=ORIENTED_EDGE('',*,*,#1955,.F.);
#1028=ORIENTED_EDGE('',*,*,#1956,.F.);
#1029=ORIENTED_EDGE('',*,*,#1957,.F.);
#1030=ORIENTED_EDGE('',*,*,#1955,.T.);
#1031=ORIENTED_EDGE('',*,*,#1958,.T.);
#1032=ORIENTED_EDGE('',*,*,#1959,.F.);
#1033=ORIENTED_EDGE('',*,*,#1958,.F.);
#1034=ORIENTED_EDGE('',*,*,#1954,.T.);
#1035=ORIENTED_EDGE('',*,*,#1960,.T.);
#1036=ORIENTED_EDGE('',*,*,#1961,.F.);
#1037=ORIENTED_EDGE('',*,*,#1960,.F.);
#1038=ORIENTED_EDGE('',*,*,#1953,.T.);
#1039=ORIENTED_EDGE('',*,*,#1962,.T.);
#1040=ORIENTED_EDGE('',*,*,#1963,.F.);
#1041=ORIENTED_EDGE('',*,*,#1962,.F.);
#1042=ORIENTED_EDGE('',*,*,#1952,.T.);
#1043=ORIENTED_EDGE('',*,*,#1964,.T.);
#1044=ORIENTED_EDGE('',*,*,#1965,.F.);
#1045=ORIENTED_EDGE('',*,*,#1964,.F.);
#1046=ORIENTED_EDGE('',*,*,#1951,.T.);
#1047=ORIENTED_EDGE('',*,*,#1966,.T.);
#1048=ORIENTED_EDGE('',*,*,#1967,.F.);
#1049=ORIENTED_EDGE('',*,*,#1966,.F.);
#1050=ORIENTED_EDGE('',*,*,#1950,.T.);
#1051=ORIENTED_EDGE('',*,*,#1968,.T.);
#1052=ORIENTED_EDGE('',*,*,#1969,.F.);
#1053=ORIENTED_EDGE('',*,*,#1968,.F.);
#1054=ORIENTED_EDGE('',*,*,#1949,.T.);
#1055=ORIENTED_EDGE('',*,*,#1970,.T.);
#1056=ORIENTED_EDGE('',*,*,#1971,.F.);
#1057=ORIENTED_EDGE('',*,*,#1970,.F.);
#1058=ORIENTED_EDGE('',*,*,#1948,.T.);
#1059=ORIENTED_EDGE('',*,*,#1972,.T.);
#1060=ORIENTED_EDGE('',*,*,#1973,.F.);
#1061=ORIENTED_EDGE('',*,*,#1972,.F.);
#1062=ORIENTED_EDGE('',*,*,#1947,.T.);
#1063=ORIENTED_EDGE('',*,*,#1974,.T.);
#1064=ORIENTED_EDGE('',*,*,#1975,.F.);
#1065=ORIENTED_EDGE('',*,*,#1974,.F.);
#1066=ORIENTED_EDGE('',*,*,#1946,.T.);
#1067=ORIENTED_EDGE('',*,*,#1976,.T.);
#1068=ORIENTED_EDGE('',*,*,#1977,.F.);
#1069=ORIENTED_EDGE('',*,*,#1976,.F.);
#1070=ORIENTED_EDGE('',*,*,#1945,.T.);
#1071=ORIENTED_EDGE('',*,*,#1978,.T.);
#1072=ORIENTED_EDGE('',*,*,#1979,.F.);
#1073=ORIENTED_EDGE('',*,*,#1978,.F.);
#1074=ORIENTED_EDGE('',*,*,#1944,.T.);
#1075=ORIENTED_EDGE('',*,*,#1980,.T.);
#1076=ORIENTED_EDGE('',*,*,#1981,.F.);
#1077=ORIENTED_EDGE('',*,*,#1980,.F.);
#1078=ORIENTED_EDGE('',*,*,#1943,.T.);
#1079=ORIENTED_EDGE('',*,*,#1982,.T.);
#1080=ORIENTED_EDGE('',*,*,#1983,.F.);
#1081=ORIENTED_EDGE('',*,*,#1982,.F.);
#1082=ORIENTED_EDGE('',*,*,#1942,.T.);
#1083=ORIENTED_EDGE('',*,*,#1984,.T.);
#1084=ORIENTED_EDGE('',*,*,#1985,.F.);
#1085=ORIENTED_EDGE('',*,*,#1984,.F.);
#1086=ORIENTED_EDGE('',*,*,#1941,.T.);
#1087=ORIENTED_EDGE('',*,*,#1986,.T.);
#1088=ORIENTED_EDGE('',*,*,#1987,.F.);
#1089=ORIENTED_EDGE('',*,*,#1986,.F.);
#1090=ORIENTED_EDGE('',*,*,#1940,.T.);
#1091=ORIENTED_EDGE('',*,*,#1988,.T.);
#1092=ORIENTED_EDGE('',*,*,#1989,.F.);
#1093=ORIENTED_EDGE('',*,*,#1988,.F.);
#1094=ORIENTED_EDGE('',*,*,#1939,.T.);
#1095=ORIENTED_EDGE('',*,*,#1990,.T.);
#1096=ORIENTED_EDGE('',*,*,#1991,.F.);
#1097=ORIENTED_EDGE('',*,*,#1990,.F.);
#1098=ORIENTED_EDGE('',*,*,#1938,.T.);
#1099=ORIENTED_EDGE('',*,*,#1992,.T.);
#1100=ORIENTED_EDGE('',*,*,#1993,.F.);
#1101=ORIENTED_EDGE('',*,*,#1992,.F.);
#1102=ORIENTED_EDGE('',*,*,#1937,.T.);
#1103=ORIENTED_EDGE('',*,*,#1994,.T.);
#1104=ORIENTED_EDGE('',*,*,#1995,.F.);
#1105=ORIENTED_EDGE('',*,*,#1994,.F.);
#1106=ORIENTED_EDGE('',*,*,#1936,.T.);
#1107=ORIENTED_EDGE('',*,*,#1996,.T.);
#1108=ORIENTED_EDGE('',*,*,#1997,.F.);
#1109=ORIENTED_EDGE('',*,*,#1996,.F.);
#1110=ORIENTED_EDGE('',*,*,#1935,.T.);
#1111=ORIENTED_EDGE('',*,*,#1998,.T.);
#1112=ORIENTED_EDGE('',*,*,#1999,.F.);
#1113=ORIENTED_EDGE('',*,*,#1998,.F.);
#1114=ORIENTED_EDGE('',*,*,#1934,.T.);
#1115=ORIENTED_EDGE('',*,*,#2000,.T.);
#1116=ORIENTED_EDGE('',*,*,#2001,.F.);
#1117=ORIENTED_EDGE('',*,*,#2000,.F.);
#1118=ORIENTED_EDGE('',*,*,#1933,.T.);
#1119=ORIENTED_EDGE('',*,*,#2002,.T.);
#1120=ORIENTED_EDGE('',*,*,#2003,.F.);
#1121=ORIENTED_EDGE('',*,*,#2002,.F.);
#1122=ORIENTED_EDGE('',*,*,#1932,.T.);
#1123=ORIENTED_EDGE('',*,*,#2004,.T.);
#1124=ORIENTED_EDGE('',*,*,#2005,.F.);
#1125=ORIENTED_EDGE('',*,*,#2004,.F.);
#1126=ORIENTED_EDGE('',*,*,#1931,.T.);
#1127=ORIENTED_EDGE('',*,*,#2006,.T.);
#1128=ORIENTED_EDGE('',*,*,#2007,.F.);
#1129=ORIENTED_EDGE('',*,*,#2006,.F.);
#1130=ORIENTED_EDGE('',*,*,#1930,.T.);
#1131=ORIENTED_EDGE('',*,*,#2008,.T.);
#1132=ORIENTED_EDGE('',*,*,#2009,.F.);
#1133=ORIENTED_EDGE('',*,*,#2008,.F.);
#1134=ORIENTED_EDGE('',*,*,#1929,.T.);
#1135=ORIENTED_EDGE('',*,*,#2010,.T.);
#1136=ORIENTED_EDGE('',*,*,#2011,.F.);
#1137=ORIENTED_EDGE('',*,*,#2010,.F.);
#1138=ORIENTED_EDGE('',*,*,#1928,.T.);
#1139=ORIENTED_EDGE('',*,*,#2012,.T.);
#1140=ORIENTED_EDGE('',*,*,#2013,.F.);
#1141=ORIENTED_EDGE('',*,*,#2012,.F.);
#1142=ORIENTED_EDGE('',*,*,#1927,.T.);
#1143=ORIENTED_EDGE('',*,*,#2014,.T.);
#1144=ORIENTED_EDGE('',*,*,#2015,.F.);
#1145=ORIENTED_EDGE('',*,*,#2014,.F.);
#1146=ORIENTED_EDGE('',*,*,#1926,.T.);
#1147=ORIENTED_EDGE('',*,*,#2016,.T.);
#1148=ORIENTED_EDGE('',*,*,#2017,.F.);
#1149=ORIENTED_EDGE('',*,*,#2016,.F.);
#1150=ORIENTED_EDGE('',*,*,#1925,.T.);
#1151=ORIENTED_EDGE('',*,*,#2018,.T.);
#1152=ORIENTED_EDGE('',*,*,#2019,.F.);
#1153=ORIENTED_EDGE('',*,*,#2018,.F.);
#1154=ORIENTED_EDGE('',*,*,#1924,.T.);
#1155=ORIENTED_EDGE('',*,*,#1957,.T.);
#1156=ORIENTED_EDGE('',*,*,#2020,.F.);
#1157=ORIENTED_EDGE('',*,*,#2021,.F.);
#1158=ORIENTED_EDGE('',*,*,#2022,.F.);
#1159=ORIENTED_EDGE('',*,*,#2023,.F.);
#1160=ORIENTED_EDGE('',*,*,#2024,.F.);
#1161=ORIENTED_EDGE('',*,*,#2025,.F.);
#1162=ORIENTED_EDGE('',*,*,#2026,.F.);
#1163=ORIENTED_EDGE('',*,*,#2027,.F.);
#1164=ORIENTED_EDGE('',*,*,#2028,.F.);
#1165=ORIENTED_EDGE('',*,*,#2029,.F.);
#1166=ORIENTED_EDGE('',*,*,#2030,.F.);
#1167=ORIENTED_EDGE('',*,*,#2031,.F.);
#1168=ORIENTED_EDGE('',*,*,#2032,.F.);
#1169=ORIENTED_EDGE('',*,*,#2033,.F.);
#1170=ORIENTED_EDGE('',*,*,#2034,.F.);
#1171=ORIENTED_EDGE('',*,*,#2035,.F.);
#1172=ORIENTED_EDGE('',*,*,#2036,.F.);
#1173=ORIENTED_EDGE('',*,*,#2037,.F.);
#1174=ORIENTED_EDGE('',*,*,#2038,.F.);
#1175=ORIENTED_EDGE('',*,*,#2039,.F.);
#1176=ORIENTED_EDGE('',*,*,#2040,.F.);
#1177=ORIENTED_EDGE('',*,*,#2041,.F.);
#1178=ORIENTED_EDGE('',*,*,#2042,.F.);
#1179=ORIENTED_EDGE('',*,*,#2043,.F.);
#1180=ORIENTED_EDGE('',*,*,#2044,.F.);
#1181=ORIENTED_EDGE('',*,*,#2045,.F.);
#1182=ORIENTED_EDGE('',*,*,#2046,.F.);
#1183=ORIENTED_EDGE('',*,*,#2047,.F.);
#1184=ORIENTED_EDGE('',*,*,#2048,.F.);
#1185=ORIENTED_EDGE('',*,*,#2049,.F.);
#1186=ORIENTED_EDGE('',*,*,#2050,.F.);
#1187=ORIENTED_EDGE('',*,*,#2051,.F.);
#1188=ORIENTED_EDGE('',*,*,#2052,.F.);
#1189=ORIENTED_EDGE('',*,*,#2053,.F.);
#1190=ORIENTED_EDGE('',*,*,#2051,.T.);
#1191=ORIENTED_EDGE('',*,*,#2054,.T.);
#1192=ORIENTED_EDGE('',*,*,#2055,.F.);
#1193=ORIENTED_EDGE('',*,*,#2054,.F.);
#1194=ORIENTED_EDGE('',*,*,#2050,.T.);
#1195=ORIENTED_EDGE('',*,*,#2056,.T.);
#1196=ORIENTED_EDGE('',*,*,#2057,.F.);
#1197=ORIENTED_EDGE('',*,*,#2056,.F.);
#1198=ORIENTED_EDGE('',*,*,#2049,.T.);
#1199=ORIENTED_EDGE('',*,*,#2058,.T.);
#1200=ORIENTED_EDGE('',*,*,#2059,.F.);
#1201=ORIENTED_EDGE('',*,*,#2058,.F.);
#1202=ORIENTED_EDGE('',*,*,#2048,.T.);
#1203=ORIENTED_EDGE('',*,*,#2060,.T.);
#1204=ORIENTED_EDGE('',*,*,#2061,.F.);
#1205=ORIENTED_EDGE('',*,*,#2060,.F.);
#1206=ORIENTED_EDGE('',*,*,#2047,.T.);
#1207=ORIENTED_EDGE('',*,*,#2062,.T.);
#1208=ORIENTED_EDGE('',*,*,#2063,.F.);
#1209=ORIENTED_EDGE('',*,*,#2062,.F.);
#1210=ORIENTED_EDGE('',*,*,#2046,.T.);
#1211=ORIENTED_EDGE('',*,*,#2064,.T.);
#1212=ORIENTED_EDGE('',*,*,#2065,.F.);
#1213=ORIENTED_EDGE('',*,*,#2064,.F.);
#1214=ORIENTED_EDGE('',*,*,#2045,.T.);
#1215=ORIENTED_EDGE('',*,*,#2066,.T.);
#1216=ORIENTED_EDGE('',*,*,#2067,.F.);
#1217=ORIENTED_EDGE('',*,*,#2066,.F.);
#1218=ORIENTED_EDGE('',*,*,#2044,.T.);
#1219=ORIENTED_EDGE('',*,*,#2068,.T.);
#1220=ORIENTED_EDGE('',*,*,#2069,.F.);
#1221=ORIENTED_EDGE('',*,*,#2068,.F.);
#1222=ORIENTED_EDGE('',*,*,#2043,.T.);
#1223=ORIENTED_EDGE('',*,*,#2070,.T.);
#1224=ORIENTED_EDGE('',*,*,#2071,.F.);
#1225=ORIENTED_EDGE('',*,*,#2070,.F.);
#1226=ORIENTED_EDGE('',*,*,#2042,.T.);
#1227=ORIENTED_EDGE('',*,*,#2072,.T.);
#1228=ORIENTED_EDGE('',*,*,#2073,.F.);
#1229=ORIENTED_EDGE('',*,*,#2072,.F.);
#1230=ORIENTED_EDGE('',*,*,#2041,.T.);
#1231=ORIENTED_EDGE('',*,*,#2074,.T.);
#1232=ORIENTED_EDGE('',*,*,#2075,.F.);
#1233=ORIENTED_EDGE('',*,*,#2074,.F.);
#1234=ORIENTED_EDGE('',*,*,#2040,.T.);
#1235=ORIENTED_EDGE('',*,*,#2076,.T.);
#1236=ORIENTED_EDGE('',*,*,#2077,.F.);
#1237=ORIENTED_EDGE('',*,*,#2076,.F.);
#1238=ORIENTED_EDGE('',*,*,#2039,.T.);
#1239=ORIENTED_EDGE('',*,*,#2078,.T.);
#1240=ORIENTED_EDGE('',*,*,#2079,.F.);
#1241=ORIENTED_EDGE('',*,*,#2078,.F.);
#1242=ORIENTED_EDGE('',*,*,#2038,.T.);
#1243=ORIENTED_EDGE('',*,*,#2080,.T.);
#1244=ORIENTED_EDGE('',*,*,#2081,.F.);
#1245=ORIENTED_EDGE('',*,*,#2080,.F.);
#1246=ORIENTED_EDGE('',*,*,#2037,.T.);
#1247=ORIENTED_EDGE('',*,*,#2082,.T.);
#1248=ORIENTED_EDGE('',*,*,#2083,.F.);
#1249=ORIENTED_EDGE('',*,*,#2082,.F.);
#1250=ORIENTED_EDGE('',*,*,#2036,.T.);
#1251=ORIENTED_EDGE('',*,*,#2084,.T.);
#1252=ORIENTED_EDGE('',*,*,#2085,.F.);
#1253=ORIENTED_EDGE('',*,*,#2084,.F.);
#1254=ORIENTED_EDGE('',*,*,#2035,.T.);
#1255=ORIENTED_EDGE('',*,*,#2086,.T.);
#1256=ORIENTED_EDGE('',*,*,#2087,.F.);
#1257=ORIENTED_EDGE('',*,*,#2086,.F.);
#1258=ORIENTED_EDGE('',*,*,#2034,.T.);
#1259=ORIENTED_EDGE('',*,*,#2088,.T.);
#1260=ORIENTED_EDGE('',*,*,#2089,.F.);
#1261=ORIENTED_EDGE('',*,*,#2088,.F.);
#1262=ORIENTED_EDGE('',*,*,#2033,.T.);
#1263=ORIENTED_EDGE('',*,*,#2090,.T.);
#1264=ORIENTED_EDGE('',*,*,#2091,.F.);
#1265=ORIENTED_EDGE('',*,*,#2090,.F.);
#1266=ORIENTED_EDGE('',*,*,#2032,.T.);
#1267=ORIENTED_EDGE('',*,*,#2092,.T.);
#1268=ORIENTED_EDGE('',*,*,#2093,.F.);
#1269=ORIENTED_EDGE('',*,*,#2092,.F.);
#1270=ORIENTED_EDGE('',*,*,#2031,.T.);
#1271=ORIENTED_EDGE('',*,*,#2094,.T.);
#1272=ORIENTED_EDGE('',*,*,#2095,.F.);
#1273=ORIENTED_EDGE('',*,*,#2094,.F.);
#1274=ORIENTED_EDGE('',*,*,#2030,.T.);
#1275=ORIENTED_EDGE('',*,*,#2096,.T.);
#1276=ORIENTED_EDGE('',*,*,#2097,.F.);
#1277=ORIENTED_EDGE('',*,*,#2096,.F.);
#1278=ORIENTED_EDGE('',*,*,#2029,.T.);
#1279=ORIENTED_EDGE('',*,*,#2098,.T.);
#1280=ORIENTED_EDGE('',*,*,#2099,.F.);
#1281=ORIENTED_EDGE('',*,*,#2098,.F.);
#1282=ORIENTED_EDGE('',*,*,#2028,.T.);
#1283=ORIENTED_EDGE('',*,*,#2100,.T.);
#1284=ORIENTED_EDGE('',*,*,#2101,.F.);
#1285=ORIENTED_EDGE('',*,*,#2100,.F.);
#1286=ORIENTED_EDGE('',*,*,#2027,.T.);
#1287=ORIENTED_EDGE('',*,*,#2102,.T.);
#1288=ORIENTED_EDGE('',*,*,#2103,.F.);
#1289=ORIENTED_EDGE('',*,*,#2102,.F.);
#1290=ORIENTED_EDGE('',*,*,#2026,.T.);
#1291=ORIENTED_EDGE('',*,*,#2104,.T.);
#1292=ORIENTED_EDGE('',*,*,#2105,.F.);
#1293=ORIENTED_EDGE('',*,*,#2104,.F.);
#1294=ORIENTED_EDGE('',*,*,#2025,.T.);
#1295=ORIENTED_EDGE('',*,*,#2106,.T.);
#1296=ORIENTED_EDGE('',*,*,#2107,.F.);
#1297=ORIENTED_EDGE('',*,*,#2106,.F.);
#1298=ORIENTED_EDGE('',*,*,#2024,.T.);
#1299=ORIENTED_EDGE('',*,*,#2108,.T.);
#1300=ORIENTED_EDGE('',*,*,#2109,.F.);
#1301=ORIENTED_EDGE('',*,*,#2108,.F.);
#1302=ORIENTED_EDGE('',*,*,#2023,.T.);
#1303=ORIENTED_EDGE('',*,*,#2110,.T.);
#1304=ORIENTED_EDGE('',*,*,#2111,.F.);
#1305=ORIENTED_EDGE('',*,*,#2110,.F.);
#1306=ORIENTED_EDGE('',*,*,#2022,.T.);
#1307=ORIENTED_EDGE('',*,*,#2112,.T.);
#1308=ORIENTED_EDGE('',*,*,#2113,.F.);
#1309=ORIENTED_EDGE('',*,*,#2112,.F.);
#1310=ORIENTED_EDGE('',*,*,#2021,.T.);
#1311=ORIENTED_EDGE('',*,*,#2114,.T.);
#1312=ORIENTED_EDGE('',*,*,#2115,.F.);
#1313=ORIENTED_EDGE('',*,*,#2114,.F.);
#1314=ORIENTED_EDGE('',*,*,#2020,.T.);
#1315=ORIENTED_EDGE('',*,*,#2053,.T.);
#1316=ORIENTED_EDGE('',*,*,#2116,.F.);
#1317=ORIENTED_EDGE('',*,*,#2117,.F.);
#1318=ORIENTED_EDGE('',*,*,#2118,.F.);
#1319=ORIENTED_EDGE('',*,*,#2119,.F.);
#1320=ORIENTED_EDGE('',*,*,#2120,.F.);
#1321=ORIENTED_EDGE('',*,*,#2121,.F.);
#1322=ORIENTED_EDGE('',*,*,#2122,.F.);
#1323=ORIENTED_EDGE('',*,*,#2123,.F.);
#1324=ORIENTED_EDGE('',*,*,#2124,.F.);
#1325=ORIENTED_EDGE('',*,*,#2125,.F.);
#1326=ORIENTED_EDGE('',*,*,#2126,.F.);
#1327=ORIENTED_EDGE('',*,*,#2127,.F.);
#1328=ORIENTED_EDGE('',*,*,#2128,.F.);
#1329=ORIENTED_EDGE('',*,*,#2129,.F.);
#1330=ORIENTED_EDGE('',*,*,#2130,.F.);
#1331=ORIENTED_EDGE('',*,*,#2131,.F.);
#1332=ORIENTED_EDGE('',*,*,#2132,.F.);
#1333=ORIENTED_EDGE('',*,*,#2133,.F.);
#1334=ORIENTED_EDGE('',*,*,#2134,.F.);
#1335=ORIENTED_EDGE('',*,*,#2135,.F.);
#1336=ORIENTED_EDGE('',*,*,#2136,.F.);
#1337=ORIENTED_EDGE('',*,*,#2137,.F.);
#1338=ORIENTED_EDGE('',*,*,#2138,.F.);
#1339=ORIENTED_EDGE('',*,*,#2139,.F.);
#1340=ORIENTED_EDGE('',*,*,#2140,.F.);
#1341=ORIENTED_EDGE('',*,*,#2141,.F.);
#1342=ORIENTED_EDGE('',*,*,#2142,.F.);
#1343=ORIENTED_EDGE('',*,*,#2143,.F.);
#1344=ORIENTED_EDGE('',*,*,#2144,.F.);
#1345=ORIENTED_EDGE('',*,*,#2145,.F.);
#1346=ORIENTED_EDGE('',*,*,#2146,.F.);
#1347=ORIENTED_EDGE('',*,*,#2147,.F.);
#1348=ORIENTED_EDGE('',*,*,#2148,.F.);
#1349=ORIENTED_EDGE('',*,*,#2149,.F.);
#1350=ORIENTED_EDGE('',*,*,#2147,.T.);
#1351=ORIENTED_EDGE('',*,*,#2150,.T.);
#1352=ORIENTED_EDGE('',*,*,#2151,.F.);
#1353=ORIENTED_EDGE('',*,*,#2150,.F.);
#1354=ORIENTED_EDGE('',*,*,#2146,.T.);
#1355=ORIENTED_EDGE('',*,*,#2152,.T.);
#1356=ORIENTED_EDGE('',*,*,#2153,.F.);
#1357=ORIENTED_EDGE('',*,*,#2152,.F.);
#1358=ORIENTED_EDGE('',*,*,#2145,.T.);
#1359=ORIENTED_EDGE('',*,*,#2154,.T.);
#1360=ORIENTED_EDGE('',*,*,#2155,.F.);
#1361=ORIENTED_EDGE('',*,*,#2154,.F.);
#1362=ORIENTED_EDGE('',*,*,#2144,.T.);
#1363=ORIENTED_EDGE('',*,*,#2156,.T.);
#1364=ORIENTED_EDGE('',*,*,#2157,.F.);
#1365=ORIENTED_EDGE('',*,*,#2156,.F.);
#1366=ORIENTED_EDGE('',*,*,#2143,.T.);
#1367=ORIENTED_EDGE('',*,*,#2158,.T.);
#1368=ORIENTED_EDGE('',*,*,#2159,.F.);
#1369=ORIENTED_EDGE('',*,*,#2158,.F.);
#1370=ORIENTED_EDGE('',*,*,#2142,.T.);
#1371=ORIENTED_EDGE('',*,*,#2160,.T.);
#1372=ORIENTED_EDGE('',*,*,#2161,.F.);
#1373=ORIENTED_EDGE('',*,*,#2160,.F.);
#1374=ORIENTED_EDGE('',*,*,#2141,.T.);
#1375=ORIENTED_EDGE('',*,*,#2162,.T.);
#1376=ORIENTED_EDGE('',*,*,#2163,.F.);
#1377=ORIENTED_EDGE('',*,*,#2162,.F.);
#1378=ORIENTED_EDGE('',*,*,#2140,.T.);
#1379=ORIENTED_EDGE('',*,*,#2164,.T.);
#1380=ORIENTED_EDGE('',*,*,#2165,.F.);
#1381=ORIENTED_EDGE('',*,*,#2164,.F.);
#1382=ORIENTED_EDGE('',*,*,#2139,.T.);
#1383=ORIENTED_EDGE('',*,*,#2166,.T.);
#1384=ORIENTED_EDGE('',*,*,#2167,.F.);
#1385=ORIENTED_EDGE('',*,*,#2166,.F.);
#1386=ORIENTED_EDGE('',*,*,#2138,.T.);
#1387=ORIENTED_EDGE('',*,*,#2168,.T.);
#1388=ORIENTED_EDGE('',*,*,#2169,.F.);
#1389=ORIENTED_EDGE('',*,*,#2168,.F.);
#1390=ORIENTED_EDGE('',*,*,#2137,.T.);
#1391=ORIENTED_EDGE('',*,*,#2170,.T.);
#1392=ORIENTED_EDGE('',*,*,#2171,.F.);
#1393=ORIENTED_EDGE('',*,*,#2170,.F.);
#1394=ORIENTED_EDGE('',*,*,#2136,.T.);
#1395=ORIENTED_EDGE('',*,*,#2172,.T.);
#1396=ORIENTED_EDGE('',*,*,#2173,.F.);
#1397=ORIENTED_EDGE('',*,*,#2172,.F.);
#1398=ORIENTED_EDGE('',*,*,#2135,.T.);
#1399=ORIENTED_EDGE('',*,*,#2174,.T.);
#1400=ORIENTED_EDGE('',*,*,#2175,.F.);
#1401=ORIENTED_EDGE('',*,*,#2174,.F.);
#1402=ORIENTED_EDGE('',*,*,#2134,.T.);
#1403=ORIENTED_EDGE('',*,*,#2176,.T.);
#1404=ORIENTED_EDGE('',*,*,#2177,.F.);
#1405=ORIENTED_EDGE('',*,*,#2176,.F.);
#1406=ORIENTED_EDGE('',*,*,#2133,.T.);
#1407=ORIENTED_EDGE('',*,*,#2178,.T.);
#1408=ORIENTED_EDGE('',*,*,#2179,.F.);
#1409=ORIENTED_EDGE('',*,*,#2178,.F.);
#1410=ORIENTED_EDGE('',*,*,#2132,.T.);
#1411=ORIENTED_EDGE('',*,*,#2180,.T.);
#1412=ORIENTED_EDGE('',*,*,#2181,.F.);
#1413=ORIENTED_EDGE('',*,*,#2180,.F.);
#1414=ORIENTED_EDGE('',*,*,#2131,.T.);
#1415=ORIENTED_EDGE('',*,*,#2182,.T.);
#1416=ORIENTED_EDGE('',*,*,#2183,.F.);
#1417=ORIENTED_EDGE('',*,*,#2182,.F.);
#1418=ORIENTED_EDGE('',*,*,#2130,.T.);
#1419=ORIENTED_EDGE('',*,*,#2184,.T.);
#1420=ORIENTED_EDGE('',*,*,#2185,.F.);
#1421=ORIENTED_EDGE('',*,*,#2184,.F.);
#1422=ORIENTED_EDGE('',*,*,#2129,.T.);
#1423=ORIENTED_EDGE('',*,*,#2186,.T.);
#1424=ORIENTED_EDGE('',*,*,#2187,.F.);
#1425=ORIENTED_EDGE('',*,*,#2186,.F.);
#1426=ORIENTED_EDGE('',*,*,#2128,.T.);
#1427=ORIENTED_EDGE('',*,*,#2188,.T.);
#1428=ORIENTED_EDGE('',*,*,#2189,.F.);
#1429=ORIENTED_EDGE('',*,*,#2188,.F.);
#1430=ORIENTED_EDGE('',*,*,#2127,.T.);
#1431=ORIENTED_EDGE('',*,*,#2190,.T.);
#1432=ORIENTED_EDGE('',*,*,#2191,.F.);
#1433=ORIENTED_EDGE('',*,*,#2190,.F.);
#1434=ORIENTED_EDGE('',*,*,#2126,.T.);
#1435=ORIENTED_EDGE('',*,*,#2192,.T.);
#1436=ORIENTED_EDGE('',*,*,#2193,.F.);
#1437=ORIENTED_EDGE('',*,*,#2192,.F.);
#1438=ORIENTED_EDGE('',*,*,#2125,.T.);
#1439=ORIENTED_EDGE('',*,*,#2194,.T.);
#1440=ORIENTED_EDGE('',*,*,#2195,.F.);
#1441=ORIENTED_EDGE('',*,*,#2194,.F.);
#1442=ORIENTED_EDGE('',*,*,#2124,.T.);
#1443=ORIENTED_EDGE('',*,*,#2196,.T.);
#1444=ORIENTED_EDGE('',*,*,#2197,.F.);
#1445=ORIENTED_EDGE('',*,*,#2196,.F.);
#1446=ORIENTED_EDGE('',*,*,#2123,.T.);
#1447=ORIENTED_EDGE('',*,*,#2198,.T.);
#1448=ORIENTED_EDGE('',*,*,#2199,.F.);
#1449=ORIENTED_EDGE('',*,*,#2198,.F.);
#1450=ORIENTED_EDGE('',*,*,#2122,.T.);
#1451=ORIENTED_EDGE('',*,*,#2200,.T.);
#1452=ORIENTED_EDGE('',*,*,#2201,.F.);
#1453=ORIENTED_EDGE('',*,*,#2200,.F.);
#1454=ORIENTED_EDGE('',*,*,#2121,.T.);
#1455=ORIENTED_EDGE('',*,*,#2202,.T.);
#1456=ORIENTED_EDGE('',*,*,#2203,.F.);
#1457=ORIENTED_EDGE('',*,*,#2202,.F.);
#1458=ORIENTED_EDGE('',*,*,#2120,.T.);
#1459=ORIENTED_EDGE('',*,*,#2204,.T.);
#1460=ORIENTED_EDGE('',*,*,#2205,.F.);
#1461=ORIENTED_EDGE('',*,*,#2204,.F.);
#1462=ORIENTED_EDGE('',*,*,#2119,.T.);
#1463=ORIENTED_EDGE('',*,*,#2206,.T.);
#1464=ORIENTED_EDGE('',*,*,#2207,.F.);
#1465=ORIENTED_EDGE('',*,*,#2206,.F.);
#1466=ORIENTED_EDGE('',*,*,#2118,.T.);
#1467=ORIENTED_EDGE('',*,*,#2208,.T.);
#1468=ORIENTED_EDGE('',*,*,#2209,.F.);
#1469=ORIENTED_EDGE('',*,*,#2208,.F.);
#1470=ORIENTED_EDGE('',*,*,#2117,.T.);
#1471=ORIENTED_EDGE('',*,*,#2210,.T.);
#1472=ORIENTED_EDGE('',*,*,#2211,.F.);
#1473=ORIENTED_EDGE('',*,*,#2210,.F.);
#1474=ORIENTED_EDGE('',*,*,#2116,.T.);
#1475=ORIENTED_EDGE('',*,*,#2149,.T.);
#1476=ORIENTED_EDGE('',*,*,#2212,.F.);
#1477=ORIENTED_EDGE('',*,*,#2213,.F.);
#1478=ORIENTED_EDGE('',*,*,#2214,.F.);
#1479=ORIENTED_EDGE('',*,*,#2215,.F.);
#1480=ORIENTED_EDGE('',*,*,#2216,.F.);
#1481=ORIENTED_EDGE('',*,*,#2217,.F.);
#1482=ORIENTED_EDGE('',*,*,#2218,.F.);
#1483=ORIENTED_EDGE('',*,*,#2219,.F.);
#1484=ORIENTED_EDGE('',*,*,#2220,.F.);
#1485=ORIENTED_EDGE('',*,*,#2221,.F.);
#1486=ORIENTED_EDGE('',*,*,#2222,.F.);
#1487=ORIENTED_EDGE('',*,*,#2223,.F.);
#1488=ORIENTED_EDGE('',*,*,#2224,.F.);
#1489=ORIENTED_EDGE('',*,*,#2225,.F.);
#1490=ORIENTED_EDGE('',*,*,#2226,.F.);
#1491=ORIENTED_EDGE('',*,*,#2227,.F.);
#1492=ORIENTED_EDGE('',*,*,#2228,.F.);
#1493=ORIENTED_EDGE('',*,*,#2229,.F.);
#1494=ORIENTED_EDGE('',*,*,#2230,.F.);
#1495=ORIENTED_EDGE('',*,*,#2231,.F.);
#1496=ORIENTED_EDGE('',*,*,#2232,.F.);
#1497=ORIENTED_EDGE('',*,*,#2233,.F.);
#1498=ORIENTED_EDGE('',*,*,#2234,.F.);
#1499=ORIENTED_EDGE('',*,*,#2235,.F.);
#1500=ORIENTED_EDGE('',*,*,#2236,.F.);
#1501=ORIENTED_EDGE('',*,*,#2237,.F.);
#1502=ORIENTED_EDGE('',*,*,#2238,.F.);
#1503=ORIENTED_EDGE('',*,*,#2239,.F.);
#1504=ORIENTED_EDGE('',*,*,#2240,.F.);
#1505=ORIENTED_EDGE('',*,*,#2241,.F.);
#1506=ORIENTED_EDGE('',*,*,#2242,.F.);
#1507=ORIENTED_EDGE('',*,*,#2243,.F.);
#1508=ORIENTED_EDGE('',*,*,#2244,.F.);
#1509=ORIENTED_EDGE('',*,*,#2245,.F.);
#1510=ORIENTED_EDGE('',*,*,#2243,.T.);
#1511=ORIENTED_EDGE('',*,*,#2246,.T.);
#1512=ORIENTED_EDGE('',*,*,#2247,.F.);
#1513=ORIENTED_EDGE('',*,*,#2246,.F.);
#1514=ORIENTED_EDGE('',*,*,#2242,.T.);
#1515=ORIENTED_EDGE('',*,*,#2248,.T.);
#1516=ORIENTED_EDGE('',*,*,#2249,.F.);
#1517=ORIENTED_EDGE('',*,*,#2248,.F.);
#1518=ORIENTED_EDGE('',*,*,#2241,.T.);
#1519=ORIENTED_EDGE('',*,*,#2250,.T.);
#1520=ORIENTED_EDGE('',*,*,#2251,.F.);
#1521=ORIENTED_EDGE('',*,*,#2250,.F.);
#1522=ORIENTED_EDGE('',*,*,#2240,.T.);
#1523=ORIENTED_EDGE('',*,*,#2252,.T.);
#1524=ORIENTED_EDGE('',*,*,#2253,.F.);
#1525=ORIENTED_EDGE('',*,*,#2252,.F.);
#1526=ORIENTED_EDGE('',*,*,#2239,.T.);
#1527=ORIENTED_EDGE('',*,*,#2254,.T.);
#1528=ORIENTED_EDGE('',*,*,#2255,.F.);
#1529=ORIENTED_EDGE('',*,*,#2254,.F.);
#1530=ORIENTED_EDGE('',*,*,#2238,.T.);
#1531=ORIENTED_EDGE('',*,*,#2256,.T.);
#1532=ORIENTED_EDGE('',*,*,#2257,.F.);
#1533=ORIENTED_EDGE('',*,*,#2256,.F.);
#1534=ORIENTED_EDGE('',*,*,#2237,.T.);
#1535=ORIENTED_EDGE('',*,*,#2258,.T.);
#1536=ORIENTED_EDGE('',*,*,#2259,.F.);
#1537=ORIENTED_EDGE('',*,*,#2258,.F.);
#1538=ORIENTED_EDGE('',*,*,#2236,.T.);
#1539=ORIENTED_EDGE('',*,*,#2260,.T.);
#1540=ORIENTED_EDGE('',*,*,#2261,.F.);
#1541=ORIENTED_EDGE('',*,*,#2260,.F.);
#1542=ORIENTED_EDGE('',*,*,#2235,.T.);
#1543=ORIENTED_EDGE('',*,*,#2262,.T.);
#1544=ORIENTED_EDGE('',*,*,#2263,.F.);
#1545=ORIENTED_EDGE('',*,*,#2262,.F.);
#1546=ORIENTED_EDGE('',*,*,#2234,.T.);
#1547=ORIENTED_EDGE('',*,*,#2264,.T.);
#1548=ORIENTED_EDGE('',*,*,#2265,.F.);
#1549=ORIENTED_EDGE('',*,*,#2264,.F.);
#1550=ORIENTED_EDGE('',*,*,#2233,.T.);
#1551=ORIENTED_EDGE('',*,*,#2266,.T.);
#1552=ORIENTED_EDGE('',*,*,#2267,.F.);
#1553=ORIENTED_EDGE('',*,*,#2266,.F.);
#1554=ORIENTED_EDGE('',*,*,#2232,.T.);
#1555=ORIENTED_EDGE('',*,*,#2268,.T.);
#1556=ORIENTED_EDGE('',*,*,#2269,.F.);
#1557=ORIENTED_EDGE('',*,*,#2268,.F.);
#1558=ORIENTED_EDGE('',*,*,#2231,.T.);
#1559=ORIENTED_EDGE('',*,*,#2270,.T.);
#1560=ORIENTED_EDGE('',*,*,#2271,.F.);
#1561=ORIENTED_EDGE('',*,*,#2270,.F.);
#1562=ORIENTED_EDGE('',*,*,#2230,.T.);
#1563=ORIENTED_EDGE('',*,*,#2272,.T.);
#1564=ORIENTED_EDGE('',*,*,#2273,.F.);
#1565=ORIENTED_EDGE('',*,*,#2272,.F.);
#1566=ORIENTED_EDGE('',*,*,#2229,.T.);
#1567=ORIENTED_EDGE('',*,*,#2274,.T.);
#1568=ORIENTED_EDGE('',*,*,#2275,.F.);
#1569=ORIENTED_EDGE('',*,*,#2274,.F.);
#1570=ORIENTED_EDGE('',*,*,#2228,.T.);
#1571=ORIENTED_EDGE('',*,*,#2276,.T.);
#1572=ORIENTED_EDGE('',*,*,#2277,.F.);
#1573=ORIENTED_EDGE('',*,*,#2276,.F.);
#1574=ORIENTED_EDGE('',*,*,#2227,.T.);
#1575=ORIENTED_EDGE('',*,*,#2278,.T.);
#1576=ORIENTED_EDGE('',*,*,#2279,.F.);
#1577=ORIENTED_EDGE('',*,*,#2278,.F.);
#1578=ORIENTED_EDGE('',*,*,#2226,.T.);
#1579=ORIENTED_EDGE('',*,*,#2280,.T.);
#1580=ORIENTED_EDGE('',*,*,#2281,.F.);
#1581=ORIENTED_EDGE('',*,*,#2280,.F.);
#1582=ORIENTED_EDGE('',*,*,#2225,.T.);
#1583=ORIENTED_EDGE('',*,*,#2282,.T.);
#1584=ORIENTED_EDGE('',*,*,#2283,.F.);
#1585=ORIENTED_EDGE('',*,*,#2282,.F.);
#1586=ORIENTED_EDGE('',*,*,#2224,.T.);
#1587=ORIENTED_EDGE('',*,*,#2284,.T.);
#1588=ORIENTED_EDGE('',*,*,#2285,.F.);
#1589=ORIENTED_EDGE('',*,*,#2284,.F.);
#1590=ORIENTED_EDGE('',*,*,#2223,.T.);
#1591=ORIENTED_EDGE('',*,*,#2286,.T.);
#1592=ORIENTED_EDGE('',*,*,#2287,.F.);
#1593=ORIENTED_EDGE('',*,*,#2286,.F.);
#1594=ORIENTED_EDGE('',*,*,#2222,.T.);
#1595=ORIENTED_EDGE('',*,*,#2288,.T.);
#1596=ORIENTED_EDGE('',*,*,#2289,.F.);
#1597=ORIENTED_EDGE('',*,*,#2288,.F.);
#1598=ORIENTED_EDGE('',*,*,#2221,.T.);
#1599=ORIENTED_EDGE('',*,*,#2290,.T.);
#1600=ORIENTED_EDGE('',*,*,#2291,.F.);
#1601=ORIENTED_EDGE('',*,*,#2290,.F.);
#1602=ORIENTED_EDGE('',*,*,#2220,.T.);
#1603=ORIENTED_EDGE('',*,*,#2292,.T.);
#1604=ORIENTED_EDGE('',*,*,#2293,.F.);
#1605=ORIENTED_EDGE('',*,*,#2292,.F.);
#1606=ORIENTED_EDGE('',*,*,#2219,.T.);
#1607=ORIENTED_EDGE('',*,*,#2294,.T.);
#1608=ORIENTED_EDGE('',*,*,#2295,.F.);
#1609=ORIENTED_EDGE('',*,*,#2294,.F.);
#1610=ORIENTED_EDGE('',*,*,#2218,.T.);
#1611=ORIENTED_EDGE('',*,*,#2296,.T.);
#1612=ORIENTED_EDGE('',*,*,#2297,.F.);
#1613=ORIENTED_EDGE('',*,*,#2296,.F.);
#1614=ORIENTED_EDGE('',*,*,#2217,.T.);
#1615=ORIENTED_EDGE('',*,*,#2298,.T.);
#1616=ORIENTED_EDGE('',*,*,#2299,.F.);
#1617=ORIENTED_EDGE('',*,*,#2298,.F.);
#1618=ORIENTED_EDGE('',*,*,#2216,.T.);
#1619=ORIENTED_EDGE('',*,*,#2300,.T.);
#1620=ORIENTED_EDGE('',*,*,#2301,.F.);
#1621=ORIENTED_EDGE('',*,*,#2300,.F.);
#1622=ORIENTED_EDGE('',*,*,#2215,.T.);
#1623=ORIENTED_EDGE('',*,*,#2302,.T.);
#1624=ORIENTED_EDGE('',*,*,#2303,.F.);
#1625=ORIENTED_EDGE('',*,*,#2302,.F.);
#1626=ORIENTED_EDGE('',*,*,#2214,.T.);
#1627=ORIENTED_EDGE('',*,*,#2304,.T.);
#1628=ORIENTED_EDGE('',*,*,#2305,.F.);
#1629=ORIENTED_EDGE('',*,*,#2304,.F.);
#1630=ORIENTED_EDGE('',*,*,#2213,.T.);
#1631=ORIENTED_EDGE('',*,*,#2306,.T.);
#1632=ORIENTED_EDGE('',*,*,#2307,.F.);
#1633=ORIENTED_EDGE('',*,*,#2306,.F.);
#1634=ORIENTED_EDGE('',*,*,#2212,.T.);
#1635=ORIENTED_EDGE('',*,*,#2245,.T.);
#1636=ORIENTED_EDGE('',*,*,#2308,.T.);
#1637=ORIENTED_EDGE('',*,*,#2308,.F.);
#1638=ORIENTED_EDGE('',*,*,#2309,.F.);
#1639=ORIENTED_EDGE('',*,*,#2309,.T.);
#1640=ORIENTED_EDGE('',*,*,#2310,.T.);
#1641=ORIENTED_EDGE('',*,*,#2311,.T.);
#1642=ORIENTED_EDGE('',*,*,#2311,.F.);
#1643=ORIENTED_EDGE('',*,*,#2312,.T.);
#1644=ORIENTED_EDGE('',*,*,#2312,.F.);
#1645=ORIENTED_EDGE('',*,*,#2313,.F.);
#1646=ORIENTED_EDGE('',*,*,#2313,.T.);
#1647=ORIENTED_EDGE('',*,*,#2314,.T.);
#1648=ORIENTED_EDGE('',*,*,#2315,.F.);
#1649=ORIENTED_EDGE('',*,*,#2314,.F.);
#1650=ORIENTED_EDGE('',*,*,#2315,.T.);
#1651=ORIENTED_EDGE('',*,*,#2316,.T.);
#1652=ORIENTED_EDGE('',*,*,#2307,.T.);
#1653=ORIENTED_EDGE('',*,*,#2244,.T.);
#1654=ORIENTED_EDGE('',*,*,#2247,.T.);
#1655=ORIENTED_EDGE('',*,*,#2249,.T.);
#1656=ORIENTED_EDGE('',*,*,#2251,.T.);
#1657=ORIENTED_EDGE('',*,*,#2253,.T.);
#1658=ORIENTED_EDGE('',*,*,#2255,.T.);
#1659=ORIENTED_EDGE('',*,*,#2257,.T.);
#1660=ORIENTED_EDGE('',*,*,#2259,.T.);
#1661=ORIENTED_EDGE('',*,*,#2261,.T.);
#1662=ORIENTED_EDGE('',*,*,#2263,.T.);
#1663=ORIENTED_EDGE('',*,*,#2265,.T.);
#1664=ORIENTED_EDGE('',*,*,#2267,.T.);
#1665=ORIENTED_EDGE('',*,*,#2269,.T.);
#1666=ORIENTED_EDGE('',*,*,#2271,.T.);
#1667=ORIENTED_EDGE('',*,*,#2273,.T.);
#1668=ORIENTED_EDGE('',*,*,#2275,.T.);
#1669=ORIENTED_EDGE('',*,*,#2277,.T.);
#1670=ORIENTED_EDGE('',*,*,#2279,.T.);
#1671=ORIENTED_EDGE('',*,*,#2281,.T.);
#1672=ORIENTED_EDGE('',*,*,#2283,.T.);
#1673=ORIENTED_EDGE('',*,*,#2285,.T.);
#1674=ORIENTED_EDGE('',*,*,#2287,.T.);
#1675=ORIENTED_EDGE('',*,*,#2289,.T.);
#1676=ORIENTED_EDGE('',*,*,#2291,.T.);
#1677=ORIENTED_EDGE('',*,*,#2293,.T.);
#1678=ORIENTED_EDGE('',*,*,#2295,.T.);
#1679=ORIENTED_EDGE('',*,*,#2297,.T.);
#1680=ORIENTED_EDGE('',*,*,#2299,.T.);
#1681=ORIENTED_EDGE('',*,*,#2301,.T.);
#1682=ORIENTED_EDGE('',*,*,#2303,.T.);
#1683=ORIENTED_EDGE('',*,*,#2305,.T.);
#1684=ORIENTED_EDGE('',*,*,#2211,.T.);
#1685=ORIENTED_EDGE('',*,*,#2148,.T.);
#1686=ORIENTED_EDGE('',*,*,#2151,.T.);
#1687=ORIENTED_EDGE('',*,*,#2153,.T.);
#1688=ORIENTED_EDGE('',*,*,#2155,.T.);
#1689=ORIENTED_EDGE('',*,*,#2157,.T.);
#1690=ORIENTED_EDGE('',*,*,#2159,.T.);
#1691=ORIENTED_EDGE('',*,*,#2161,.T.);
#1692=ORIENTED_EDGE('',*,*,#2163,.T.);
#1693=ORIENTED_EDGE('',*,*,#2165,.T.);
#1694=ORIENTED_EDGE('',*,*,#2167,.T.);
#1695=ORIENTED_EDGE('',*,*,#2169,.T.);
#1696=ORIENTED_EDGE('',*,*,#2171,.T.);
#1697=ORIENTED_EDGE('',*,*,#2173,.T.);
#1698=ORIENTED_EDGE('',*,*,#2175,.T.);
#1699=ORIENTED_EDGE('',*,*,#2177,.T.);
#1700=ORIENTED_EDGE('',*,*,#2179,.T.);
#1701=ORIENTED_EDGE('',*,*,#2181,.T.);
#1702=ORIENTED_EDGE('',*,*,#2183,.T.);
#1703=ORIENTED_EDGE('',*,*,#2185,.T.);
#1704=ORIENTED_EDGE('',*,*,#2187,.T.);
#1705=ORIENTED_EDGE('',*,*,#2189,.T.);
#1706=ORIENTED_EDGE('',*,*,#2191,.T.);
#1707=ORIENTED_EDGE('',*,*,#2193,.T.);
#1708=ORIENTED_EDGE('',*,*,#2195,.T.);
#1709=ORIENTED_EDGE('',*,*,#2197,.T.);
#1710=ORIENTED_EDGE('',*,*,#2199,.T.);
#1711=ORIENTED_EDGE('',*,*,#2201,.T.);
#1712=ORIENTED_EDGE('',*,*,#2203,.T.);
#1713=ORIENTED_EDGE('',*,*,#2205,.T.);
#1714=ORIENTED_EDGE('',*,*,#2207,.T.);
#1715=ORIENTED_EDGE('',*,*,#2209,.T.);
#1716=ORIENTED_EDGE('',*,*,#2115,.T.);
#1717=ORIENTED_EDGE('',*,*,#2052,.T.);
#1718=ORIENTED_EDGE('',*,*,#2055,.T.);
#1719=ORIENTED_EDGE('',*,*,#2057,.T.);
#1720=ORIENTED_EDGE('',*,*,#2059,.T.);
#1721=ORIENTED_EDGE('',*,*,#2061,.T.);
#1722=ORIENTED_EDGE('',*,*,#2063,.T.);
#1723=ORIENTED_EDGE('',*,*,#2065,.T.);
#1724=ORIENTED_EDGE('',*,*,#2067,.T.);
#1725=ORIENTED_EDGE('',*,*,#2069,.T.);
#1726=ORIENTED_EDGE('',*,*,#2071,.T.);
#1727=ORIENTED_EDGE('',*,*,#2073,.T.);
#1728=ORIENTED_EDGE('',*,*,#2075,.T.);
#1729=ORIENTED_EDGE('',*,*,#2077,.T.);
#1730=ORIENTED_EDGE('',*,*,#2079,.T.);
#1731=ORIENTED_EDGE('',*,*,#2081,.T.);
#1732=ORIENTED_EDGE('',*,*,#2083,.T.);
#1733=ORIENTED_EDGE('',*,*,#2085,.T.);
#1734=ORIENTED_EDGE('',*,*,#2087,.T.);
#1735=ORIENTED_EDGE('',*,*,#2089,.T.);
#1736=ORIENTED_EDGE('',*,*,#2091,.T.);
#1737=ORIENTED_EDGE('',*,*,#2093,.T.);
#1738=ORIENTED_EDGE('',*,*,#2095,.T.);
#1739=ORIENTED_EDGE('',*,*,#2097,.T.);
#1740=ORIENTED_EDGE('',*,*,#2099,.T.);
#1741=ORIENTED_EDGE('',*,*,#2101,.T.);
#1742=ORIENTED_EDGE('',*,*,#2103,.T.);
#1743=ORIENTED_EDGE('',*,*,#2105,.T.);
#1744=ORIENTED_EDGE('',*,*,#2107,.T.);
#1745=ORIENTED_EDGE('',*,*,#2109,.T.);
#1746=ORIENTED_EDGE('',*,*,#2111,.T.);
#1747=ORIENTED_EDGE('',*,*,#2113,.T.);
#1748=ORIENTED_EDGE('',*,*,#2019,.T.);
#1749=ORIENTED_EDGE('',*,*,#1956,.T.);
#1750=ORIENTED_EDGE('',*,*,#1959,.T.);
#1751=ORIENTED_EDGE('',*,*,#1961,.T.);
#1752=ORIENTED_EDGE('',*,*,#1963,.T.);
#1753=ORIENTED_EDGE('',*,*,#1965,.T.);
#1754=ORIENTED_EDGE('',*,*,#1967,.T.);
#1755=ORIENTED_EDGE('',*,*,#1969,.T.);
#1756=ORIENTED_EDGE('',*,*,#1971,.T.);
#1757=ORIENTED_EDGE('',*,*,#1973,.T.);
#1758=ORIENTED_EDGE('',*,*,#1975,.T.);
#1759=ORIENTED_EDGE('',*,*,#1977,.T.);
#1760=ORIENTED_EDGE('',*,*,#1979,.T.);
#1761=ORIENTED_EDGE('',*,*,#1981,.T.);
#1762=ORIENTED_EDGE('',*,*,#1983,.T.);
#1763=ORIENTED_EDGE('',*,*,#1985,.T.);
#1764=ORIENTED_EDGE('',*,*,#1987,.T.);
#1765=ORIENTED_EDGE('',*,*,#1989,.T.);
#1766=ORIENTED_EDGE('',*,*,#1991,.T.);
#1767=ORIENTED_EDGE('',*,*,#1993,.T.);
#1768=ORIENTED_EDGE('',*,*,#1995,.T.);
#1769=ORIENTED_EDGE('',*,*,#1997,.T.);
#1770=ORIENTED_EDGE('',*,*,#1999,.T.);
#1771=ORIENTED_EDGE('',*,*,#2001,.T.);
#1772=ORIENTED_EDGE('',*,*,#2003,.T.);
#1773=ORIENTED_EDGE('',*,*,#2005,.T.);
#1774=ORIENTED_EDGE('',*,*,#2007,.T.);
#1775=ORIENTED_EDGE('',*,*,#2009,.T.);
#1776=ORIENTED_EDGE('',*,*,#2011,.T.);
#1777=ORIENTED_EDGE('',*,*,#2013,.T.);
#1778=ORIENTED_EDGE('',*,*,#2015,.T.);
#1779=ORIENTED_EDGE('',*,*,#2017,.T.);
#1780=ORIENTED_EDGE('',*,*,#2317,.T.);
#1781=ORIENTED_EDGE('',*,*,#2316,.F.);
#1782=ORIENTED_EDGE('',*,*,#2318,.T.);
#1783=ORIENTED_EDGE('',*,*,#2310,.F.);
#1784=ORIENTED_EDGE('',*,*,#2318,.F.);
#1785=ORIENTED_EDGE('',*,*,#2317,.F.);
#1786=EDGE_CURVE('',#2319,#2320,#2668,.F.);
#1787=EDGE_CURVE('',#2320,#2321,#2669,.F.);
#1788=EDGE_CURVE('',#2321,#2322,#2670,.T.);
#1789=EDGE_CURVE('',#2322,#2319,#2671,.T.);
#1790=EDGE_CURVE('',#2323,#2324,#2672,.T.);
#1791=EDGE_CURVE('',#2323,#2325,#2673,.T.);
#1792=EDGE_CURVE('',#2325,#2326,#2674,.T.);
#1793=EDGE_CURVE('',#2324,#2326,#2675,.T.);
#1794=EDGE_CURVE('',#2327,#2328,#2676,.F.);
#1795=EDGE_CURVE('',#2328,#2329,#2677,.T.);
#1796=EDGE_CURVE('',#2329,#2330,#2678,.T.);
#1797=EDGE_CURVE('',#2330,#2327,#2679,.F.);
#1798=EDGE_CURVE('',#2331,#2332,#2680,.F.);
#1799=EDGE_CURVE('',#2332,#2333,#2681,.F.);
#1800=EDGE_CURVE('',#2333,#2334,#2682,.T.);
#1801=EDGE_CURVE('',#2334,#2331,#2683,.T.);
#1802=EDGE_CURVE('',#2335,#2336,#2684,.F.);
#1803=EDGE_CURVE('',#2336,#2337,#2685,.F.);
#1804=EDGE_CURVE('',#2337,#2338,#2686,.T.);
#1805=EDGE_CURVE('',#2338,#2335,#2687,.T.);
#1806=EDGE_CURVE('',#2339,#2340,#2688,.T.);
#1807=EDGE_CURVE('',#2340,#2341,#2689,.F.);
#1808=EDGE_CURVE('',#2341,#2342,#2690,.F.);
#1809=EDGE_CURVE('',#2342,#2339,#2691,.T.);
#1810=EDGE_CURVE('',#2343,#2344,#2692,.F.);
#1811=EDGE_CURVE('',#2344,#2345,#2693,.T.);
#1812=EDGE_CURVE('',#2345,#2346,#2694,.T.);
#1813=EDGE_CURVE('',#2346,#2343,#2695,.F.);
#1814=EDGE_CURVE('',#2347,#2323,#2696,.T.);
#1815=EDGE_CURVE('',#2347,#2348,#2697,.T.);
#1816=EDGE_CURVE('',#2348,#2325,#2698,.T.);
#1817=EDGE_CURVE('',#2349,#2324,#2699,.T.);
#1818=EDGE_CURVE('',#2347,#2349,#2700,.T.);
#1819=EDGE_CURVE('',#2350,#2326,#2701,.T.);
#1820=EDGE_CURVE('',#2349,#2350,#2702,.T.);
#1821=EDGE_CURVE('',#2348,#2350,#2703,.T.);
#1822=EDGE_CURVE('',#2336,#2322,#350,.T.);
#1823=EDGE_CURVE('',#2319,#2335,#351,.T.);
#1824=EDGE_CURVE('',#2336,#2331,#352,.F.);
#1825=EDGE_CURVE('',#2331,#2322,#353,.F.);
#1826=EDGE_CURVE('',#2319,#2340,#354,.F.);
#1827=EDGE_CURVE('',#2340,#2335,#355,.F.);
#1828=EDGE_CURVE('',#2332,#2321,#356,.T.);
#1829=EDGE_CURVE('',#2337,#2334,#357,.T.);
#1830=EDGE_CURVE('',#2338,#2346,#358,.T.);
#1831=EDGE_CURVE('',#2343,#2337,#359,.T.);
#1832=EDGE_CURVE('',#2341,#2338,#360,.T.);
#1833=EDGE_CURVE('',#2320,#2339,#361,.T.);
#1834=EDGE_CURVE('',#2321,#2329,#362,.T.);
#1835=EDGE_CURVE('',#2330,#2320,#363,.T.);
#1836=EDGE_CURVE('',#2332,#2329,#364,.F.);
#1837=EDGE_CURVE('',#2343,#2334,#365,.F.);
#1838=EDGE_CURVE('',#2341,#2346,#366,.F.);
#1839=EDGE_CURVE('',#2330,#2339,#367,.F.);
#1840=EDGE_CURVE('',#2333,#2328,#368,.T.);
#1841=EDGE_CURVE('',#2344,#2333,#369,.T.);
#1842=EDGE_CURVE('',#2342,#2345,#370,.T.);
#1843=EDGE_CURVE('',#2327,#2342,#371,.T.);
#1844=EDGE_CURVE('',#2344,#2328,#372,.F.);
#1845=EDGE_CURVE('',#2327,#2345,#373,.F.);
#1846=EDGE_CURVE('',#2351,#2352,#2704,.T.);
#1847=EDGE_CURVE('',#2353,#2351,#2705,.T.);
#1848=EDGE_CURVE('',#2353,#2354,#2706,.T.);
#1849=EDGE_CURVE('',#2354,#2352,#2707,.T.);
#1850=EDGE_CURVE('',#2351,#2355,#2708,.T.);
#1851=EDGE_CURVE('',#2356,#2355,#2709,.T.);
#1852=EDGE_CURVE('',#2353,#2356,#2710,.T.);
#1853=EDGE_CURVE('',#2355,#2357,#2711,.T.);
#1854=EDGE_CURVE('',#2358,#2357,#2712,.T.);
#1855=EDGE_CURVE('',#2356,#2358,#2713,.T.);
#1856=EDGE_CURVE('',#2352,#2357,#2714,.T.);
#1857=EDGE_CURVE('',#2354,#2358,#2715,.T.);
#1858=EDGE_CURVE('',#2359,#2360,#2716,.T.);
#1859=EDGE_CURVE('',#2359,#2361,#2717,.T.);
#1860=EDGE_CURVE('',#2361,#2362,#2718,.T.);
#1861=EDGE_CURVE('',#2362,#2363,#2719,.T.);
#1862=EDGE_CURVE('',#2360,#2363,#2720,.T.);
#1863=EDGE_CURVE('',#2364,#2365,#2721,.T.);
#1864=EDGE_CURVE('',#2366,#2365,#2722,.T.);
#1865=EDGE_CURVE('',#2367,#2366,#2723,.T.);
#1866=EDGE_CURVE('',#2367,#2368,#2724,.T.);
#1867=EDGE_CURVE('',#2368,#2364,#2725,.T.);
#1868=EDGE_CURVE('',#2368,#2361,#374,.T.);
#1869=EDGE_CURVE('',#2364,#2359,#375,.T.);
#1870=EDGE_CURVE('',#2369,#2370,#376,.T.);
#1871=EDGE_CURVE('',#2370,#2371,#2726,.T.);
#1872=EDGE_CURVE('',#2372,#2371,#377,.T.);
#1873=EDGE_CURVE('',#2372,#2369,#2727,.T.);
#1874=EDGE_CURVE('',#2373,#2374,#2728,.T.);
#1875=EDGE_CURVE('',#2375,#2374,#2729,.T.);
#1876=EDGE_CURVE('',#2369,#2375,#2730,.T.);
#1877=EDGE_CURVE('',#2372,#2373,#2731,.T.);
#1878=EDGE_CURVE('',#2376,#2370,#2732,.T.);
#1879=EDGE_CURVE('',#2376,#2377,#2733,.T.);
#1880=EDGE_CURVE('',#2377,#2378,#2734,.T.);
#1881=EDGE_CURVE('',#2371,#2378,#2735,.T.);
#1882=EDGE_CURVE('',#2379,#2380,#378,.T.);
#1883=EDGE_CURVE('',#2381,#2380,#2736,.T.);
#1884=EDGE_CURVE('',#2382,#2381,#379,.T.);
#1885=EDGE_CURVE('',#2379,#2382,#2737,.T.);
#1886=EDGE_CURVE('',#2382,#2383,#2738,.T.);
#1887=EDGE_CURVE('',#2384,#2383,#2739,.T.);
#1888=EDGE_CURVE('',#2385,#2384,#2740,.T.);
#1889=EDGE_CURVE('',#2385,#2379,#2741,.T.);
#1890=EDGE_CURVE('',#2381,#2386,#2742,.T.);
#1891=EDGE_CURVE('',#2380,#2387,#2743,.T.);
#1892=EDGE_CURVE('',#2387,#2388,#2744,.T.);
#1893=EDGE_CURVE('',#2386,#2388,#2745,.T.);
#1894=EDGE_CURVE('',#2389,#2390,#380,.T.);
#1895=EDGE_CURVE('',#2390,#2391,#2746,.T.);
#1896=EDGE_CURVE('',#2392,#2391,#381,.T.);
#1897=EDGE_CURVE('',#2392,#2389,#2747,.T.);
#1898=EDGE_CURVE('',#2393,#2394,#2748,.T.);
#1899=EDGE_CURVE('',#2395,#2394,#2749,.T.);
#1900=EDGE_CURVE('',#2389,#2395,#2750,.T.);
#1901=EDGE_CURVE('',#2392,#2393,#2751,.T.);
#1902=EDGE_CURVE('',#2396,#2390,#2752,.T.);
#1903=EDGE_CURVE('',#2396,#2397,#2753,.T.);
#1904=EDGE_CURVE('',#2397,#2398,#2754,.T.);
#1905=EDGE_CURVE('',#2391,#2398,#2755,.T.);
#1906=EDGE_CURVE('',#2380,#2389,#382,.T.);
#1907=EDGE_CURVE('',#2387,#2395,#383,.T.);
#1908=EDGE_CURVE('',#2399,#2399,#384,.T.);
#1909=EDGE_CURVE('',#2400,#2400,#385,.T.);
#1910=EDGE_CURVE('',#2370,#2379,#386,.T.);
#1911=EDGE_CURVE('',#2361,#2369,#387,.T.);
#1912=EDGE_CURVE('',#2390,#2368,#388,.T.);
#1913=EDGE_CURVE('',#2376,#2385,#389,.T.);
#1914=EDGE_CURVE('',#2362,#2375,#390,.T.);
#1915=EDGE_CURVE('',#2396,#2367,#391,.T.);
#1916=EDGE_CURVE('',#2388,#2394,#392,.T.);
#1917=EDGE_CURVE('',#2377,#2384,#393,.T.);
#1918=EDGE_CURVE('',#2363,#2374,#394,.T.);
#1919=EDGE_CURVE('',#2397,#2366,#395,.T.);
#1920=EDGE_CURVE('',#2360,#2373,#396,.T.);
#1921=EDGE_CURVE('',#2378,#2383,#397,.T.);
#1922=EDGE_CURVE('',#2386,#2393,#398,.T.);
#1923=EDGE_CURVE('',#2398,#2365,#399,.T.);
#1924=EDGE_CURVE('',#2401,#2402,#400,.T.);
#1925=EDGE_CURVE('',#2403,#2401,#401,.T.);
#1926=EDGE_CURVE('',#2404,#2403,#402,.T.);
#1927=EDGE_CURVE('',#2405,#2404,#403,.F.);
#1928=EDGE_CURVE('',#2406,#2405,#2756,.T.);
#1929=EDGE_CURVE('',#2407,#2406,#2757,.T.);
#1930=EDGE_CURVE('',#2408,#2407,#404,.F.);
#1931=EDGE_CURVE('',#2409,#2408,#405,.T.);
#1932=EDGE_CURVE('',#2410,#2409,#406,.T.);
#1933=EDGE_CURVE('',#2411,#2410,#407,.T.);
#1934=EDGE_CURVE('',#2412,#2411,#408,.F.);
#1935=EDGE_CURVE('',#2413,#2412,#409,.F.);
#1936=EDGE_CURVE('',#2414,#2413,#2758,.T.);
#1937=EDGE_CURVE('',#2415,#2414,#2759,.T.);
#1938=EDGE_CURVE('',#2416,#2415,#410,.F.);
#1939=EDGE_CURVE('',#2417,#2416,#411,.T.);
#1940=EDGE_CURVE('',#2418,#2417,#412,.T.);
#1941=EDGE_CURVE('',#2419,#2418,#413,.T.);
#1942=EDGE_CURVE('',#2420,#2419,#414,.F.);
#1943=EDGE_CURVE('',#2421,#2420,#415,.F.);
#1944=EDGE_CURVE('',#2422,#2421,#2760,.T.);
#1945=EDGE_CURVE('',#2423,#2422,#2761,.T.);
#1946=EDGE_CURVE('',#2424,#2423,#416,.F.);
#1947=EDGE_CURVE('',#2425,#2424,#417,.F.);
#1948=EDGE_CURVE('',#2426,#2425,#418,.T.);
#1949=EDGE_CURVE('',#2427,#2426,#419,.T.);
#1950=EDGE_CURVE('',#2428,#2427,#420,.T.);
#1951=EDGE_CURVE('',#2429,#2428,#421,.F.);
#1952=EDGE_CURVE('',#2430,#2429,#2762,.T.);
#1953=EDGE_CURVE('',#2431,#2430,#2763,.T.);
#1954=EDGE_CURVE('',#2432,#2431,#422,.F.);
#1955=EDGE_CURVE('',#2402,#2432,#423,.F.);
#1956=EDGE_CURVE('',#2433,#2434,#424,.F.);
#1957=EDGE_CURVE('',#2402,#2433,#18,.F.);
#1958=EDGE_CURVE('',#2432,#2434,#2764,.T.);
#1959=EDGE_CURVE('',#2434,#2435,#425,.F.);
#1960=EDGE_CURVE('',#2431,#2435,#2765,.T.);
#1961=EDGE_CURVE('',#2435,#2436,#2766,.T.);
#1962=EDGE_CURVE('',#2430,#2436,#2767,.T.);
#1963=EDGE_CURVE('',#2436,#2437,#2768,.T.);
#1964=EDGE_CURVE('',#2429,#2437,#2769,.T.);
#1965=EDGE_CURVE('',#2437,#2438,#426,.F.);
#1966=EDGE_CURVE('',#2428,#2438,#2770,.T.);
#1967=EDGE_CURVE('',#2438,#2439,#427,.T.);
#1968=EDGE_CURVE('',#2427,#2439,#19,.T.);
#1969=EDGE_CURVE('',#2439,#2440,#428,.T.);
#1970=EDGE_CURVE('',#2426,#2440,#2771,.T.);
#1971=EDGE_CURVE('',#2440,#2441,#429,.T.);
#1972=EDGE_CURVE('',#2425,#2441,#20,.T.);
#1973=EDGE_CURVE('',#2441,#2442,#430,.F.);
#1974=EDGE_CURVE('',#2424,#2442,#2772,.T.);
#1975=EDGE_CURVE('',#2442,#2443,#431,.F.);
#1976=EDGE_CURVE('',#2423,#2443,#2773,.T.);
#1977=EDGE_CURVE('',#2443,#2444,#2774,.T.);
#1978=EDGE_CURVE('',#2422,#2444,#2775,.T.);
#1979=EDGE_CURVE('',#2444,#2445,#2776,.T.);
#1980=EDGE_CURVE('',#2421,#2445,#2777,.T.);
#1981=EDGE_CURVE('',#2445,#2446,#432,.F.);
#1982=EDGE_CURVE('',#2420,#2446,#2778,.T.);
#1983=EDGE_CURVE('',#2446,#2447,#433,.F.);
#1984=EDGE_CURVE('',#2419,#2447,#21,.T.);
#1985=EDGE_CURVE('',#2447,#2448,#434,.T.);
#1986=EDGE_CURVE('',#2418,#2448,#2779,.T.);
#1987=EDGE_CURVE('',#2448,#2449,#435,.T.);
#1988=EDGE_CURVE('',#2417,#2449,#22,.T.);
#1989=EDGE_CURVE('',#2449,#2450,#436,.T.);
#1990=EDGE_CURVE('',#2416,#2450,#2780,.T.);
#1991=EDGE_CURVE('',#2450,#2451,#437,.F.);
#1992=EDGE_CURVE('',#2415,#2451,#2781,.T.);
#1993=EDGE_CURVE('',#2451,#2452,#2782,.T.);
#1994=EDGE_CURVE('',#2414,#2452,#2783,.T.);
#1995=EDGE_CURVE('',#2452,#2453,#2784,.T.);
#1996=EDGE_CURVE('',#2413,#2453,#2785,.T.);
#1997=EDGE_CURVE('',#2453,#2454,#438,.F.);
#1998=EDGE_CURVE('',#2412,#2454,#2786,.T.);
#1999=EDGE_CURVE('',#2454,#2455,#439,.F.);
#2000=EDGE_CURVE('',#2411,#2455,#23,.T.);
#2001=EDGE_CURVE('',#2455,#2456,#440,.T.);
#2002=EDGE_CURVE('',#2410,#2456,#2787,.T.);
#2003=EDGE_CURVE('',#2456,#2457,#441,.T.);
#2004=EDGE_CURVE('',#2409,#2457,#24,.T.);
#2005=EDGE_CURVE('',#2457,#2458,#442,.T.);
#2006=EDGE_CURVE('',#2408,#2458,#2788,.T.);
#2007=EDGE_CURVE('',#2458,#2459,#443,.F.);
#2008=EDGE_CURVE('',#2407,#2459,#2789,.T.);
#2009=EDGE_CURVE('',#2459,#2460,#2790,.T.);
#2010=EDGE_CURVE('',#2406,#2460,#2791,.T.);
#2011=EDGE_CURVE('',#2460,#2461,#2792,.T.);
#2012=EDGE_CURVE('',#2405,#2461,#2793,.T.);
#2013=EDGE_CURVE('',#2461,#2462,#444,.F.);
#2014=EDGE_CURVE('',#2404,#2462,#2794,.T.);
#2015=EDGE_CURVE('',#2462,#2463,#445,.T.);
#2016=EDGE_CURVE('',#2403,#2463,#25,.T.);
#2017=EDGE_CURVE('',#2463,#2464,#446,.T.);
#2018=EDGE_CURVE('',#2401,#2464,#2795,.T.);
#2019=EDGE_CURVE('',#2464,#2433,#447,.T.);
#2020=EDGE_CURVE('',#2465,#2466,#448,.T.);
#2021=EDGE_CURVE('',#2467,#2465,#449,.T.);
#2022=EDGE_CURVE('',#2468,#2467,#450,.T.);
#2023=EDGE_CURVE('',#2469,#2468,#451,.F.);
#2024=EDGE_CURVE('',#2470,#2469,#2796,.T.);
#2025=EDGE_CURVE('',#2471,#2470,#2797,.T.);
#2026=EDGE_CURVE('',#2472,#2471,#452,.F.);
#2027=EDGE_CURVE('',#2473,#2472,#453,.F.);
#2028=EDGE_CURVE('',#2474,#2473,#454,.T.);
#2029=EDGE_CURVE('',#2475,#2474,#455,.T.);
#2030=EDGE_CURVE('',#2476,#2475,#456,.T.);
#2031=EDGE_CURVE('',#2477,#2476,#457,.F.);
#2032=EDGE_CURVE('',#2478,#2477,#2798,.T.);
#2033=EDGE_CURVE('',#2479,#2478,#2799,.T.);
#2034=EDGE_CURVE('',#2480,#2479,#458,.F.);
#2035=EDGE_CURVE('',#2481,#2480,#459,.F.);
#2036=EDGE_CURVE('',#2482,#2481,#460,.T.);
#2037=EDGE_CURVE('',#2483,#2482,#461,.T.);
#2038=EDGE_CURVE('',#2484,#2483,#462,.T.);
#2039=EDGE_CURVE('',#2485,#2484,#463,.F.);
#2040=EDGE_CURVE('',#2486,#2485,#2800,.T.);
#2041=EDGE_CURVE('',#2487,#2486,#2801,.T.);
#2042=EDGE_CURVE('',#2488,#2487,#464,.F.);
#2043=EDGE_CURVE('',#2489,#2488,#465,.T.);
#2044=EDGE_CURVE('',#2490,#2489,#466,.T.);
#2045=EDGE_CURVE('',#2491,#2490,#467,.T.);
#2046=EDGE_CURVE('',#2492,#2491,#468,.T.);
#2047=EDGE_CURVE('',#2493,#2492,#469,.F.);
#2048=EDGE_CURVE('',#2494,#2493,#2802,.T.);
#2049=EDGE_CURVE('',#2495,#2494,#2803,.T.);
#2050=EDGE_CURVE('',#2496,#2495,#470,.F.);
#2051=EDGE_CURVE('',#2466,#2496,#471,.T.);
#2052=EDGE_CURVE('',#2497,#2498,#472,.T.);
#2053=EDGE_CURVE('',#2466,#2497,#26,.F.);
#2054=EDGE_CURVE('',#2496,#2498,#2804,.T.);
#2055=EDGE_CURVE('',#2498,#2499,#473,.F.);
#2056=EDGE_CURVE('',#2495,#2499,#2805,.T.);
#2057=EDGE_CURVE('',#2499,#2500,#2806,.T.);
#2058=EDGE_CURVE('',#2494,#2500,#2807,.T.);
#2059=EDGE_CURVE('',#2500,#2501,#2808,.T.);
#2060=EDGE_CURVE('',#2493,#2501,#2809,.T.);
#2061=EDGE_CURVE('',#2501,#2502,#474,.F.);
#2062=EDGE_CURVE('',#2492,#2502,#2810,.T.);
#2063=EDGE_CURVE('',#2502,#2503,#475,.T.);
#2064=EDGE_CURVE('',#2491,#2503,#27,.T.);
#2065=EDGE_CURVE('',#2503,#2504,#476,.T.);
#2066=EDGE_CURVE('',#2490,#2504,#2811,.T.);
#2067=EDGE_CURVE('',#2504,#2505,#477,.T.);
#2068=EDGE_CURVE('',#2489,#2505,#28,.T.);
#2069=EDGE_CURVE('',#2505,#2506,#478,.T.);
#2070=EDGE_CURVE('',#2488,#2506,#2812,.T.);
#2071=EDGE_CURVE('',#2506,#2507,#479,.F.);
#2072=EDGE_CURVE('',#2487,#2507,#2813,.T.);
#2073=EDGE_CURVE('',#2507,#2508,#2814,.T.);
#2074=EDGE_CURVE('',#2486,#2508,#2815,.T.);
#2075=EDGE_CURVE('',#2508,#2509,#2816,.T.);
#2076=EDGE_CURVE('',#2485,#2509,#2817,.T.);
#2077=EDGE_CURVE('',#2509,#2510,#480,.F.);
#2078=EDGE_CURVE('',#2484,#2510,#2818,.T.);
#2079=EDGE_CURVE('',#2510,#2511,#481,.T.);
#2080=EDGE_CURVE('',#2483,#2511,#29,.T.);
#2081=EDGE_CURVE('',#2511,#2512,#482,.T.);
#2082=EDGE_CURVE('',#2482,#2512,#2819,.T.);
#2083=EDGE_CURVE('',#2512,#2513,#483,.T.);
#2084=EDGE_CURVE('',#2481,#2513,#30,.T.);
#2085=EDGE_CURVE('',#2513,#2514,#484,.F.);
#2086=EDGE_CURVE('',#2480,#2514,#2820,.T.);
#2087=EDGE_CURVE('',#2514,#2515,#485,.F.);
#2088=EDGE_CURVE('',#2479,#2515,#2821,.T.);
#2089=EDGE_CURVE('',#2515,#2516,#2822,.T.);
#2090=EDGE_CURVE('',#2478,#2516,#2823,.T.);
#2091=EDGE_CURVE('',#2516,#2517,#2824,.T.);
#2092=EDGE_CURVE('',#2477,#2517,#2825,.T.);
#2093=EDGE_CURVE('',#2517,#2518,#486,.F.);
#2094=EDGE_CURVE('',#2476,#2518,#2826,.T.);
#2095=EDGE_CURVE('',#2518,#2519,#487,.T.);
#2096=EDGE_CURVE('',#2475,#2519,#31,.T.);
#2097=EDGE_CURVE('',#2519,#2520,#488,.T.);
#2098=EDGE_CURVE('',#2474,#2520,#2827,.T.);
#2099=EDGE_CURVE('',#2520,#2521,#489,.T.);
#2100=EDGE_CURVE('',#2473,#2521,#32,.T.);
#2101=EDGE_CURVE('',#2521,#2522,#490,.F.);
#2102=EDGE_CURVE('',#2472,#2522,#2828,.T.);
#2103=EDGE_CURVE('',#2522,#2523,#491,.F.);
#2104=EDGE_CURVE('',#2471,#2523,#2829,.T.);
#2105=EDGE_CURVE('',#2523,#2524,#2830,.T.);
#2106=EDGE_CURVE('',#2470,#2524,#2831,.T.);
#2107=EDGE_CURVE('',#2524,#2525,#2832,.T.);
#2108=EDGE_CURVE('',#2469,#2525,#2833,.T.);
#2109=EDGE_CURVE('',#2525,#2526,#492,.F.);
#2110=EDGE_CURVE('',#2468,#2526,#2834,.T.);
#2111=EDGE_CURVE('',#2526,#2527,#493,.T.);
#2112=EDGE_CURVE('',#2467,#2527,#33,.T.);
#2113=EDGE_CURVE('',#2527,#2528,#494,.T.);
#2114=EDGE_CURVE('',#2465,#2528,#2835,.T.);
#2115=EDGE_CURVE('',#2528,#2497,#495,.T.);
#2116=EDGE_CURVE('',#2529,#2530,#496,.T.);
#2117=EDGE_CURVE('',#2531,#2529,#497,.T.);
#2118=EDGE_CURVE('',#2532,#2531,#498,.T.);
#2119=EDGE_CURVE('',#2533,#2532,#499,.F.);
#2120=EDGE_CURVE('',#2534,#2533,#2836,.T.);
#2121=EDGE_CURVE('',#2535,#2534,#2837,.T.);
#2122=EDGE_CURVE('',#2536,#2535,#500,.F.);
#2123=EDGE_CURVE('',#2537,#2536,#501,.F.);
#2124=EDGE_CURVE('',#2538,#2537,#502,.T.);
#2125=EDGE_CURVE('',#2539,#2538,#503,.T.);
#2126=EDGE_CURVE('',#2540,#2539,#504,.T.);
#2127=EDGE_CURVE('',#2541,#2540,#505,.F.);
#2128=EDGE_CURVE('',#2542,#2541,#2838,.T.);
#2129=EDGE_CURVE('',#2543,#2542,#2839,.T.);
#2130=EDGE_CURVE('',#2544,#2543,#506,.F.);
#2131=EDGE_CURVE('',#2545,#2544,#507,.F.);
#2132=EDGE_CURVE('',#2546,#2545,#508,.T.);
#2133=EDGE_CURVE('',#2547,#2546,#509,.T.);
#2134=EDGE_CURVE('',#2548,#2547,#510,.T.);
#2135=EDGE_CURVE('',#2549,#2548,#511,.F.);
#2136=EDGE_CURVE('',#2550,#2549,#2840,.T.);
#2137=EDGE_CURVE('',#2551,#2550,#2841,.T.);
#2138=EDGE_CURVE('',#2552,#2551,#512,.F.);
#2139=EDGE_CURVE('',#2553,#2552,#513,.F.);
#2140=EDGE_CURVE('',#2554,#2553,#514,.T.);
#2141=EDGE_CURVE('',#2555,#2554,#515,.T.);
#2142=EDGE_CURVE('',#2556,#2555,#516,.T.);
#2143=EDGE_CURVE('',#2557,#2556,#517,.F.);
#2144=EDGE_CURVE('',#2558,#2557,#2842,.T.);
#2145=EDGE_CURVE('',#2559,#2558,#2843,.T.);
#2146=EDGE_CURVE('',#2560,#2559,#518,.F.);
#2147=EDGE_CURVE('',#2530,#2560,#519,.F.);
#2148=EDGE_CURVE('',#2561,#2562,#520,.F.);
#2149=EDGE_CURVE('',#2530,#2561,#34,.F.);
#2150=EDGE_CURVE('',#2560,#2562,#2844,.T.);
#2151=EDGE_CURVE('',#2562,#2563,#521,.F.);
#2152=EDGE_CURVE('',#2559,#2563,#2845,.T.);
#2153=EDGE_CURVE('',#2563,#2564,#2846,.T.);
#2154=EDGE_CURVE('',#2558,#2564,#2847,.T.);
#2155=EDGE_CURVE('',#2564,#2565,#2848,.T.);
#2156=EDGE_CURVE('',#2557,#2565,#2849,.T.);
#2157=EDGE_CURVE('',#2565,#2566,#522,.F.);
#2158=EDGE_CURVE('',#2556,#2566,#2850,.T.);
#2159=EDGE_CURVE('',#2566,#2567,#523,.T.);
#2160=EDGE_CURVE('',#2555,#2567,#35,.T.);
#2161=EDGE_CURVE('',#2567,#2568,#524,.T.);
#2162=EDGE_CURVE('',#2554,#2568,#2851,.T.);
#2163=EDGE_CURVE('',#2568,#2569,#525,.T.);
#2164=EDGE_CURVE('',#2553,#2569,#36,.T.);
#2165=EDGE_CURVE('',#2569,#2570,#526,.F.);
#2166=EDGE_CURVE('',#2552,#2570,#2852,.T.);
#2167=EDGE_CURVE('',#2570,#2571,#527,.F.);
#2168=EDGE_CURVE('',#2551,#2571,#2853,.T.);
#2169=EDGE_CURVE('',#2571,#2572,#2854,.T.);
#2170=EDGE_CURVE('',#2550,#2572,#2855,.T.);
#2171=EDGE_CURVE('',#2572,#2573,#2856,.T.);
#2172=EDGE_CURVE('',#2549,#2573,#2857,.T.);
#2173=EDGE_CURVE('',#2573,#2574,#528,.F.);
#2174=EDGE_CURVE('',#2548,#2574,#2858,.T.);
#2175=EDGE_CURVE('',#2574,#2575,#529,.T.);
#2176=EDGE_CURVE('',#2547,#2575,#37,.T.);
#2177=EDGE_CURVE('',#2575,#2576,#530,.T.);
#2178=EDGE_CURVE('',#2546,#2576,#2859,.T.);
#2179=EDGE_CURVE('',#2576,#2577,#531,.T.);
#2180=EDGE_CURVE('',#2545,#2577,#38,.T.);
#2181=EDGE_CURVE('',#2577,#2578,#532,.F.);
#2182=EDGE_CURVE('',#2544,#2578,#2860,.T.);
#2183=EDGE_CURVE('',#2578,#2579,#533,.F.);
#2184=EDGE_CURVE('',#2543,#2579,#2861,.T.);
#2185=EDGE_CURVE('',#2579,#2580,#2862,.T.);
#2186=EDGE_CURVE('',#2542,#2580,#2863,.T.);
#2187=EDGE_CURVE('',#2580,#2581,#2864,.T.);
#2188=EDGE_CURVE('',#2541,#2581,#2865,.T.);
#2189=EDGE_CURVE('',#2581,#2582,#534,.F.);
#2190=EDGE_CURVE('',#2540,#2582,#2866,.T.);
#2191=EDGE_CURVE('',#2582,#2583,#535,.T.);
#2192=EDGE_CURVE('',#2539,#2583,#39,.T.);
#2193=EDGE_CURVE('',#2583,#2584,#536,.T.);
#2194=EDGE_CURVE('',#2538,#2584,#2867,.T.);
#2195=EDGE_CURVE('',#2584,#2585,#537,.T.);
#2196=EDGE_CURVE('',#2537,#2585,#40,.T.);
#2197=EDGE_CURVE('',#2585,#2586,#538,.F.);
#2198=EDGE_CURVE('',#2536,#2586,#2868,.T.);
#2199=EDGE_CURVE('',#2586,#2587,#539,.F.);
#2200=EDGE_CURVE('',#2535,#2587,#2869,.T.);
#2201=EDGE_CURVE('',#2587,#2588,#2870,.T.);
#2202=EDGE_CURVE('',#2534,#2588,#2871,.T.);
#2203=EDGE_CURVE('',#2588,#2589,#2872,.T.);
#2204=EDGE_CURVE('',#2533,#2589,#2873,.T.);
#2205=EDGE_CURVE('',#2589,#2590,#540,.F.);
#2206=EDGE_CURVE('',#2532,#2590,#2874,.T.);
#2207=EDGE_CURVE('',#2590,#2591,#541,.T.);
#2208=EDGE_CURVE('',#2531,#2591,#41,.T.);
#2209=EDGE_CURVE('',#2591,#2592,#542,.T.);
#2210=EDGE_CURVE('',#2529,#2592,#2875,.T.);
#2211=EDGE_CURVE('',#2592,#2561,#543,.T.);
#2212=EDGE_CURVE('',#2593,#2594,#544,.T.);
#2213=EDGE_CURVE('',#2595,#2593,#545,.T.);
#2214=EDGE_CURVE('',#2596,#2595,#546,.T.);
#2215=EDGE_CURVE('',#2597,#2596,#547,.F.);
#2216=EDGE_CURVE('',#2598,#2597,#2876,.T.);
#2217=EDGE_CURVE('',#2599,#2598,#2877,.T.);
#2218=EDGE_CURVE('',#2600,#2599,#548,.F.);
#2219=EDGE_CURVE('',#2601,#2600,#549,.T.);
#2220=EDGE_CURVE('',#2602,#2601,#550,.T.);
#2221=EDGE_CURVE('',#2603,#2602,#551,.T.);
#2222=EDGE_CURVE('',#2604,#2603,#552,.T.);
#2223=EDGE_CURVE('',#2605,#2604,#553,.F.);
#2224=EDGE_CURVE('',#2606,#2605,#2878,.T.);
#2225=EDGE_CURVE('',#2607,#2606,#2879,.T.);
#2226=EDGE_CURVE('',#2608,#2607,#554,.F.);
#2227=EDGE_CURVE('',#2609,#2608,#555,.T.);
#2228=EDGE_CURVE('',#2610,#2609,#556,.T.);
#2229=EDGE_CURVE('',#2611,#2610,#557,.T.);
#2230=EDGE_CURVE('',#2612,#2611,#558,.T.);
#2231=EDGE_CURVE('',#2613,#2612,#559,.F.);
#2232=EDGE_CURVE('',#2614,#2613,#2880,.T.);
#2233=EDGE_CURVE('',#2615,#2614,#2881,.T.);
#2234=EDGE_CURVE('',#2616,#2615,#560,.F.);
#2235=EDGE_CURVE('',#2617,#2616,#561,.T.);
#2236=EDGE_CURVE('',#2618,#2617,#562,.T.);
#2237=EDGE_CURVE('',#2619,#2618,#563,.T.);
#2238=EDGE_CURVE('',#2620,#2619,#564,.T.);
#2239=EDGE_CURVE('',#2621,#2620,#565,.F.);
#2240=EDGE_CURVE('',#2622,#2621,#2882,.T.);
#2241=EDGE_CURVE('',#2623,#2622,#2883,.T.);
#2242=EDGE_CURVE('',#2624,#2623,#566,.F.);
#2243=EDGE_CURVE('',#2594,#2624,#567,.T.);
#2244=EDGE_CURVE('',#2625,#2626,#568,.T.);
#2245=EDGE_CURVE('',#2594,#2625,#42,.F.);
#2246=EDGE_CURVE('',#2624,#2626,#2884,.T.);
#2247=EDGE_CURVE('',#2626,#2627,#569,.F.);
#2248=EDGE_CURVE('',#2623,#2627,#2885,.T.);
#2249=EDGE_CURVE('',#2627,#2628,#2886,.T.);
#2250=EDGE_CURVE('',#2622,#2628,#2887,.T.);
#2251=EDGE_CURVE('',#2628,#2629,#2888,.T.);
#2252=EDGE_CURVE('',#2621,#2629,#2889,.T.);
#2253=EDGE_CURVE('',#2629,#2630,#570,.F.);
#2254=EDGE_CURVE('',#2620,#2630,#2890,.T.);
#2255=EDGE_CURVE('',#2630,#2631,#571,.T.);
#2256=EDGE_CURVE('',#2619,#2631,#43,.T.);
#2257=EDGE_CURVE('',#2631,#2632,#572,.T.);
#2258=EDGE_CURVE('',#2618,#2632,#2891,.T.);
#2259=EDGE_CURVE('',#2632,#2633,#573,.T.);
#2260=EDGE_CURVE('',#2617,#2633,#44,.T.);
#2261=EDGE_CURVE('',#2633,#2634,#574,.T.);
#2262=EDGE_CURVE('',#2616,#2634,#2892,.T.);
#2263=EDGE_CURVE('',#2634,#2635,#575,.F.);
#2264=EDGE_CURVE('',#2615,#2635,#2893,.T.);
#2265=EDGE_CURVE('',#2635,#2636,#2894,.T.);
#2266=EDGE_CURVE('',#2614,#2636,#2895,.T.);
#2267=EDGE_CURVE('',#2636,#2637,#2896,.T.);
#2268=EDGE_CURVE('',#2613,#2637,#2897,.T.);
#2269=EDGE_CURVE('',#2637,#2638,#576,.F.);
#2270=EDGE_CURVE('',#2612,#2638,#2898,.T.);
#2271=EDGE_CURVE('',#2638,#2639,#577,.T.);
#2272=EDGE_CURVE('',#2611,#2639,#45,.T.);
#2273=EDGE_CURVE('',#2639,#2640,#578,.T.);
#2274=EDGE_CURVE('',#2610,#2640,#2899,.T.);
#2275=EDGE_CURVE('',#2640,#2641,#579,.T.);
#2276=EDGE_CURVE('',#2609,#2641,#46,.T.);
#2277=EDGE_CURVE('',#2641,#2642,#580,.T.);
#2278=EDGE_CURVE('',#2608,#2642,#2900,.T.);
#2279=EDGE_CURVE('',#2642,#2643,#581,.F.);
#2280=EDGE_CURVE('',#2607,#2643,#2901,.T.);
#2281=EDGE_CURVE('',#2643,#2644,#2902,.T.);
#2282=EDGE_CURVE('',#2606,#2644,#2903,.T.);
#2283=EDGE_CURVE('',#2644,#2645,#2904,.T.);
#2284=EDGE_CURVE('',#2605,#2645,#2905,.T.);
#2285=EDGE_CURVE('',#2645,#2646,#582,.F.);
#2286=EDGE_CURVE('',#2604,#2646,#2906,.T.);
#2287=EDGE_CURVE('',#2646,#2647,#583,.T.);
#2288=EDGE_CURVE('',#2603,#2647,#47,.T.);
#2289=EDGE_CURVE('',#2647,#2648,#584,.T.);
#2290=EDGE_CURVE('',#2602,#2648,#2907,.T.);
#2291=EDGE_CURVE('',#2648,#2649,#585,.T.);
#2292=EDGE_CURVE('',#2601,#2649,#48,.T.);
#2293=EDGE_CURVE('',#2649,#2650,#586,.T.);
#2294=EDGE_CURVE('',#2600,#2650,#2908,.T.);
#2295=EDGE_CURVE('',#2650,#2651,#587,.F.);
#2296=EDGE_CURVE('',#2599,#2651,#2909,.T.);
#2297=EDGE_CURVE('',#2651,#2652,#2910,.T.);
#2298=EDGE_CURVE('',#2598,#2652,#2911,.T.);
#2299=EDGE_CURVE('',#2652,#2653,#2912,.T.);
#2300=EDGE_CURVE('',#2597,#2653,#2913,.T.);
#2301=EDGE_CURVE('',#2653,#2654,#588,.F.);
#2302=EDGE_CURVE('',#2596,#2654,#2914,.T.);
#2303=EDGE_CURVE('',#2654,#2655,#589,.T.);
#2304=EDGE_CURVE('',#2595,#2655,#49,.T.);
#2305=EDGE_CURVE('',#2655,#2656,#590,.T.);
#2306=EDGE_CURVE('',#2593,#2656,#2915,.T.);
#2307=EDGE_CURVE('',#2656,#2625,#591,.T.);
#2308=EDGE_CURVE('',#2657,#2657,#592,.T.);
#2309=EDGE_CURVE('',#2658,#2658,#593,.T.);
#2310=EDGE_CURVE('',#2659,#2659,#594,.T.);
#2311=EDGE_CURVE('',#2660,#2660,#595,.T.);
#2312=EDGE_CURVE('',#2661,#2661,#596,.T.);
#2313=EDGE_CURVE('',#2662,#2662,#597,.T.);
#2314=EDGE_CURVE('',#2663,#2663,#598,.T.);
#2315=EDGE_CURVE('',#2664,#2664,#599,.T.);
#2316=EDGE_CURVE('',#2665,#2665,#600,.T.);
#2317=EDGE_CURVE('',#2666,#2666,#601,.T.);
#2318=EDGE_CURVE('',#2667,#2667,#602,.T.);
#2319=VERTEX_POINT('',#5870);
#2320=VERTEX_POINT('',#5871);
#2321=VERTEX_POINT('',#5873);
#2322=VERTEX_POINT('',#5875);
#2323=VERTEX_POINT('',#5878);
#2324=VERTEX_POINT('',#5879);
#2325=VERTEX_POINT('',#5881);
#2326=VERTEX_POINT('',#5883);
#2327=VERTEX_POINT('',#5887);
#2328=VERTEX_POINT('',#5888);
#2329=VERTEX_POINT('',#5890);
#2330=VERTEX_POINT('',#5892);
#2331=VERTEX_POINT('',#5896);
#2332=VERTEX_POINT('',#5897);
#2333=VERTEX_POINT('',#5899);
#2334=VERTEX_POINT('',#5901);
#2335=VERTEX_POINT('',#5905);
#2336=VERTEX_POINT('',#5906);
#2337=VERTEX_POINT('',#5908);
#2338=VERTEX_POINT('',#5910);
#2339=VERTEX_POINT('',#5914);
#2340=VERTEX_POINT('',#5915);
#2341=VERTEX_POINT('',#5917);
#2342=VERTEX_POINT('',#5919);
#2343=VERTEX_POINT('',#5923);
#2344=VERTEX_POINT('',#5924);
#2345=VERTEX_POINT('',#5926);
#2346=VERTEX_POINT('',#5928);
#2347=VERTEX_POINT('',#5932);
#2348=VERTEX_POINT('',#5934);
#2349=VERTEX_POINT('',#5938);
#2350=VERTEX_POINT('',#5942);
#2351=VERTEX_POINT('',#5994);
#2352=VERTEX_POINT('',#5995);
#2353=VERTEX_POINT('',#5997);
#2354=VERTEX_POINT('',#5999);
#2355=VERTEX_POINT('',#6003);
#2356=VERTEX_POINT('',#6005);
#2357=VERTEX_POINT('',#6009);
#2358=VERTEX_POINT('',#6011);
#2359=VERTEX_POINT('',#6021);
#2360=VERTEX_POINT('',#6022);
#2361=VERTEX_POINT('',#6024);
#2362=VERTEX_POINT('',#6026);
#2363=VERTEX_POINT('',#6028);
#2364=VERTEX_POINT('',#6032);
#2365=VERTEX_POINT('',#6033);
#2366=VERTEX_POINT('',#6035);
#2367=VERTEX_POINT('',#6037);
#2368=VERTEX_POINT('',#6039);
#2369=VERTEX_POINT('',#6046);
#2370=VERTEX_POINT('',#6047);
#2371=VERTEX_POINT('',#6049);
#2372=VERTEX_POINT('',#6051);
#2373=VERTEX_POINT('',#6055);
#2374=VERTEX_POINT('',#6056);
#2375=VERTEX_POINT('',#6058);
#2376=VERTEX_POINT('',#6063);
#2377=VERTEX_POINT('',#6065);
#2378=VERTEX_POINT('',#6067);
#2379=VERTEX_POINT('',#6071);
#2380=VERTEX_POINT('',#6072);
#2381=VERTEX_POINT('',#6074);
#2382=VERTEX_POINT('',#6076);
#2383=VERTEX_POINT('',#6080);
#2384=VERTEX_POINT('',#6082);
#2385=VERTEX_POINT('',#6084);
#2386=VERTEX_POINT('',#6088);
#2387=VERTEX_POINT('',#6090);
#2388=VERTEX_POINT('',#6092);
#2389=VERTEX_POINT('',#6096);
#2390=VERTEX_POINT('',#6097);
#2391=VERTEX_POINT('',#6099);
#2392=VERTEX_POINT('',#6101);
#2393=VERTEX_POINT('',#6105);
#2394=VERTEX_POINT('',#6106);
#2395=VERTEX_POINT('',#6108);
#2396=VERTEX_POINT('',#6113);
#2397=VERTEX_POINT('',#6115);
#2398=VERTEX_POINT('',#6117);
#2399=VERTEX_POINT('',#6124);
#2400=VERTEX_POINT('',#6126);
#2401=VERTEX_POINT('',#6158);
#2402=VERTEX_POINT('',#6159);
#2403=VERTEX_POINT('',#6161);
#2404=VERTEX_POINT('',#6163);
#2405=VERTEX_POINT('',#6165);
#2406=VERTEX_POINT('',#6167);
#2407=VERTEX_POINT('',#6169);
#2408=VERTEX_POINT('',#6171);
#2409=VERTEX_POINT('',#6173);
#2410=VERTEX_POINT('',#6175);
#2411=VERTEX_POINT('',#6177);
#2412=VERTEX_POINT('',#6179);
#2413=VERTEX_POINT('',#6181);
#2414=VERTEX_POINT('',#6183);
#2415=VERTEX_POINT('',#6185);
#2416=VERTEX_POINT('',#6187);
#2417=VERTEX_POINT('',#6189);
#2418=VERTEX_POINT('',#6191);
#2419=VERTEX_POINT('',#6193);
#2420=VERTEX_POINT('',#6195);
#2421=VERTEX_POINT('',#6197);
#2422=VERTEX_POINT('',#6199);
#2423=VERTEX_POINT('',#6201);
#2424=VERTEX_POINT('',#6203);
#2425=VERTEX_POINT('',#6205);
#2426=VERTEX_POINT('',#6207);
#2427=VERTEX_POINT('',#6209);
#2428=VERTEX_POINT('',#6211);
#2429=VERTEX_POINT('',#6213);
#2430=VERTEX_POINT('',#6215);
#2431=VERTEX_POINT('',#6217);
#2432=VERTEX_POINT('',#6219);
#2433=VERTEX_POINT('',#6223);
#2434=VERTEX_POINT('',#6224);
#2435=VERTEX_POINT('',#6232);
#2436=VERTEX_POINT('',#6236);
#2437=VERTEX_POINT('',#6240);
#2438=VERTEX_POINT('',#6244);
#2439=VERTEX_POINT('',#6248);
#2440=VERTEX_POINT('',#6255);
#2441=VERTEX_POINT('',#6259);
#2442=VERTEX_POINT('',#6266);
#2443=VERTEX_POINT('',#6270);
#2444=VERTEX_POINT('',#6274);
#2445=VERTEX_POINT('',#6278);
#2446=VERTEX_POINT('',#6282);
#2447=VERTEX_POINT('',#6286);
#2448=VERTEX_POINT('',#6293);
#2449=VERTEX_POINT('',#6297);
#2450=VERTEX_POINT('',#6304);
#2451=VERTEX_POINT('',#6308);
#2452=VERTEX_POINT('',#6312);
#2453=VERTEX_POINT('',#6316);
#2454=VERTEX_POINT('',#6320);
#2455=VERTEX_POINT('',#6324);
#2456=VERTEX_POINT('',#6331);
#2457=VERTEX_POINT('',#6335);
#2458=VERTEX_POINT('',#6342);
#2459=VERTEX_POINT('',#6346);
#2460=VERTEX_POINT('',#6350);
#2461=VERTEX_POINT('',#6354);
#2462=VERTEX_POINT('',#6358);
#2463=VERTEX_POINT('',#6362);
#2464=VERTEX_POINT('',#6369);
#2465=VERTEX_POINT('',#6375);
#2466=VERTEX_POINT('',#6376);
#2467=VERTEX_POINT('',#6378);
#2468=VERTEX_POINT('',#6380);
#2469=VERTEX_POINT('',#6382);
#2470=VERTEX_POINT('',#6384);
#2471=VERTEX_POINT('',#6386);
#2472=VERTEX_POINT('',#6388);
#2473=VERTEX_POINT('',#6390);
#2474=VERTEX_POINT('',#6392);
#2475=VERTEX_POINT('',#6394);
#2476=VERTEX_POINT('',#6396);
#2477=VERTEX_POINT('',#6398);
#2478=VERTEX_POINT('',#6400);
#2479=VERTEX_POINT('',#6402);
#2480=VERTEX_POINT('',#6404);
#2481=VERTEX_POINT('',#6406);
#2482=VERTEX_POINT('',#6408);
#2483=VERTEX_POINT('',#6410);
#2484=VERTEX_POINT('',#6412);
#2485=VERTEX_POINT('',#6414);
#2486=VERTEX_POINT('',#6416);
#2487=VERTEX_POINT('',#6418);
#2488=VERTEX_POINT('',#6420);
#2489=VERTEX_POINT('',#6422);
#2490=VERTEX_POINT('',#6424);
#2491=VERTEX_POINT('',#6426);
#2492=VERTEX_POINT('',#6428);
#2493=VERTEX_POINT('',#6430);
#2494=VERTEX_POINT('',#6432);
#2495=VERTEX_POINT('',#6434);
#2496=VERTEX_POINT('',#6436);
#2497=VERTEX_POINT('',#6440);
#2498=VERTEX_POINT('',#6441);
#2499=VERTEX_POINT('',#6449);
#2500=VERTEX_POINT('',#6453);
#2501=VERTEX_POINT('',#6457);
#2502=VERTEX_POINT('',#6461);
#2503=VERTEX_POINT('',#6465);
#2504=VERTEX_POINT('',#6472);
#2505=VERTEX_POINT('',#6476);
#2506=VERTEX_POINT('',#6483);
#2507=VERTEX_POINT('',#6487);
#2508=VERTEX_POINT('',#6491);
#2509=VERTEX_POINT('',#6495);
#2510=VERTEX_POINT('',#6499);
#2511=VERTEX_POINT('',#6503);
#2512=VERTEX_POINT('',#6510);
#2513=VERTEX_POINT('',#6514);
#2514=VERTEX_POINT('',#6521);
#2515=VERTEX_POINT('',#6525);
#2516=VERTEX_POINT('',#6529);
#2517=VERTEX_POINT('',#6533);
#2518=VERTEX_POINT('',#6537);
#2519=VERTEX_POINT('',#6541);
#2520=VERTEX_POINT('',#6548);
#2521=VERTEX_POINT('',#6552);
#2522=VERTEX_POINT('',#6559);
#2523=VERTEX_POINT('',#6563);
#2524=VERTEX_POINT('',#6567);
#2525=VERTEX_POINT('',#6571);
#2526=VERTEX_POINT('',#6575);
#2527=VERTEX_POINT('',#6579);
#2528=VERTEX_POINT('',#6586);
#2529=VERTEX_POINT('',#6592);
#2530=VERTEX_POINT('',#6593);
#2531=VERTEX_POINT('',#6595);
#2532=VERTEX_POINT('',#6597);
#2533=VERTEX_POINT('',#6599);
#2534=VERTEX_POINT('',#6601);
#2535=VERTEX_POINT('',#6603);
#2536=VERTEX_POINT('',#6605);
#2537=VERTEX_POINT('',#6607);
#2538=VERTEX_POINT('',#6609);
#2539=VERTEX_POINT('',#6611);
#2540=VERTEX_POINT('',#6613);
#2541=VERTEX_POINT('',#6615);
#2542=VERTEX_POINT('',#6617);
#2543=VERTEX_POINT('',#6619);
#2544=VERTEX_POINT('',#6621);
#2545=VERTEX_POINT('',#6623);
#2546=VERTEX_POINT('',#6625);
#2547=VERTEX_POINT('',#6627);
#2548=VERTEX_POINT('',#6629);
#2549=VERTEX_POINT('',#6631);
#2550=VERTEX_POINT('',#6633);
#2551=VERTEX_POINT('',#6635);
#2552=VERTEX_POINT('',#6637);
#2553=VERTEX_POINT('',#6639);
#2554=VERTEX_POINT('',#6641);
#2555=VERTEX_POINT('',#6643);
#2556=VERTEX_POINT('',#6645);
#2557=VERTEX_POINT('',#6647);
#2558=VERTEX_POINT('',#6649);
#2559=VERTEX_POINT('',#6651);
#2560=VERTEX_POINT('',#6653);
#2561=VERTEX_POINT('',#6657);
#2562=VERTEX_POINT('',#6658);
#2563=VERTEX_POINT('',#6666);
#2564=VERTEX_POINT('',#6670);
#2565=VERTEX_POINT('',#6674);
#2566=VERTEX_POINT('',#6678);
#2567=VERTEX_POINT('',#6682);
#2568=VERTEX_POINT('',#6689);
#2569=VERTEX_POINT('',#6693);
#2570=VERTEX_POINT('',#6700);
#2571=VERTEX_POINT('',#6704);
#2572=VERTEX_POINT('',#6708);
#2573=VERTEX_POINT('',#6712);
#2574=VERTEX_POINT('',#6716);
#2575=VERTEX_POINT('',#6720);
#2576=VERTEX_POINT('',#6727);
#2577=VERTEX_POINT('',#6731);
#2578=VERTEX_POINT('',#6738);
#2579=VERTEX_POINT('',#6742);
#2580=VERTEX_POINT('',#6746);
#2581=VERTEX_POINT('',#6750);
#2582=VERTEX_POINT('',#6754);
#2583=VERTEX_POINT('',#6758);
#2584=VERTEX_POINT('',#6765);
#2585=VERTEX_POINT('',#6769);
#2586=VERTEX_POINT('',#6776);
#2587=VERTEX_POINT('',#6780);
#2588=VERTEX_POINT('',#6784);
#2589=VERTEX_POINT('',#6788);
#2590=VERTEX_POINT('',#6792);
#2591=VERTEX_POINT('',#6796);
#2592=VERTEX_POINT('',#6803);
#2593=VERTEX_POINT('',#6809);
#2594=VERTEX_POINT('',#6810);
#2595=VERTEX_POINT('',#6812);
#2596=VERTEX_POINT('',#6814);
#2597=VERTEX_POINT('',#6816);
#2598=VERTEX_POINT('',#6818);
#2599=VERTEX_POINT('',#6820);
#2600=VERTEX_POINT('',#6822);
#2601=VERTEX_POINT('',#6824);
#2602=VERTEX_POINT('',#6826);
#2603=VERTEX_POINT('',#6828);
#2604=VERTEX_POINT('',#6830);
#2605=VERTEX_POINT('',#6832);
#2606=VERTEX_POINT('',#6834);
#2607=VERTEX_POINT('',#6836);
#2608=VERTEX_POINT('',#6838);
#2609=VERTEX_POINT('',#6840);
#2610=VERTEX_POINT('',#6842);
#2611=VERTEX_POINT('',#6844);
#2612=VERTEX_POINT('',#6846);
#2613=VERTEX_POINT('',#6848);
#2614=VERTEX_POINT('',#6850);
#2615=VERTEX_POINT('',#6852);
#2616=VERTEX_POINT('',#6854);
#2617=VERTEX_POINT('',#6856);
#2618=VERTEX_POINT('',#6858);
#2619=VERTEX_POINT('',#6860);
#2620=VERTEX_POINT('',#6862);
#2621=VERTEX_POINT('',#6864);
#2622=VERTEX_POINT('',#6866);
#2623=VERTEX_POINT('',#6868);
#2624=VERTEX_POINT('',#6870);
#2625=VERTEX_POINT('',#6874);
#2626=VERTEX_POINT('',#6875);
#2627=VERTEX_POINT('',#6883);
#2628=VERTEX_POINT('',#6887);
#2629=VERTEX_POINT('',#6891);
#2630=VERTEX_POINT('',#6895);
#2631=VERTEX_POINT('',#6899);
#2632=VERTEX_POINT('',#6906);
#2633=VERTEX_POINT('',#6910);
#2634=VERTEX_POINT('',#6917);
#2635=VERTEX_POINT('',#6921);
#2636=VERTEX_POINT('',#6925);
#2637=VERTEX_POINT('',#6929);
#2638=VERTEX_POINT('',#6933);
#2639=VERTEX_POINT('',#6937);
#2640=VERTEX_POINT('',#6944);
#2641=VERTEX_POINT('',#6948);
#2642=VERTEX_POINT('',#6955);
#2643=VERTEX_POINT('',#6959);
#2644=VERTEX_POINT('',#6963);
#2645=VERTEX_POINT('',#6967);
#2646=VERTEX_POINT('',#6971);
#2647=VERTEX_POINT('',#6975);
#2648=VERTEX_POINT('',#6982);
#2649=VERTEX_POINT('',#6986);
#2650=VERTEX_POINT('',#6993);
#2651=VERTEX_POINT('',#6997);
#2652=VERTEX_POINT('',#7001);
#2653=VERTEX_POINT('',#7005);
#2654=VERTEX_POINT('',#7009);
#2655=VERTEX_POINT('',#7013);
#2656=VERTEX_POINT('',#7020);
#2657=VERTEX_POINT('',#7026);
#2658=VERTEX_POINT('',#7029);
#2659=VERTEX_POINT('',#7032);
#2660=VERTEX_POINT('',#7035);
#2661=VERTEX_POINT('',#7038);
#2662=VERTEX_POINT('',#7041);
#2663=VERTEX_POINT('',#7044);
#2664=VERTEX_POINT('',#7047);
#2665=VERTEX_POINT('',#7050);
#2666=VERTEX_POINT('',#7053);
#2667=VERTEX_POINT('',#7056);
#2668=LINE('',#5869,#2916);
#2669=LINE('',#5872,#2917);
#2670=LINE('',#5874,#2918);
#2671=LINE('',#5876,#2919);
#2672=LINE('',#5877,#2920);
#2673=LINE('',#5880,#2921);
#2674=LINE('',#5882,#2922);
#2675=LINE('',#5884,#2923);
#2676=LINE('',#5886,#2924);
#2677=LINE('',#5889,#2925);
#2678=LINE('',#5891,#2926);
#2679=LINE('',#5893,#2927);
#2680=LINE('',#5895,#2928);
#2681=LINE('',#5898,#2929);
#2682=LINE('',#5900,#2930);
#2683=LINE('',#5902,#2931);
#2684=LINE('',#5904,#2932);
#2685=LINE('',#5907,#2933);
#2686=LINE('',#5909,#2934);
#2687=LINE('',#5911,#2935);
#2688=LINE('',#5913,#2936);
#2689=LINE('',#5916,#2937);
#2690=LINE('',#5918,#2938);
#2691=LINE('',#5920,#2939);
#2692=LINE('',#5922,#2940);
#2693=LINE('',#5925,#2941);
#2694=LINE('',#5927,#2942);
#2695=LINE('',#5929,#2943);
#2696=LINE('',#5931,#2944);
#2697=LINE('',#5933,#2945);
#2698=LINE('',#5935,#2946);
#2699=LINE('',#5937,#2947);
#2700=LINE('',#5939,#2948);
#2701=LINE('',#5941,#2949);
#2702=LINE('',#5943,#2950);
#2703=LINE('',#5945,#2951);
#2704=LINE('',#5993,#2952);
#2705=LINE('',#5996,#2953);
#2706=LINE('',#5998,#2954);
#2707=LINE('',#6000,#2955);
#2708=LINE('',#6002,#2956);
#2709=LINE('',#6004,#2957);
#2710=LINE('',#6006,#2958);
#2711=LINE('',#6008,#2959);
#2712=LINE('',#6010,#2960);
#2713=LINE('',#6012,#2961);
#2714=LINE('',#6014,#2962);
#2715=LINE('',#6015,#2963);
#2716=LINE('',#6020,#2964);
#2717=LINE('',#6023,#2965);
#2718=LINE('',#6025,#2966);
#2719=LINE('',#6027,#2967);
#2720=LINE('',#6029,#2968);
#2721=LINE('',#6031,#2969);
#2722=LINE('',#6034,#2970);
#2723=LINE('',#6036,#2971);
#2724=LINE('',#6038,#2972);
#2725=LINE('',#6040,#2973);
#2726=LINE('',#6048,#2974);
#2727=LINE('',#6052,#2975);
#2728=LINE('',#6054,#2976);
#2729=LINE('',#6057,#2977);
#2730=LINE('',#6059,#2978);
#2731=LINE('',#6060,#2979);
#2732=LINE('',#6062,#2980);
#2733=LINE('',#6064,#2981);
#2734=LINE('',#6066,#2982);
#2735=LINE('',#6068,#2983);
#2736=LINE('',#6073,#2984);
#2737=LINE('',#6077,#2985);
#2738=LINE('',#6079,#2986);
#2739=LINE('',#6081,#2987);
#2740=LINE('',#6083,#2988);
#2741=LINE('',#6085,#2989);
#2742=LINE('',#6087,#2990);
#2743=LINE('',#6089,#2991);
#2744=LINE('',#6091,#2992);
#2745=LINE('',#6093,#2993);
#2746=LINE('',#6098,#2994);
#2747=LINE('',#6102,#2995);
#2748=LINE('',#6104,#2996);
#2749=LINE('',#6107,#2997);
#2750=LINE('',#6109,#2998);
#2751=LINE('',#6110,#2999);
#2752=LINE('',#6112,#3000);
#2753=LINE('',#6114,#3001);
#2754=LINE('',#6116,#3002);
#2755=LINE('',#6118,#3003);
#2756=LINE('',#6166,#3004);
#2757=LINE('',#6168,#3005);
#2758=LINE('',#6182,#3006);
#2759=LINE('',#6184,#3007);
#2760=LINE('',#6198,#3008);
#2761=LINE('',#6200,#3009);
#2762=LINE('',#6214,#3010);
#2763=LINE('',#6216,#3011);
#2764=LINE('',#6229,#3012);
#2765=LINE('',#6233,#3013);
#2766=LINE('',#6235,#3014);
#2767=LINE('',#6237,#3015);
#2768=LINE('',#6239,#3016);
#2769=LINE('',#6241,#3017);
#2770=LINE('',#6245,#3018);
#2771=LINE('',#6256,#3019);
#2772=LINE('',#6267,#3020);
#2773=LINE('',#6271,#3021);
#2774=LINE('',#6273,#3022);
#2775=LINE('',#6275,#3023);
#2776=LINE('',#6277,#3024);
#2777=LINE('',#6279,#3025);
#2778=LINE('',#6283,#3026);
#2779=LINE('',#6294,#3027);
#2780=LINE('',#6305,#3028);
#2781=LINE('',#6309,#3029);
#2782=LINE('',#6311,#3030);
#2783=LINE('',#6313,#3031);
#2784=LINE('',#6315,#3032);
#2785=LINE('',#6317,#3033);
#2786=LINE('',#6321,#3034);
#2787=LINE('',#6332,#3035);
#2788=LINE('',#6343,#3036);
#2789=LINE('',#6347,#3037);
#2790=LINE('',#6349,#3038);
#2791=LINE('',#6351,#3039);
#2792=LINE('',#6353,#3040);
#2793=LINE('',#6355,#3041);
#2794=LINE('',#6359,#3042);
#2795=LINE('',#6370,#3043);
#2796=LINE('',#6383,#3044);
#2797=LINE('',#6385,#3045);
#2798=LINE('',#6399,#3046);
#2799=LINE('',#6401,#3047);
#2800=LINE('',#6415,#3048);
#2801=LINE('',#6417,#3049);
#2802=LINE('',#6431,#3050);
#2803=LINE('',#6433,#3051);
#2804=LINE('',#6446,#3052);
#2805=LINE('',#6450,#3053);
#2806=LINE('',#6452,#3054);
#2807=LINE('',#6454,#3055);
#2808=LINE('',#6456,#3056);
#2809=LINE('',#6458,#3057);
#2810=LINE('',#6462,#3058);
#2811=LINE('',#6473,#3059);
#2812=LINE('',#6484,#3060);
#2813=LINE('',#6488,#3061);
#2814=LINE('',#6490,#3062);
#2815=LINE('',#6492,#3063);
#2816=LINE('',#6494,#3064);
#2817=LINE('',#6496,#3065);
#2818=LINE('',#6500,#3066);
#2819=LINE('',#6511,#3067);
#2820=LINE('',#6522,#3068);
#2821=LINE('',#6526,#3069);
#2822=LINE('',#6528,#3070);
#2823=LINE('',#6530,#3071);
#2824=LINE('',#6532,#3072);
#2825=LINE('',#6534,#3073);
#2826=LINE('',#6538,#3074);
#2827=LINE('',#6549,#3075);
#2828=LINE('',#6560,#3076);
#2829=LINE('',#6564,#3077);
#2830=LINE('',#6566,#3078);
#2831=LINE('',#6568,#3079);
#2832=LINE('',#6570,#3080);
#2833=LINE('',#6572,#3081);
#2834=LINE('',#6576,#3082);
#2835=LINE('',#6587,#3083);
#2836=LINE('',#6600,#3084);
#2837=LINE('',#6602,#3085);
#2838=LINE('',#6616,#3086);
#2839=LINE('',#6618,#3087);
#2840=LINE('',#6632,#3088);
#2841=LINE('',#6634,#3089);
#2842=LINE('',#6648,#3090);
#2843=LINE('',#6650,#3091);
#2844=LINE('',#6663,#3092);
#2845=LINE('',#6667,#3093);
#2846=LINE('',#6669,#3094);
#2847=LINE('',#6671,#3095);
#2848=LINE('',#6673,#3096);
#2849=LINE('',#6675,#3097);
#2850=LINE('',#6679,#3098);
#2851=LINE('',#6690,#3099);
#2852=LINE('',#6701,#3100);
#2853=LINE('',#6705,#3101);
#2854=LINE('',#6707,#3102);
#2855=LINE('',#6709,#3103);
#2856=LINE('',#6711,#3104);
#2857=LINE('',#6713,#3105);
#2858=LINE('',#6717,#3106);
#2859=LINE('',#6728,#3107);
#2860=LINE('',#6739,#3108);
#2861=LINE('',#6743,#3109);
#2862=LINE('',#6745,#3110);
#2863=LINE('',#6747,#3111);
#2864=LINE('',#6749,#3112);
#2865=LINE('',#6751,#3113);
#2866=LINE('',#6755,#3114);
#2867=LINE('',#6766,#3115);
#2868=LINE('',#6777,#3116);
#2869=LINE('',#6781,#3117);
#2870=LINE('',#6783,#3118);
#2871=LINE('',#6785,#3119);
#2872=LINE('',#6787,#3120);
#2873=LINE('',#6789,#3121);
#2874=LINE('',#6793,#3122);
#2875=LINE('',#6804,#3123);
#2876=LINE('',#6817,#3124);
#2877=LINE('',#6819,#3125);
#2878=LINE('',#6833,#3126);
#2879=LINE('',#6835,#3127);
#2880=LINE('',#6849,#3128);
#2881=LINE('',#6851,#3129);
#2882=LINE('',#6865,#3130);
#2883=LINE('',#6867,#3131);
#2884=LINE('',#6880,#3132);
#2885=LINE('',#6884,#3133);
#2886=LINE('',#6886,#3134);
#2887=LINE('',#6888,#3135);
#2888=LINE('',#6890,#3136);
#2889=LINE('',#6892,#3137);
#2890=LINE('',#6896,#3138);
#2891=LINE('',#6907,#3139);
#2892=LINE('',#6918,#3140);
#2893=LINE('',#6922,#3141);
#2894=LINE('',#6924,#3142);
#2895=LINE('',#6926,#3143);
#2896=LINE('',#6928,#3144);
#2897=LINE('',#6930,#3145);
#2898=LINE('',#6934,#3146);
#2899=LINE('',#6945,#3147);
#2900=LINE('',#6956,#3148);
#2901=LINE('',#6960,#3149);
#2902=LINE('',#6962,#3150);
#2903=LINE('',#6964,#3151);
#2904=LINE('',#6966,#3152);
#2905=LINE('',#6968,#3153);
#2906=LINE('',#6972,#3154);
#2907=LINE('',#6983,#3155);
#2908=LINE('',#6994,#3156);
#2909=LINE('',#6998,#3157);
#2910=LINE('',#7000,#3158);
#2911=LINE('',#7002,#3159);
#2912=LINE('',#7004,#3160);
#2913=LINE('',#7006,#3161);
#2914=LINE('',#7010,#3162);
#2915=LINE('',#7021,#3163);
#2916=VECTOR('',#4557,1.);
#2917=VECTOR('',#4558,1.);
#2918=VECTOR('',#4559,1.);
#2919=VECTOR('',#4560,1.);
#2920=VECTOR('',#4561,1.);
#2921=VECTOR('',#4562,1.);
#2922=VECTOR('',#4563,1.);
#2923=VECTOR('',#4564,1.);
#2924=VECTOR('',#4567,1.);
#2925=VECTOR('',#4568,1.);
#2926=VECTOR('',#4569,1.);
#2927=VECTOR('',#4570,1.);
#2928=VECTOR('',#4573,1.);
#2929=VECTOR('',#4574,1.);
#2930=VECTOR('',#4575,1.);
#2931=VECTOR('',#4576,1.);
#2932=VECTOR('',#4579,1.);
#2933=VECTOR('',#4580,1.);
#2934=VECTOR('',#4581,1.);
#2935=VECTOR('',#4582,1.);
#2936=VECTOR('',#4585,1.);
#2937=VECTOR('',#4586,1.);
#2938=VECTOR('',#4587,1.);
#2939=VECTOR('',#4588,1.);
#2940=VECTOR('',#4591,1.);
#2941=VECTOR('',#4592,1.);
#2942=VECTOR('',#4593,1.);
#2943=VECTOR('',#4594,1.);
#2944=VECTOR('',#4597,1.);
#2945=VECTOR('',#4598,1.);
#2946=VECTOR('',#4599,1.);
#2947=VECTOR('',#4602,1.);
#2948=VECTOR('',#4603,1.);
#2949=VECTOR('',#4606,1.);
#2950=VECTOR('',#4607,1.);
#2951=VECTOR('',#4610,1.);
#2952=VECTOR('',#4705,1.);
#2953=VECTOR('',#4706,1.);
#2954=VECTOR('',#4707,1.);
#2955=VECTOR('',#4708,1.);
#2956=VECTOR('',#4711,1.);
#2957=VECTOR('',#4712,1.);
#2958=VECTOR('',#4713,1.);
#2959=VECTOR('',#4716,1.);
#2960=VECTOR('',#4717,1.);
#2961=VECTOR('',#4718,1.);
#2962=VECTOR('',#4721,1.);
#2963=VECTOR('',#4722,1.);
#2964=VECTOR('',#4731,1.);
#2965=VECTOR('',#4732,1.);
#2966=VECTOR('',#4733,1.);
#2967=VECTOR('',#4734,1.);
#2968=VECTOR('',#4735,1.);
#2969=VECTOR('',#4738,1.);
#2970=VECTOR('',#4739,1.);
#2971=VECTOR('',#4740,1.);
#2972=VECTOR('',#4741,1.);
#2973=VECTOR('',#4742,1.);
#2974=VECTOR('',#4753,1.);
#2975=VECTOR('',#4756,1.);
#2976=VECTOR('',#4759,1.);
#2977=VECTOR('',#4760,1.);
#2978=VECTOR('',#4761,1.);
#2979=VECTOR('',#4762,1.);
#2980=VECTOR('',#4765,1.);
#2981=VECTOR('',#4766,1.);
#2982=VECTOR('',#4767,1.);
#2983=VECTOR('',#4768,1.);
#2984=VECTOR('',#4773,1.);
#2985=VECTOR('',#4776,1.);
#2986=VECTOR('',#4779,1.);
#2987=VECTOR('',#4780,1.);
#2988=VECTOR('',#4781,1.);
#2989=VECTOR('',#4782,1.);
#2990=VECTOR('',#4785,1.);
#2991=VECTOR('',#4786,1.);
#2992=VECTOR('',#4787,1.);
#2993=VECTOR('',#4788,1.);
#2994=VECTOR('',#4793,1.);
#2995=VECTOR('',#4796,1.);
#2996=VECTOR('',#4799,1.);
#2997=VECTOR('',#4800,1.);
#2998=VECTOR('',#4801,1.);
#2999=VECTOR('',#4802,1.);
#3000=VECTOR('',#4805,1.);
#3001=VECTOR('',#4806,1.);
#3002=VECTOR('',#4807,1.);
#3003=VECTOR('',#4808,1.);
#3004=VECTOR('',#4889,1.);
#3005=VECTOR('',#4890,1.);
#3006=VECTOR('',#4903,1.);
#3007=VECTOR('',#4904,1.);
#3008=VECTOR('',#4917,1.);
#3009=VECTOR('',#4918,1.);
#3010=VECTOR('',#4931,1.);
#3011=VECTOR('',#4932,1.);
#3012=VECTOR('',#4941,1.);
#3013=VECTOR('',#4946,1.);
#3014=VECTOR('',#4949,1.);
#3015=VECTOR('',#4950,1.);
#3016=VECTOR('',#4953,1.);
#3017=VECTOR('',#4954,1.);
#3018=VECTOR('',#4959,1.);
#3019=VECTOR('',#4968,1.);
#3020=VECTOR('',#4977,1.);
#3021=VECTOR('',#4982,1.);
#3022=VECTOR('',#4985,1.);
#3023=VECTOR('',#4986,1.);
#3024=VECTOR('',#4989,1.);
#3025=VECTOR('',#4990,1.);
#3026=VECTOR('',#4995,1.);
#3027=VECTOR('',#5004,1.);
#3028=VECTOR('',#5013,1.);
#3029=VECTOR('',#5018,1.);
#3030=VECTOR('',#5021,1.);
#3031=VECTOR('',#5022,1.);
#3032=VECTOR('',#5025,1.);
#3033=VECTOR('',#5026,1.);
#3034=VECTOR('',#5031,1.);
#3035=VECTOR('',#5040,1.);
#3036=VECTOR('',#5049,1.);
#3037=VECTOR('',#5054,1.);
#3038=VECTOR('',#5057,1.);
#3039=VECTOR('',#5058,1.);
#3040=VECTOR('',#5061,1.);
#3041=VECTOR('',#5062,1.);
#3042=VECTOR('',#5067,1.);
#3043=VECTOR('',#5076,1.);
#3044=VECTOR('',#5091,1.);
#3045=VECTOR('',#5092,1.);
#3046=VECTOR('',#5105,1.);
#3047=VECTOR('',#5106,1.);
#3048=VECTOR('',#5119,1.);
#3049=VECTOR('',#5120,1.);
#3050=VECTOR('',#5133,1.);
#3051=VECTOR('',#5134,1.);
#3052=VECTOR('',#5143,1.);
#3053=VECTOR('',#5148,1.);
#3054=VECTOR('',#5151,1.);
#3055=VECTOR('',#5152,1.);
#3056=VECTOR('',#5155,1.);
#3057=VECTOR('',#5156,1.);
#3058=VECTOR('',#5161,1.);
#3059=VECTOR('',#5170,1.);
#3060=VECTOR('',#5179,1.);
#3061=VECTOR('',#5184,1.);
#3062=VECTOR('',#5187,1.);
#3063=VECTOR('',#5188,1.);
#3064=VECTOR('',#5191,1.);
#3065=VECTOR('',#5192,1.);
#3066=VECTOR('',#5197,1.);
#3067=VECTOR('',#5206,1.);
#3068=VECTOR('',#5215,1.);
#3069=VECTOR('',#5220,1.);
#3070=VECTOR('',#5223,1.);
#3071=VECTOR('',#5224,1.);
#3072=VECTOR('',#5227,1.);
#3073=VECTOR('',#5228,1.);
#3074=VECTOR('',#5233,1.);
#3075=VECTOR('',#5242,1.);
#3076=VECTOR('',#5251,1.);
#3077=VECTOR('',#5256,1.);
#3078=VECTOR('',#5259,1.);
#3079=VECTOR('',#5260,1.);
#3080=VECTOR('',#5263,1.);
#3081=VECTOR('',#5264,1.);
#3082=VECTOR('',#5269,1.);
#3083=VECTOR('',#5278,1.);
#3084=VECTOR('',#5293,1.);
#3085=VECTOR('',#5294,1.);
#3086=VECTOR('',#5307,1.);
#3087=VECTOR('',#5308,1.);
#3088=VECTOR('',#5321,1.);
#3089=VECTOR('',#5322,1.);
#3090=VECTOR('',#5335,1.);
#3091=VECTOR('',#5336,1.);
#3092=VECTOR('',#5345,1.);
#3093=VECTOR('',#5350,1.);
#3094=VECTOR('',#5353,1.);
#3095=VECTOR('',#5354,1.);
#3096=VECTOR('',#5357,1.);
#3097=VECTOR('',#5358,1.);
#3098=VECTOR('',#5363,1.);
#3099=VECTOR('',#5372,1.);
#3100=VECTOR('',#5381,1.);
#3101=VECTOR('',#5386,1.);
#3102=VECTOR('',#5389,1.);
#3103=VECTOR('',#5390,1.);
#3104=VECTOR('',#5393,1.);
#3105=VECTOR('',#5394,1.);
#3106=VECTOR('',#5399,1.);
#3107=VECTOR('',#5408,1.);
#3108=VECTOR('',#5417,1.);
#3109=VECTOR('',#5422,1.);
#3110=VECTOR('',#5425,1.);
#3111=VECTOR('',#5426,1.);
#3112=VECTOR('',#5429,1.);
#3113=VECTOR('',#5430,1.);
#3114=VECTOR('',#5435,1.);
#3115=VECTOR('',#5444,1.);
#3116=VECTOR('',#5453,1.);
#3117=VECTOR('',#5458,1.);
#3118=VECTOR('',#5461,1.);
#3119=VECTOR('',#5462,1.);
#3120=VECTOR('',#5465,1.);
#3121=VECTOR('',#5466,1.);
#3122=VECTOR('',#5471,1.);
#3123=VECTOR('',#5480,1.);
#3124=VECTOR('',#5495,1.);
#3125=VECTOR('',#5496,1.);
#3126=VECTOR('',#5509,1.);
#3127=VECTOR('',#5510,1.);
#3128=VECTOR('',#5523,1.);
#3129=VECTOR('',#5524,1.);
#3130=VECTOR('',#5537,1.);
#3131=VECTOR('',#5538,1.);
#3132=VECTOR('',#5547,1.);
#3133=VECTOR('',#5552,1.);
#3134=VECTOR('',#5555,1.);
#3135=VECTOR('',#5556,1.);
#3136=VECTOR('',#5559,1.);
#3137=VECTOR('',#5560,1.);
#3138=VECTOR('',#5565,1.);
#3139=VECTOR('',#5574,1.);
#3140=VECTOR('',#5583,1.);
#3141=VECTOR('',#5588,1.);
#3142=VECTOR('',#5591,1.);
#3143=VECTOR('',#5592,1.);
#3144=VECTOR('',#5595,1.);
#3145=VECTOR('',#5596,1.);
#3146=VECTOR('',#5601,1.);
#3147=VECTOR('',#5610,1.);
#3148=VECTOR('',#5619,1.);
#3149=VECTOR('',#5624,1.);
#3150=VECTOR('',#5627,1.);
#3151=VECTOR('',#5628,1.);
#3152=VECTOR('',#5631,1.);
#3153=VECTOR('',#5632,1.);
#3154=VECTOR('',#5637,1.);
#3155=VECTOR('',#5646,1.);
#3156=VECTOR('',#5655,1.);
#3157=VECTOR('',#5660,1.);
#3158=VECTOR('',#5663,1.);
#3159=VECTOR('',#5664,1.);
#3160=VECTOR('',#5667,1.);
#3161=VECTOR('',#5668,1.);
#3162=VECTOR('',#5673,1.);
#3163=VECTOR('',#5682,1.);
#3164=EDGE_LOOP('',(#720,#721,#722,#723));
#3165=EDGE_LOOP('',(#724,#725,#726,#727));
#3166=EDGE_LOOP('',(#728,#729,#730,#731));
#3167=EDGE_LOOP('',(#732,#733,#734,#735));
#3168=EDGE_LOOP('',(#736,#737,#738,#739));
#3169=EDGE_LOOP('',(#740,#741,#742,#743));
#3170=EDGE_LOOP('',(#744,#745,#746,#747));
#3171=EDGE_LOOP('',(#748,#749,#750,#751));
#3172=EDGE_LOOP('',(#752,#753,#754,#755));
#3173=EDGE_LOOP('',(#756,#757,#758,#759));
#3174=EDGE_LOOP('',(#760,#761,#762,#763));
#3175=EDGE_LOOP('',(#764,#765,#766,#767));
#3176=EDGE_LOOP('',(#768,#769,#770,#771));
#3177=EDGE_LOOP('',(#772,#773,#774));
#3178=EDGE_LOOP('',(#775,#776,#777));
#3179=EDGE_LOOP('',(#778,#779,#780,#781));
#3180=EDGE_LOOP('',(#782,#783,#784,#785));
#3181=EDGE_LOOP('',(#786,#787,#788,#789));
#3182=EDGE_LOOP('',(#790,#791,#792,#793));
#3183=EDGE_LOOP('',(#794,#795,#796,#797));
#3184=EDGE_LOOP('',(#798,#799,#800,#801));
#3185=EDGE_LOOP('',(#802,#803,#804));
#3186=EDGE_LOOP('',(#805,#806,#807));
#3187=EDGE_LOOP('',(#808,#809,#810));
#3188=EDGE_LOOP('',(#811,#812,#813));
#3189=EDGE_LOOP('',(#814,#815,#816,#817));
#3190=EDGE_LOOP('',(#818,#819,#820,#821));
#3191=EDGE_LOOP('',(#822,#823,#824,#825));
#3192=EDGE_LOOP('',(#826,#827,#828,#829));
#3193=EDGE_LOOP('',(#830,#831,#832));
#3194=EDGE_LOOP('',(#833,#834,#835));
#3195=EDGE_LOOP('',(#836,#837,#838,#839));
#3196=EDGE_LOOP('',(#840,#841,#842,#843));
#3197=EDGE_LOOP('',(#844,#845,#846,#847));
#3198=EDGE_LOOP('',(#848,#849,#850,#851));
#3199=EDGE_LOOP('',(#852,#853,#854,#855));
#3200=EDGE_LOOP('',(#856,#857,#858,#859));
#3201=EDGE_LOOP('',(#860,#861,#862,#863));
#3202=EDGE_LOOP('',(#864,#865,#866,#867,#868));
#3203=EDGE_LOOP('',(#869,#870,#871,#872,#873));
#3204=EDGE_LOOP('',(#874,#875,#876,#877));
#3205=EDGE_LOOP('',(#878,#879,#880,#881));
#3206=EDGE_LOOP('',(#882,#883,#884,#885,#886));
#3207=EDGE_LOOP('',(#887,#888,#889,#890,#891));
#3208=EDGE_LOOP('',(#892,#893,#894,#895));
#3209=EDGE_LOOP('',(#896,#897,#898,#899,#900));
#3210=EDGE_LOOP('',(#901,#902,#903,#904,#905));
#3211=EDGE_LOOP('',(#906,#907,#908,#909));
#3212=EDGE_LOOP('',(#910,#911,#912,#913,#914));
#3213=EDGE_LOOP('',(#915,#916,#917,#918,#919));
#3214=EDGE_LOOP('',(#920,#921,#922,#923));
#3215=EDGE_LOOP('',(#924));
#3216=EDGE_LOOP('',(#925));
#3217=EDGE_LOOP('',(#926));
#3218=EDGE_LOOP('',(#927,#928,#929,#930,#931,#932,#933,#934));
#3219=EDGE_LOOP('',(#935,#936,#937,#938));
#3220=EDGE_LOOP('',(#939,#940,#941,#942));
#3221=EDGE_LOOP('',(#943,#944,#945,#946));
#3222=EDGE_LOOP('',(#947,#948,#949,#950));
#3223=EDGE_LOOP('',(#951,#952,#953,#954));
#3224=EDGE_LOOP('',(#955,#956,#957,#958));
#3225=EDGE_LOOP('',(#959,#960,#961,#962));
#3226=EDGE_LOOP('',(#963,#964,#965,#966));
#3227=EDGE_LOOP('',(#967,#968,#969,#970));
#3228=EDGE_LOOP('',(#971,#972,#973,#974));
#3229=EDGE_LOOP('',(#975,#976,#977,#978));
#3230=EDGE_LOOP('',(#979,#980,#981,#982,#983,#984,#985,#986,#987,#988,#989,
#990,#991,#992,#993,#994));
#3231=EDGE_LOOP('',(#995));
#3232=EDGE_LOOP('',(#996,#997,#998,#999,#1000,#1001,#1002,#1003,#1004,#1005,
#1006,#1007,#1008,#1009,#1010,#1011,#1012,#1013,#1014,#1015,#1016,#1017,
#1018,#1019,#1020,#1021,#1022,#1023,#1024,#1025,#1026,#1027));
#3233=EDGE_LOOP('',(#1028,#1029,#1030,#1031));
#3234=EDGE_LOOP('',(#1032,#1033,#1034,#1035));
#3235=EDGE_LOOP('',(#1036,#1037,#1038,#1039));
#3236=EDGE_LOOP('',(#1040,#1041,#1042,#1043));
#3237=EDGE_LOOP('',(#1044,#1045,#1046,#1047));
#3238=EDGE_LOOP('',(#1048,#1049,#1050,#1051));
#3239=EDGE_LOOP('',(#1052,#1053,#1054,#1055));
#3240=EDGE_LOOP('',(#1056,#1057,#1058,#1059));
#3241=EDGE_LOOP('',(#1060,#1061,#1062,#1063));
#3242=EDGE_LOOP('',(#1064,#1065,#1066,#1067));
#3243=EDGE_LOOP('',(#1068,#1069,#1070,#1071));
#3244=EDGE_LOOP('',(#1072,#1073,#1074,#1075));
#3245=EDGE_LOOP('',(#1076,#1077,#1078,#1079));
#3246=EDGE_LOOP('',(#1080,#1081,#1082,#1083));
#3247=EDGE_LOOP('',(#1084,#1085,#1086,#1087));
#3248=EDGE_LOOP('',(#1088,#1089,#1090,#1091));
#3249=EDGE_LOOP('',(#1092,#1093,#1094,#1095));
#3250=EDGE_LOOP('',(#1096,#1097,#1098,#1099));
#3251=EDGE_LOOP('',(#1100,#1101,#1102,#1103));
#3252=EDGE_LOOP('',(#1104,#1105,#1106,#1107));
#3253=EDGE_LOOP('',(#1108,#1109,#1110,#1111));
#3254=EDGE_LOOP('',(#1112,#1113,#1114,#1115));
#3255=EDGE_LOOP('',(#1116,#1117,#1118,#1119));
#3256=EDGE_LOOP('',(#1120,#1121,#1122,#1123));
#3257=EDGE_LOOP('',(#1124,#1125,#1126,#1127));
#3258=EDGE_LOOP('',(#1128,#1129,#1130,#1131));
#3259=EDGE_LOOP('',(#1132,#1133,#1134,#1135));
#3260=EDGE_LOOP('',(#1136,#1137,#1138,#1139));
#3261=EDGE_LOOP('',(#1140,#1141,#1142,#1143));
#3262=EDGE_LOOP('',(#1144,#1145,#1146,#1147));
#3263=EDGE_LOOP('',(#1148,#1149,#1150,#1151));
#3264=EDGE_LOOP('',(#1152,#1153,#1154,#1155));
#3265=EDGE_LOOP('',(#1156,#1157,#1158,#1159,#1160,#1161,#1162,#1163,#1164,
#1165,#1166,#1167,#1168,#1169,#1170,#1171,#1172,#1173,#1174,#1175,#1176,
#1177,#1178,#1179,#1180,#1181,#1182,#1183,#1184,#1185,#1186,#1187));
#3266=EDGE_LOOP('',(#1188,#1189,#1190,#1191));
#3267=EDGE_LOOP('',(#1192,#1193,#1194,#1195));
#3268=EDGE_LOOP('',(#1196,#1197,#1198,#1199));
#3269=EDGE_LOOP('',(#1200,#1201,#1202,#1203));
#3270=EDGE_LOOP('',(#1204,#1205,#1206,#1207));
#3271=EDGE_LOOP('',(#1208,#1209,#1210,#1211));
#3272=EDGE_LOOP('',(#1212,#1213,#1214,#1215));
#3273=EDGE_LOOP('',(#1216,#1217,#1218,#1219));
#3274=EDGE_LOOP('',(#1220,#1221,#1222,#1223));
#3275=EDGE_LOOP('',(#1224,#1225,#1226,#1227));
#3276=EDGE_LOOP('',(#1228,#1229,#1230,#1231));
#3277=EDGE_LOOP('',(#1232,#1233,#1234,#1235));
#3278=EDGE_LOOP('',(#1236,#1237,#1238,#1239));
#3279=EDGE_LOOP('',(#1240,#1241,#1242,#1243));
#3280=EDGE_LOOP('',(#1244,#1245,#1246,#1247));
#3281=EDGE_LOOP('',(#1248,#1249,#1250,#1251));
#3282=EDGE_LOOP('',(#1252,#1253,#1254,#1255));
#3283=EDGE_LOOP('',(#1256,#1257,#1258,#1259));
#3284=EDGE_LOOP('',(#1260,#1261,#1262,#1263));
#3285=EDGE_LOOP('',(#1264,#1265,#1266,#1267));
#3286=EDGE_LOOP('',(#1268,#1269,#1270,#1271));
#3287=EDGE_LOOP('',(#1272,#1273,#1274,#1275));
#3288=EDGE_LOOP('',(#1276,#1277,#1278,#1279));
#3289=EDGE_LOOP('',(#1280,#1281,#1282,#1283));
#3290=EDGE_LOOP('',(#1284,#1285,#1286,#1287));
#3291=EDGE_LOOP('',(#1288,#1289,#1290,#1291));
#3292=EDGE_LOOP('',(#1292,#1293,#1294,#1295));
#3293=EDGE_LOOP('',(#1296,#1297,#1298,#1299));
#3294=EDGE_LOOP('',(#1300,#1301,#1302,#1303));
#3295=EDGE_LOOP('',(#1304,#1305,#1306,#1307));
#3296=EDGE_LOOP('',(#1308,#1309,#1310,#1311));
#3297=EDGE_LOOP('',(#1312,#1313,#1314,#1315));
#3298=EDGE_LOOP('',(#1316,#1317,#1318,#1319,#1320,#1321,#1322,#1323,#1324,
#1325,#1326,#1327,#1328,#1329,#1330,#1331,#1332,#1333,#1334,#1335,#1336,
#1337,#1338,#1339,#1340,#1341,#1342,#1343,#1344,#1345,#1346,#1347));
#3299=EDGE_LOOP('',(#1348,#1349,#1350,#1351));
#3300=EDGE_LOOP('',(#1352,#1353,#1354,#1355));
#3301=EDGE_LOOP('',(#1356,#1357,#1358,#1359));
#3302=EDGE_LOOP('',(#1360,#1361,#1362,#1363));
#3303=EDGE_LOOP('',(#1364,#1365,#1366,#1367));
#3304=EDGE_LOOP('',(#1368,#1369,#1370,#1371));
#3305=EDGE_LOOP('',(#1372,#1373,#1374,#1375));
#3306=EDGE_LOOP('',(#1376,#1377,#1378,#1379));
#3307=EDGE_LOOP('',(#1380,#1381,#1382,#1383));
#3308=EDGE_LOOP('',(#1384,#1385,#1386,#1387));
#3309=EDGE_LOOP('',(#1388,#1389,#1390,#1391));
#3310=EDGE_LOOP('',(#1392,#1393,#1394,#1395));
#3311=EDGE_LOOP('',(#1396,#1397,#1398,#1399));
#3312=EDGE_LOOP('',(#1400,#1401,#1402,#1403));
#3313=EDGE_LOOP('',(#1404,#1405,#1406,#1407));
#3314=EDGE_LOOP('',(#1408,#1409,#1410,#1411));
#3315=EDGE_LOOP('',(#1412,#1413,#1414,#1415));
#3316=EDGE_LOOP('',(#1416,#1417,#1418,#1419));
#3317=EDGE_LOOP('',(#1420,#1421,#1422,#1423));
#3318=EDGE_LOOP('',(#1424,#1425,#1426,#1427));
#3319=EDGE_LOOP('',(#1428,#1429,#1430,#1431));
#3320=EDGE_LOOP('',(#1432,#1433,#1434,#1435));
#3321=EDGE_LOOP('',(#1436,#1437,#1438,#1439));
#3322=EDGE_LOOP('',(#1440,#1441,#1442,#1443));
#3323=EDGE_LOOP('',(#1444,#1445,#1446,#1447));
#3324=EDGE_LOOP('',(#1448,#1449,#1450,#1451));
#3325=EDGE_LOOP('',(#1452,#1453,#1454,#1455));
#3326=EDGE_LOOP('',(#1456,#1457,#1458,#1459));
#3327=EDGE_LOOP('',(#1460,#1461,#1462,#1463));
#3328=EDGE_LOOP('',(#1464,#1465,#1466,#1467));
#3329=EDGE_LOOP('',(#1468,#1469,#1470,#1471));
#3330=EDGE_LOOP('',(#1472,#1473,#1474,#1475));
#3331=EDGE_LOOP('',(#1476,#1477,#1478,#1479,#1480,#1481,#1482,#1483,#1484,
#1485,#1486,#1487,#1488,#1489,#1490,#1491,#1492,#1493,#1494,#1495,#1496,
#1497,#1498,#1499,#1500,#1501,#1502,#1503,#1504,#1505,#1506,#1507));
#3332=EDGE_LOOP('',(#1508,#1509,#1510,#1511));
#3333=EDGE_LOOP('',(#1512,#1513,#1514,#1515));
#3334=EDGE_LOOP('',(#1516,#1517,#1518,#1519));
#3335=EDGE_LOOP('',(#1520,#1521,#1522,#1523));
#3336=EDGE_LOOP('',(#1524,#1525,#1526,#1527));
#3337=EDGE_LOOP('',(#1528,#1529,#1530,#1531));
#3338=EDGE_LOOP('',(#1532,#1533,#1534,#1535));
#3339=EDGE_LOOP('',(#1536,#1537,#1538,#1539));
#3340=EDGE_LOOP('',(#1540,#1541,#1542,#1543));
#3341=EDGE_LOOP('',(#1544,#1545,#1546,#1547));
#3342=EDGE_LOOP('',(#1548,#1549,#1550,#1551));
#3343=EDGE_LOOP('',(#1552,#1553,#1554,#1555));
#3344=EDGE_LOOP('',(#1556,#1557,#1558,#1559));
#3345=EDGE_LOOP('',(#1560,#1561,#1562,#1563));
#3346=EDGE_LOOP('',(#1564,#1565,#1566,#1567));
#3347=EDGE_LOOP('',(#1568,#1569,#1570,#1571));
#3348=EDGE_LOOP('',(#1572,#1573,#1574,#1575));
#3349=EDGE_LOOP('',(#1576,#1577,#1578,#1579));
#3350=EDGE_LOOP('',(#1580,#1581,#1582,#1583));
#3351=EDGE_LOOP('',(#1584,#1585,#1586,#1587));
#3352=EDGE_LOOP('',(#1588,#1589,#1590,#1591));
#3353=EDGE_LOOP('',(#1592,#1593,#1594,#1595));
#3354=EDGE_LOOP('',(#1596,#1597,#1598,#1599));
#3355=EDGE_LOOP('',(#1600,#1601,#1602,#1603));
#3356=EDGE_LOOP('',(#1604,#1605,#1606,#1607));
#3357=EDGE_LOOP('',(#1608,#1609,#1610,#1611));
#3358=EDGE_LOOP('',(#1612,#1613,#1614,#1615));
#3359=EDGE_LOOP('',(#1616,#1617,#1618,#1619));
#3360=EDGE_LOOP('',(#1620,#1621,#1622,#1623));
#3361=EDGE_LOOP('',(#1624,#1625,#1626,#1627));
#3362=EDGE_LOOP('',(#1628,#1629,#1630,#1631));
#3363=EDGE_LOOP('',(#1632,#1633,#1634,#1635));
#3364=EDGE_LOOP('',(#1636));
#3365=EDGE_LOOP('',(#1637));
#3366=EDGE_LOOP('',(#1638));
#3367=EDGE_LOOP('',(#1639));
#3368=EDGE_LOOP('',(#1640));
#3369=EDGE_LOOP('',(#1641));
#3370=EDGE_LOOP('',(#1642));
#3371=EDGE_LOOP('',(#1643));
#3372=EDGE_LOOP('',(#1644));
#3373=EDGE_LOOP('',(#1645));
#3374=EDGE_LOOP('',(#1646));
#3375=EDGE_LOOP('',(#1647));
#3376=EDGE_LOOP('',(#1648));
#3377=EDGE_LOOP('',(#1649));
#3378=EDGE_LOOP('',(#1650));
#3379=EDGE_LOOP('',(#1651));
#3380=EDGE_LOOP('',(#1652,#1653,#1654,#1655,#1656,#1657,#1658,#1659,#1660,
#1661,#1662,#1663,#1664,#1665,#1666,#1667,#1668,#1669,#1670,#1671,#1672,
#1673,#1674,#1675,#1676,#1677,#1678,#1679,#1680,#1681,#1682,#1683));
#3381=EDGE_LOOP('',(#1684,#1685,#1686,#1687,#1688,#1689,#1690,#1691,#1692,
#1693,#1694,#1695,#1696,#1697,#1698,#1699,#1700,#1701,#1702,#1703,#1704,
#1705,#1706,#1707,#1708,#1709,#1710,#1711,#1712,#1713,#1714,#1715));
#3382=EDGE_LOOP('',(#1716,#1717,#1718,#1719,#1720,#1721,#1722,#1723,#1724,
#1725,#1726,#1727,#1728,#1729,#1730,#1731,#1732,#1733,#1734,#1735,#1736,
#1737,#1738,#1739,#1740,#1741,#1742,#1743,#1744,#1745,#1746,#1747));
#3383=EDGE_LOOP('',(#1748,#1749,#1750,#1751,#1752,#1753,#1754,#1755,#1756,
#1757,#1758,#1759,#1760,#1761,#1762,#1763,#1764,#1765,#1766,#1767,#1768,
#1769,#1770,#1771,#1772,#1773,#1774,#1775,#1776,#1777,#1778,#1779));
#3384=EDGE_LOOP('',(#1780));
#3385=EDGE_LOOP('',(#1781));
#3386=EDGE_LOOP('',(#1782));
#3387=EDGE_LOOP('',(#1783));
#3388=EDGE_LOOP('',(#1784));
#3389=EDGE_LOOP('',(#1785));
#3390=FACE_BOUND('',#3164,.T.);
#3391=FACE_BOUND('',#3165,.T.);
#3392=FACE_BOUND('',#3166,.T.);
#3393=FACE_BOUND('',#3167,.T.);
#3394=FACE_BOUND('',#3168,.T.);
#3395=FACE_BOUND('',#3169,.T.);
#3396=FACE_BOUND('',#3170,.T.);
#3397=FACE_BOUND('',#3171,.T.);
#3398=FACE_BOUND('',#3172,.T.);
#3399=FACE_BOUND('',#3173,.T.);
#3400=FACE_BOUND('',#3174,.T.);
#3401=FACE_BOUND('',#3175,.T.);
#3402=FACE_BOUND('',#3176,.T.);
#3403=FACE_BOUND('',#3177,.T.);
#3404=FACE_BOUND('',#3178,.T.);
#3405=FACE_BOUND('',#3179,.T.);
#3406=FACE_BOUND('',#3180,.T.);
#3407=FACE_BOUND('',#3181,.T.);
#3408=FACE_BOUND('',#3182,.T.);
#3409=FACE_BOUND('',#3183,.T.);
#3410=FACE_BOUND('',#3184,.T.);
#3411=FACE_BOUND('',#3185,.T.);
#3412=FACE_BOUND('',#3186,.T.);
#3413=FACE_BOUND('',#3187,.T.);
#3414=FACE_BOUND('',#3188,.T.);
#3415=FACE_BOUND('',#3189,.T.);
#3416=FACE_BOUND('',#3190,.T.);
#3417=FACE_BOUND('',#3191,.T.);
#3418=FACE_BOUND('',#3192,.T.);
#3419=FACE_BOUND('',#3193,.T.);
#3420=FACE_BOUND('',#3194,.T.);
#3421=FACE_BOUND('',#3195,.T.);
#3422=FACE_BOUND('',#3196,.T.);
#3423=FACE_BOUND('',#3197,.T.);
#3424=FACE_BOUND('',#3198,.T.);
#3425=FACE_BOUND('',#3199,.T.);
#3426=FACE_BOUND('',#3200,.T.);
#3427=FACE_BOUND('',#3201,.T.);
#3428=FACE_BOUND('',#3202,.T.);
#3429=FACE_BOUND('',#3203,.T.);
#3430=FACE_BOUND('',#3204,.T.);
#3431=FACE_BOUND('',#3205,.T.);
#3432=FACE_BOUND('',#3206,.T.);
#3433=FACE_BOUND('',#3207,.T.);
#3434=FACE_BOUND('',#3208,.T.);
#3435=FACE_BOUND('',#3209,.T.);
#3436=FACE_BOUND('',#3210,.T.);
#3437=FACE_BOUND('',#3211,.T.);
#3438=FACE_BOUND('',#3212,.T.);
#3439=FACE_BOUND('',#3213,.T.);
#3440=FACE_BOUND('',#3214,.T.);
#3441=FACE_BOUND('',#3215,.T.);
#3442=FACE_BOUND('',#3216,.T.);
#3443=FACE_BOUND('',#3217,.T.);
#3444=FACE_BOUND('',#3218,.T.);
#3445=FACE_BOUND('',#3219,.T.);
#3446=FACE_BOUND('',#3220,.T.);
#3447=FACE_BOUND('',#3221,.T.);
#3448=FACE_BOUND('',#3222,.T.);
#3449=FACE_BOUND('',#3223,.T.);
#3450=FACE_BOUND('',#3224,.T.);
#3451=FACE_BOUND('',#3225,.T.);
#3452=FACE_BOUND('',#3226,.T.);
#3453=FACE_BOUND('',#3227,.T.);
#3454=FACE_BOUND('',#3228,.T.);
#3455=FACE_BOUND('',#3229,.T.);
#3456=FACE_BOUND('',#3230,.T.);
#3457=FACE_BOUND('',#3231,.T.);
#3458=FACE_BOUND('',#3232,.T.);
#3459=FACE_BOUND('',#3233,.T.);
#3460=FACE_BOUND('',#3234,.T.);
#3461=FACE_BOUND('',#3235,.T.);
#3462=FACE_BOUND('',#3236,.T.);
#3463=FACE_BOUND('',#3237,.T.);
#3464=FACE_BOUND('',#3238,.T.);
#3465=FACE_BOUND('',#3239,.T.);
#3466=FACE_BOUND('',#3240,.T.);
#3467=FACE_BOUND('',#3241,.T.);
#3468=FACE_BOUND('',#3242,.T.);
#3469=FACE_BOUND('',#3243,.T.);
#3470=FACE_BOUND('',#3244,.T.);
#3471=FACE_BOUND('',#3245,.T.);
#3472=FACE_BOUND('',#3246,.T.);
#3473=FACE_BOUND('',#3247,.T.);
#3474=FACE_BOUND('',#3248,.T.);
#3475=FACE_BOUND('',#3249,.T.);
#3476=FACE_BOUND('',#3250,.T.);
#3477=FACE_BOUND('',#3251,.T.);
#3478=FACE_BOUND('',#3252,.T.);
#3479=FACE_BOUND('',#3253,.T.);
#3480=FACE_BOUND('',#3254,.T.);
#3481=FACE_BOUND('',#3255,.T.);
#3482=FACE_BOUND('',#3256,.T.);
#3483=FACE_BOUND('',#3257,.T.);
#3484=FACE_BOUND('',#3258,.T.);
#3485=FACE_BOUND('',#3259,.T.);
#3486=FACE_BOUND('',#3260,.T.);
#3487=FACE_BOUND('',#3261,.T.);
#3488=FACE_BOUND('',#3262,.T.);
#3489=FACE_BOUND('',#3263,.T.);
#3490=FACE_BOUND('',#3264,.T.);
#3491=FACE_BOUND('',#3265,.T.);
#3492=FACE_BOUND('',#3266,.T.);
#3493=FACE_BOUND('',#3267,.T.);
#3494=FACE_BOUND('',#3268,.T.);
#3495=FACE_BOUND('',#3269,.T.);
#3496=FACE_BOUND('',#3270,.T.);
#3497=FACE_BOUND('',#3271,.T.);
#3498=FACE_BOUND('',#3272,.T.);
#3499=FACE_BOUND('',#3273,.T.);
#3500=FACE_BOUND('',#3274,.T.);
#3501=FACE_BOUND('',#3275,.T.);
#3502=FACE_BOUND('',#3276,.T.);
#3503=FACE_BOUND('',#3277,.T.);
#3504=FACE_BOUND('',#3278,.T.);
#3505=FACE_BOUND('',#3279,.T.);
#3506=FACE_BOUND('',#3280,.T.);
#3507=FACE_BOUND('',#3281,.T.);
#3508=FACE_BOUND('',#3282,.T.);
#3509=FACE_BOUND('',#3283,.T.);
#3510=FACE_BOUND('',#3284,.T.);
#3511=FACE_BOUND('',#3285,.T.);
#3512=FACE_BOUND('',#3286,.T.);
#3513=FACE_BOUND('',#3287,.T.);
#3514=FACE_BOUND('',#3288,.T.);
#3515=FACE_BOUND('',#3289,.T.);
#3516=FACE_BOUND('',#3290,.T.);
#3517=FACE_BOUND('',#3291,.T.);
#3518=FACE_BOUND('',#3292,.T.);
#3519=FACE_BOUND('',#3293,.T.);
#3520=FACE_BOUND('',#3294,.T.);
#3521=FACE_BOUND('',#3295,.T.);
#3522=FACE_BOUND('',#3296,.T.);
#3523=FACE_BOUND('',#3297,.T.);
#3524=FACE_BOUND('',#3298,.T.);
#3525=FACE_BOUND('',#3299,.T.);
#3526=FACE_BOUND('',#3300,.T.);
#3527=FACE_BOUND('',#3301,.T.);
#3528=FACE_BOUND('',#3302,.T.);
#3529=FACE_BOUND('',#3303,.T.);
#3530=FACE_BOUND('',#3304,.T.);
#3531=FACE_BOUND('',#3305,.T.);
#3532=FACE_BOUND('',#3306,.T.);
#3533=FACE_BOUND('',#3307,.T.);
#3534=FACE_BOUND('',#3308,.T.);
#3535=FACE_BOUND('',#3309,.T.);
#3536=FACE_BOUND('',#3310,.T.);
#3537=FACE_BOUND('',#3311,.T.);
#3538=FACE_BOUND('',#3312,.T.);
#3539=FACE_BOUND('',#3313,.T.);
#3540=FACE_BOUND('',#3314,.T.);
#3541=FACE_BOUND('',#3315,.T.);
#3542=FACE_BOUND('',#3316,.T.);
#3543=FACE_BOUND('',#3317,.T.);
#3544=FACE_BOUND('',#3318,.T.);
#3545=FACE_BOUND('',#3319,.T.);
#3546=FACE_BOUND('',#3320,.T.);
#3547=FACE_BOUND('',#3321,.T.);
#3548=FACE_BOUND('',#3322,.T.);
#3549=FACE_BOUND('',#3323,.T.);
#3550=FACE_BOUND('',#3324,.T.);
#3551=FACE_BOUND('',#3325,.T.);
#3552=FACE_BOUND('',#3326,.T.);
#3553=FACE_BOUND('',#3327,.T.);
#3554=FACE_BOUND('',#3328,.T.);
#3555=FACE_BOUND('',#3329,.T.);
#3556=FACE_BOUND('',#3330,.T.);
#3557=FACE_BOUND('',#3331,.T.);
#3558=FACE_BOUND('',#3332,.T.);
#3559=FACE_BOUND('',#3333,.T.);
#3560=FACE_BOUND('',#3334,.T.);
#3561=FACE_BOUND('',#3335,.T.);
#3562=FACE_BOUND('',#3336,.T.);
#3563=FACE_BOUND('',#3337,.T.);
#3564=FACE_BOUND('',#3338,.T.);
#3565=FACE_BOUND('',#3339,.T.);
#3566=FACE_BOUND('',#3340,.T.);
#3567=FACE_BOUND('',#3341,.T.);
#3568=FACE_BOUND('',#3342,.T.);
#3569=FACE_BOUND('',#3343,.T.);
#3570=FACE_BOUND('',#3344,.T.);
#3571=FACE_BOUND('',#3345,.T.);
#3572=FACE_BOUND('',#3346,.T.);
#3573=FACE_BOUND('',#3347,.T.);
#3574=FACE_BOUND('',#3348,.T.);
#3575=FACE_BOUND('',#3349,.T.);
#3576=FACE_BOUND('',#3350,.T.);
#3577=FACE_BOUND('',#3351,.T.);
#3578=FACE_BOUND('',#3352,.T.);
#3579=FACE_BOUND('',#3353,.T.);
#3580=FACE_BOUND('',#3354,.T.);
#3581=FACE_BOUND('',#3355,.T.);
#3582=FACE_BOUND('',#3356,.T.);
#3583=FACE_BOUND('',#3357,.T.);
#3584=FACE_BOUND('',#3358,.T.);
#3585=FACE_BOUND('',#3359,.T.);
#3586=FACE_BOUND('',#3360,.T.);
#3587=FACE_BOUND('',#3361,.T.);
#3588=FACE_BOUND('',#3362,.T.);
#3589=FACE_BOUND('',#3363,.T.);
#3590=FACE_BOUND('',#3364,.T.);
#3591=FACE_BOUND('',#3365,.T.);
#3592=FACE_BOUND('',#3366,.T.);
#3593=FACE_BOUND('',#3367,.T.);
#3594=FACE_BOUND('',#3368,.T.);
#3595=FACE_BOUND('',#3369,.T.);
#3596=FACE_BOUND('',#3370,.T.);
#3597=FACE_BOUND('',#3371,.T.);
#3598=FACE_BOUND('',#3372,.T.);
#3599=FACE_BOUND('',#3373,.T.);
#3600=FACE_BOUND('',#3374,.T.);
#3601=FACE_BOUND('',#3375,.T.);
#3602=FACE_BOUND('',#3376,.T.);
#3603=FACE_BOUND('',#3377,.T.);
#3604=FACE_BOUND('',#3378,.T.);
#3605=FACE_BOUND('',#3379,.T.);
#3606=FACE_BOUND('',#3380,.T.);
#3607=FACE_BOUND('',#3381,.T.);
#3608=FACE_BOUND('',#3382,.T.);
#3609=FACE_BOUND('',#3383,.T.);
#3610=FACE_BOUND('',#3384,.T.);
#3611=FACE_BOUND('',#3385,.T.);
#3612=FACE_BOUND('',#3386,.T.);
#3613=FACE_BOUND('',#3387,.T.);
#3614=FACE_BOUND('',#3388,.T.);
#3615=FACE_BOUND('',#3389,.T.);
#3616=PLANE('',#4021);
#3617=PLANE('',#4022);
#3618=PLANE('',#4023);
#3619=PLANE('',#4024);
#3620=PLANE('',#4025);
#3621=PLANE('',#4026);
#3622=PLANE('',#4027);
#3623=PLANE('',#4028);
#3624=PLANE('',#4029);
#3625=PLANE('',#4030);
#3626=PLANE('',#4031);
#3627=PLANE('',#4077);
#3628=PLANE('',#4078);
#3629=PLANE('',#4079);
#3630=PLANE('',#4080);
#3631=PLANE('',#4081);
#3632=PLANE('',#4082);
#3633=PLANE('',#4084);
#3634=PLANE('',#4085);
#3635=PLANE('',#4086);
#3636=PLANE('',#4089);
#3637=PLANE('',#4092);
#3638=PLANE('',#4093);
#3639=PLANE('',#4094);
#3640=PLANE('',#4097);
#3641=PLANE('',#4098);
#3642=PLANE('',#4099);
#3643=PLANE('',#4102);
#3644=PLANE('',#4103);
#3645=PLANE('',#4104);
#3646=PLANE('',#4107);
#3647=PLANE('',#4114);
#3648=PLANE('',#4116);
#3649=PLANE('',#4118);
#3650=PLANE('',#4128);
#3651=PLANE('',#4130);
#3652=PLANE('',#4132);
#3653=PLANE('',#4134);
#3654=PLANE('',#4139);
#3655=PLANE('',#4168);
#3656=PLANE('',#4169);
#3657=PLANE('',#4182);
#3658=PLANE('',#4183);
#3659=PLANE('',#4196);
#3660=PLANE('',#4197);
#3661=PLANE('',#4210);
#3662=PLANE('',#4211);
#3663=PLANE('',#4220);
#3664=PLANE('',#4249);
#3665=PLANE('',#4250);
#3666=PLANE('',#4263);
#3667=PLANE('',#4264);
#3668=PLANE('',#4277);
#3669=PLANE('',#4278);
#3670=PLANE('',#4291);
#3671=PLANE('',#4292);
#3672=PLANE('',#4301);
#3673=PLANE('',#4330);
#3674=PLANE('',#4331);
#3675=PLANE('',#4344);
#3676=PLANE('',#4345);
#3677=PLANE('',#4358);
#3678=PLANE('',#4359);
#3679=PLANE('',#4372);
#3680=PLANE('',#4373);
#3681=PLANE('',#4382);
#3682=PLANE('',#4411);
#3683=PLANE('',#4412);
#3684=PLANE('',#4425);
#3685=PLANE('',#4426);
#3686=PLANE('',#4439);
#3687=PLANE('',#4440);
#3688=PLANE('',#4453);
#3689=PLANE('',#4454);
#3690=PLANE('',#4463);
#3691=PLANE('',#4467);
#3692=PLANE('',#4469);
#3693=PLANE('',#4475);
#3694=PLANE('',#4479);
#3695=ADVANCED_FACE('',(#3390,#3391),#3616,.T.);
#3696=ADVANCED_FACE('',(#3392),#3617,.F.);
#3697=ADVANCED_FACE('',(#3393),#3618,.T.);
#3698=ADVANCED_FACE('',(#3394),#3619,.T.);
#3699=ADVANCED_FACE('',(#3395),#3620,.F.);
#3700=ADVANCED_FACE('',(#3396),#3621,.F.);
#3701=ADVANCED_FACE('',(#3397),#3622,.T.);
#3702=ADVANCED_FACE('',(#3398),#3623,.F.);
#3703=ADVANCED_FACE('',(#3399),#3624,.F.);
#3704=ADVANCED_FACE('',(#3400),#3625,.T.);
#3705=ADVANCED_FACE('',(#3401),#3626,.T.);
#3706=ADVANCED_FACE('',(#3402),#603,.T.);
#3707=ADVANCED_FACE('',(#3403),#342,.T.);
#3708=ADVANCED_FACE('',(#3404),#343,.T.);
#3709=ADVANCED_FACE('',(#3405),#604,.T.);
#3710=ADVANCED_FACE('',(#3406),#605,.T.);
#3711=ADVANCED_FACE('',(#3407),#606,.T.);
#3712=ADVANCED_FACE('',(#3408),#607,.T.);
#3713=ADVANCED_FACE('',(#3409),#608,.T.);
#3714=ADVANCED_FACE('',(#3410),#609,.T.);
#3715=ADVANCED_FACE('',(#3411),#344,.T.);
#3716=ADVANCED_FACE('',(#3412),#345,.T.);
#3717=ADVANCED_FACE('',(#3413),#346,.T.);
#3718=ADVANCED_FACE('',(#3414),#347,.T.);
#3719=ADVANCED_FACE('',(#3415),#610,.T.);
#3720=ADVANCED_FACE('',(#3416),#611,.T.);
#3721=ADVANCED_FACE('',(#3417),#612,.T.);
#3722=ADVANCED_FACE('',(#3418),#613,.T.);
#3723=ADVANCED_FACE('',(#3419),#348,.T.);
#3724=ADVANCED_FACE('',(#3420),#349,.T.);
#3725=ADVANCED_FACE('',(#3421),#614,.T.);
#3726=ADVANCED_FACE('',(#3422),#3627,.T.);
#3727=ADVANCED_FACE('',(#3423),#3628,.F.);
#3728=ADVANCED_FACE('',(#3424),#3629,.F.);
#3729=ADVANCED_FACE('',(#3425),#3630,.T.);
#3730=ADVANCED_FACE('',(#3426),#3631,.T.);
#3731=ADVANCED_FACE('',(#3427),#3632,.F.);
#3732=ADVANCED_FACE('',(#3428),#3633,.T.);
#3733=ADVANCED_FACE('',(#3429),#3634,.T.);
#3734=ADVANCED_FACE('',(#3430),#3635,.F.);
#3735=ADVANCED_FACE('',(#3431),#3636,.F.);
#3736=ADVANCED_FACE('',(#3432),#3637,.F.);
#3737=ADVANCED_FACE('',(#3433),#3638,.F.);
#3738=ADVANCED_FACE('',(#3434),#3639,.F.);
#3739=ADVANCED_FACE('',(#3435),#3640,.T.);
#3740=ADVANCED_FACE('',(#3436),#3641,.T.);
#3741=ADVANCED_FACE('',(#3437),#3642,.F.);
#3742=ADVANCED_FACE('',(#3438),#3643,.F.);
#3743=ADVANCED_FACE('',(#3439),#3644,.F.);
#3744=ADVANCED_FACE('',(#3440),#3645,.T.);
#3745=ADVANCED_FACE('',(#3441,#3442),#3646,.T.);
#3746=ADVANCED_FACE('',(#3443,#3444),#615,.F.);
#3747=ADVANCED_FACE('',(#3445),#3647,.T.);
#3748=ADVANCED_FACE('',(#3446),#3648,.T.);
#3749=ADVANCED_FACE('',(#3447),#3649,.T.);
#3750=ADVANCED_FACE('',(#3448),#616,.F.);
#3751=ADVANCED_FACE('',(#3449),#617,.F.);
#3752=ADVANCED_FACE('',(#3450),#618,.F.);
#3753=ADVANCED_FACE('',(#3451),#619,.F.);
#3754=ADVANCED_FACE('',(#3452),#3650,.F.);
#3755=ADVANCED_FACE('',(#3453),#3651,.F.);
#3756=ADVANCED_FACE('',(#3454),#3652,.F.);
#3757=ADVANCED_FACE('',(#3455),#3653,.F.);
#3758=ADVANCED_FACE('',(#3456,#3457),#620,.T.);
#3759=ADVANCED_FACE('',(#3458),#3654,.T.);
#3760=ADVANCED_FACE('',(#3459),#621,.T.);
#3761=ADVANCED_FACE('',(#3460),#622,.T.);
#3762=ADVANCED_FACE('',(#3461),#3655,.T.);
#3763=ADVANCED_FACE('',(#3462),#3656,.T.);
#3764=ADVANCED_FACE('',(#3463),#623,.T.);
#3765=ADVANCED_FACE('',(#3464),#624,.T.);
#3766=ADVANCED_FACE('',(#3465),#625,.T.);
#3767=ADVANCED_FACE('',(#3466),#626,.T.);
#3768=ADVANCED_FACE('',(#3467),#627,.T.);
#3769=ADVANCED_FACE('',(#3468),#628,.T.);
#3770=ADVANCED_FACE('',(#3469),#3657,.T.);
#3771=ADVANCED_FACE('',(#3470),#3658,.T.);
#3772=ADVANCED_FACE('',(#3471),#629,.T.);
#3773=ADVANCED_FACE('',(#3472),#630,.T.);
#3774=ADVANCED_FACE('',(#3473),#631,.T.);
#3775=ADVANCED_FACE('',(#3474),#632,.T.);
#3776=ADVANCED_FACE('',(#3475),#633,.T.);
#3777=ADVANCED_FACE('',(#3476),#634,.T.);
#3778=ADVANCED_FACE('',(#3477),#3659,.T.);
#3779=ADVANCED_FACE('',(#3478),#3660,.T.);
#3780=ADVANCED_FACE('',(#3479),#635,.T.);
#3781=ADVANCED_FACE('',(#3480),#636,.T.);
#3782=ADVANCED_FACE('',(#3481),#637,.T.);
#3783=ADVANCED_FACE('',(#3482),#638,.T.);
#3784=ADVANCED_FACE('',(#3483),#639,.T.);
#3785=ADVANCED_FACE('',(#3484),#640,.T.);
#3786=ADVANCED_FACE('',(#3485),#3661,.T.);
#3787=ADVANCED_FACE('',(#3486),#3662,.T.);
#3788=ADVANCED_FACE('',(#3487),#641,.T.);
#3789=ADVANCED_FACE('',(#3488),#642,.T.);
#3790=ADVANCED_FACE('',(#3489),#643,.T.);
#3791=ADVANCED_FACE('',(#3490),#644,.T.);
#3792=ADVANCED_FACE('',(#3491),#3663,.T.);
#3793=ADVANCED_FACE('',(#3492),#645,.T.);
#3794=ADVANCED_FACE('',(#3493),#646,.T.);
#3795=ADVANCED_FACE('',(#3494),#3664,.T.);
#3796=ADVANCED_FACE('',(#3495),#3665,.T.);
#3797=ADVANCED_FACE('',(#3496),#647,.T.);
#3798=ADVANCED_FACE('',(#3497),#648,.T.);
#3799=ADVANCED_FACE('',(#3498),#649,.T.);
#3800=ADVANCED_FACE('',(#3499),#650,.T.);
#3801=ADVANCED_FACE('',(#3500),#651,.T.);
#3802=ADVANCED_FACE('',(#3501),#652,.T.);
#3803=ADVANCED_FACE('',(#3502),#3666,.T.);
#3804=ADVANCED_FACE('',(#3503),#3667,.T.);
#3805=ADVANCED_FACE('',(#3504),#653,.T.);
#3806=ADVANCED_FACE('',(#3505),#654,.T.);
#3807=ADVANCED_FACE('',(#3506),#655,.T.);
#3808=ADVANCED_FACE('',(#3507),#656,.T.);
#3809=ADVANCED_FACE('',(#3508),#657,.T.);
#3810=ADVANCED_FACE('',(#3509),#658,.T.);
#3811=ADVANCED_FACE('',(#3510),#3668,.T.);
#3812=ADVANCED_FACE('',(#3511),#3669,.T.);
#3813=ADVANCED_FACE('',(#3512),#659,.T.);
#3814=ADVANCED_FACE('',(#3513),#660,.T.);
#3815=ADVANCED_FACE('',(#3514),#661,.T.);
#3816=ADVANCED_FACE('',(#3515),#662,.T.);
#3817=ADVANCED_FACE('',(#3516),#663,.T.);
#3818=ADVANCED_FACE('',(#3517),#664,.T.);
#3819=ADVANCED_FACE('',(#3518),#3670,.T.);
#3820=ADVANCED_FACE('',(#3519),#3671,.T.);
#3821=ADVANCED_FACE('',(#3520),#665,.T.);
#3822=ADVANCED_FACE('',(#3521),#666,.T.);
#3823=ADVANCED_FACE('',(#3522),#667,.T.);
#3824=ADVANCED_FACE('',(#3523),#668,.T.);
#3825=ADVANCED_FACE('',(#3524),#3672,.T.);
#3826=ADVANCED_FACE('',(#3525),#669,.T.);
#3827=ADVANCED_FACE('',(#3526),#670,.T.);
#3828=ADVANCED_FACE('',(#3527),#3673,.T.);
#3829=ADVANCED_FACE('',(#3528),#3674,.T.);
#3830=ADVANCED_FACE('',(#3529),#671,.T.);
#3831=ADVANCED_FACE('',(#3530),#672,.T.);
#3832=ADVANCED_FACE('',(#3531),#673,.T.);
#3833=ADVANCED_FACE('',(#3532),#674,.T.);
#3834=ADVANCED_FACE('',(#3533),#675,.T.);
#3835=ADVANCED_FACE('',(#3534),#676,.T.);
#3836=ADVANCED_FACE('',(#3535),#3675,.T.);
#3837=ADVANCED_FACE('',(#3536),#3676,.T.);
#3838=ADVANCED_FACE('',(#3537),#677,.T.);
#3839=ADVANCED_FACE('',(#3538),#678,.T.);
#3840=ADVANCED_FACE('',(#3539),#679,.T.);
#3841=ADVANCED_FACE('',(#3540),#680,.T.);
#3842=ADVANCED_FACE('',(#3541),#681,.T.);
#3843=ADVANCED_FACE('',(#3542),#682,.T.);
#3844=ADVANCED_FACE('',(#3543),#3677,.T.);
#3845=ADVANCED_FACE('',(#3544),#3678,.T.);
#3846=ADVANCED_FACE('',(#3545),#683,.T.);
#3847=ADVANCED_FACE('',(#3546),#684,.T.);
#3848=ADVANCED_FACE('',(#3547),#685,.T.);
#3849=ADVANCED_FACE('',(#3548),#686,.T.);
#3850=ADVANCED_FACE('',(#3549),#687,.T.);
#3851=ADVANCED_FACE('',(#3550),#688,.T.);
#3852=ADVANCED_FACE('',(#3551),#3679,.T.);
#3853=ADVANCED_FACE('',(#3552),#3680,.T.);
#3854=ADVANCED_FACE('',(#3553),#689,.T.);
#3855=ADVANCED_FACE('',(#3554),#690,.T.);
#3856=ADVANCED_FACE('',(#3555),#691,.T.);
#3857=ADVANCED_FACE('',(#3556),#692,.T.);
#3858=ADVANCED_FACE('',(#3557),#3681,.T.);
#3859=ADVANCED_FACE('',(#3558),#693,.T.);
#3860=ADVANCED_FACE('',(#3559),#694,.T.);
#3861=ADVANCED_FACE('',(#3560),#3682,.T.);
#3862=ADVANCED_FACE('',(#3561),#3683,.T.);
#3863=ADVANCED_FACE('',(#3562),#695,.T.);
#3864=ADVANCED_FACE('',(#3563),#696,.T.);
#3865=ADVANCED_FACE('',(#3564),#697,.T.);
#3866=ADVANCED_FACE('',(#3565),#698,.T.);
#3867=ADVANCED_FACE('',(#3566),#699,.T.);
#3868=ADVANCED_FACE('',(#3567),#700,.T.);
#3869=ADVANCED_FACE('',(#3568),#3684,.T.);
#3870=ADVANCED_FACE('',(#3569),#3685,.T.);
#3871=ADVANCED_FACE('',(#3570),#701,.T.);
#3872=ADVANCED_FACE('',(#3571),#702,.T.);
#3873=ADVANCED_FACE('',(#3572),#703,.T.);
#3874=ADVANCED_FACE('',(#3573),#704,.T.);
#3875=ADVANCED_FACE('',(#3574),#705,.T.);
#3876=ADVANCED_FACE('',(#3575),#706,.T.);
#3877=ADVANCED_FACE('',(#3576),#3686,.T.);
#3878=ADVANCED_FACE('',(#3577),#3687,.T.);
#3879=ADVANCED_FACE('',(#3578),#707,.T.);
#3880=ADVANCED_FACE('',(#3579),#708,.T.);
#3881=ADVANCED_FACE('',(#3580),#709,.T.);
#3882=ADVANCED_FACE('',(#3581),#710,.T.);
#3883=ADVANCED_FACE('',(#3582),#711,.T.);
#3884=ADVANCED_FACE('',(#3583),#712,.T.);
#3885=ADVANCED_FACE('',(#3584),#3688,.T.);
#3886=ADVANCED_FACE('',(#3585),#3689,.T.);
#3887=ADVANCED_FACE('',(#3586),#713,.T.);
#3888=ADVANCED_FACE('',(#3587),#714,.T.);
#3889=ADVANCED_FACE('',(#3588),#715,.T.);
#3890=ADVANCED_FACE('',(#3589),#716,.T.);
#3891=ADVANCED_FACE('',(#3590),#3690,.F.);
#3892=ADVANCED_FACE('',(#3591,#3592),#717,.F.);
#3893=ADVANCED_FACE('',(#3593,#3594),#3691,.F.);
#3894=ADVANCED_FACE('',(#3595),#3692,.F.);
#3895=ADVANCED_FACE('',(#3596,#3597),#10,.T.);
#3896=ADVANCED_FACE('',(#3598,#3599),#11,.F.);
#3897=ADVANCED_FACE('',(#3600,#3601),#3693,.F.);
#3898=ADVANCED_FACE('',(#3602,#3603),#718,.F.);
#3899=ADVANCED_FACE('',(#3604,#3605,#3606,#3607,#3608,#3609),#3694,.T.);
#3900=ADVANCED_FACE('',(#3610,#3611),#12,.T.);
#3901=ADVANCED_FACE('',(#3612,#3613),#13,.T.);
#3902=ADVANCED_FACE('',(#3614,#3615),#719,.T.);
#3903=CLOSED_SHELL('',(#3695,#3696,#3697,#3698,#3699,#3700,#3701,#3702,
#3703,#3704,#3705,#3706,#3707,#3708,#3709,#3710,#3711,#3712,#3713,#3714,
#3715,#3716,#3717,#3718,#3719,#3720,#3721,#3722,#3723,#3724,#3725));
#3904=CLOSED_SHELL('',(#3726,#3727,#3728,#3729,#3730,#3731));
#3905=CLOSED_SHELL('',(#3732,#3733,#3734,#3735,#3736,#3737,#3738,#3739,
#3740,#3741,#3742,#3743,#3744,#3745,#3746,#3747,#3748,#3749,#3750,#3751,
#3752,#3753,#3754,#3755,#3756,#3757,#3758));
#3906=CLOSED_SHELL('',(#3759,#3760,#3761,#3762,#3763,#3764,#3765,#3766,
#3767,#3768,#3769,#3770,#3771,#3772,#3773,#3774,#3775,#3776,#3777,#3778,
#3779,#3780,#3781,#3782,#3783,#3784,#3785,#3786,#3787,#3788,#3789,#3790,
#3791,#3792,#3793,#3794,#3795,#3796,#3797,#3798,#3799,#3800,#3801,#3802,
#3803,#3804,#3805,#3806,#3807,#3808,#3809,#3810,#3811,#3812,#3813,#3814,
#3815,#3816,#3817,#3818,#3819,#3820,#3821,#3822,#3823,#3824,#3825,#3826,
#3827,#3828,#3829,#3830,#3831,#3832,#3833,#3834,#3835,#3836,#3837,#3838,
#3839,#3840,#3841,#3842,#3843,#3844,#3845,#3846,#3847,#3848,#3849,#3850,
#3851,#3852,#3853,#3854,#3855,#3856,#3857,#3858,#3859,#3860,#3861,#3862,
#3863,#3864,#3865,#3866,#3867,#3868,#3869,#3870,#3871,#3872,#3873,#3874,
#3875,#3876,#3877,#3878,#3879,#3880,#3881,#3882,#3883,#3884,#3885,#3886,
#3887,#3888,#3889,#3890,#3891,#3892,#3893,#3894,#3895,#3896,#3897,#3898,
#3899,#3900,#3901,#3902));
#3907=STYLED_ITEM('',(#3911),#3964);
#3908=STYLED_ITEM('',(#3912),#3965);
#3909=STYLED_ITEM('',(#3913),#3966);
#3910=STYLED_ITEM('',(#3914),#3967);
#3911=PRESENTATION_STYLE_ASSIGNMENT((#3919));
#3912=PRESENTATION_STYLE_ASSIGNMENT((#3920));
#3913=PRESENTATION_STYLE_ASSIGNMENT((#3921));
#3914=PRESENTATION_STYLE_ASSIGNMENT((#3922));
#3915=PRESENTATION_STYLE_ASSIGNMENT((#3923));
#3916=PRESENTATION_STYLE_ASSIGNMENT((#3924));
#3917=PRESENTATION_STYLE_ASSIGNMENT((#3925));
#3918=PRESENTATION_STYLE_ASSIGNMENT((#3926));
#3919=SURFACE_STYLE_USAGE(.BOTH.,#3927);
#3920=SURFACE_STYLE_USAGE(.BOTH.,#3928);
#3921=SURFACE_STYLE_USAGE(.BOTH.,#3929);
#3922=SURFACE_STYLE_USAGE(.BOTH.,#3930);
#3923=SURFACE_STYLE_USAGE(.BOTH.,#3931);
#3924=SURFACE_STYLE_USAGE(.BOTH.,#3932);
#3925=SURFACE_STYLE_USAGE(.BOTH.,#3933);
#3926=SURFACE_STYLE_USAGE(.BOTH.,#3934);
#3927=SURFACE_SIDE_STYLE('',(#3935));
#3928=SURFACE_SIDE_STYLE('',(#3936));
#3929=SURFACE_SIDE_STYLE('',(#3937));
#3930=SURFACE_SIDE_STYLE('',(#3938));
#3931=SURFACE_SIDE_STYLE('',(#3939));
#3932=SURFACE_SIDE_STYLE('',(#3940));
#3933=SURFACE_SIDE_STYLE('',(#3941));
#3934=SURFACE_SIDE_STYLE('',(#3942));
#3935=SURFACE_STYLE_FILL_AREA(#3943);
#3936=SURFACE_STYLE_FILL_AREA(#3944);
#3937=SURFACE_STYLE_FILL_AREA(#3945);
#3938=SURFACE_STYLE_FILL_AREA(#3946);
#3939=SURFACE_STYLE_FILL_AREA(#3947);
#3940=SURFACE_STYLE_FILL_AREA(#3948);
#3941=SURFACE_STYLE_FILL_AREA(#3949);
#3942=SURFACE_STYLE_FILL_AREA(#3950);
#3943=FILL_AREA_STYLE('',(#3951));
#3944=FILL_AREA_STYLE('',(#3952));
#3945=FILL_AREA_STYLE('',(#3953));
#3946=FILL_AREA_STYLE('',(#3954));
#3947=FILL_AREA_STYLE('',(#3955));
#3948=FILL_AREA_STYLE('',(#3956));
#3949=FILL_AREA_STYLE('',(#3957));
#3950=FILL_AREA_STYLE('',(#3958));
#3951=FILL_AREA_STYLE_COLOUR('',#3959);
#3952=FILL_AREA_STYLE_COLOUR('',#3959);
#3953=FILL_AREA_STYLE_COLOUR('',#3960);
#3954=FILL_AREA_STYLE_COLOUR('',#3961);
#3955=FILL_AREA_STYLE_COLOUR('',#3962);
#3956=FILL_AREA_STYLE_COLOUR('',#3962);
#3957=FILL_AREA_STYLE_COLOUR('',#3962);
#3958=FILL_AREA_STYLE_COLOUR('',#3963);
#3959=COLOUR_RGB('',0.615686274509804,0.811764705882353,0.929411764705882);
#3960=COLOUR_RGB('',0.301960784313725,0.301960784313725,0.301960784313725);
#3961=COLOUR_RGB('',0.701960784313725,0.682352941176471,0.623529411764706);
#3962=COLOUR_RGB('',0.796078431372549,0.823529411764706,0.937254901960784);
#3963=COLOUR_RGB('',0.501960784313726,0.501960784313726,0.501960784313726);
#3964=MANIFOLD_SOLID_BREP('Part 1',#3903);
#3965=MANIFOLD_SOLID_BREP('Part 1',#3904);
#3966=MANIFOLD_SOLID_BREP('Part 1',#3905);
#3967=MANIFOLD_SOLID_BREP('CELL-21700',#3906);
#3968=SHAPE_DEFINITION_REPRESENTATION(#7181,#3994);
#3969=SHAPE_DEFINITION_REPRESENTATION(#7182,#3995);
#3970=SHAPE_DEFINITION_REPRESENTATION(#7184,#3996);
#3971=SHAPE_DEFINITION_REPRESENTATION(#7186,#3997);
#3972=SHAPE_DEFINITION_REPRESENTATION(#7187,#3998);
#3973=SHAPE_DEFINITION_REPRESENTATION(#7188,#3999);
#3974=SHAPE_DEFINITION_REPRESENTATION(#7189,#4000);
#3975=SHAPE_DEFINITION_REPRESENTATION(#7192,#4001);
#3976=SHAPE_DEFINITION_REPRESENTATION(#7195,#4002);
#3977=SHAPE_DEFINITION_REPRESENTATION(#7200,#4003);
#3978=SHAPE_DEFINITION_REPRESENTATION(#7205,#4004);
#3979=SHAPE_DEFINITION_REPRESENTATION(#7211,#4005);
#3980=SHAPE_DEFINITION_REPRESENTATION(#7212,#4006);
#3981=SHAPE_DEFINITION_REPRESENTATION(#7217,#4007);
#3982=SHAPE_DEFINITION_REPRESENTATION(#7222,#4008);
#3983=SHAPE_DEFINITION_REPRESENTATION(#7227,#4009);
#3984=SHAPE_DEFINITION_REPRESENTATION(#7233,#4010);
#3985=SHAPE_DEFINITION_REPRESENTATION(#7234,#4011);
#3986=SHAPE_DEFINITION_REPRESENTATION(#7239,#4012);
#3987=SHAPE_DEFINITION_REPRESENTATION(#7244,#4013);
#3988=SHAPE_DEFINITION_REPRESENTATION(#7249,#4014);
#3989=SHAPE_DEFINITION_REPRESENTATION(#7255,#4015);
#3990=SHAPE_DEFINITION_REPRESENTATION(#7256,#4016);
#3991=SHAPE_DEFINITION_REPRESENTATION(#7261,#4017);
#3992=SHAPE_DEFINITION_REPRESENTATION(#7266,#4018);
#3993=SHAPE_DEFINITION_REPRESENTATION(#7271,#4019);
#3994=SHAPE_REPRESENTATION('EVBatteryPack',(#4020,#4076,#4083,#4552),#7126);
#3995=SHAPE_REPRESENTATION('Part 1',(#4020),#7127);
#3996=SHAPE_REPRESENTATION('Part 1',(#4020),#7128);
#3997=SHAPE_REPRESENTATION('Assembly 1 <1>',(#4020,#4500,#4517,#4534,#4551),
#7129);
#3998=SHAPE_REPRESENTATION('4-Cells <2>',(#4020,#4487,#4491,#4495,#4499),
#7130);
#3999=SHAPE_REPRESENTATION('Z Sub Assembly <2>',(#4020,#4137,#4138,#4486),
#7131);
#4000=SHAPE_REPRESENTATION('Part 1',(#4020),#7132);
#4001=SHAPE_REPRESENTATION('CELL-21700',(#4020),#7133);
#4002=SHAPE_REPRESENTATION('Z Sub Assembly <1>',(#4020,#4488,#4489,#4490),
#7134);
#4003=SHAPE_REPRESENTATION('Z Sub Assembly <3>',(#4020,#4492,#4493,#4494),
#7135);
#4004=SHAPE_REPRESENTATION('Z Sub Assembly <4>',(#4020,#4496,#4497,#4498),
#7136);
#4005=SHAPE_REPRESENTATION('4-Cells <3>',(#4020,#4504,#4508,#4512,#4516),
#7137);
#4006=SHAPE_REPRESENTATION('Z Sub Assembly <1>',(#4020,#4501,#4502,#4503),
#7138);
#4007=SHAPE_REPRESENTATION('Z Sub Assembly <2>',(#4020,#4505,#4506,#4507),
#7139);
#4008=SHAPE_REPRESENTATION('Z Sub Assembly <3>',(#4020,#4509,#4510,#4511),
#7140);
#4009=SHAPE_REPRESENTATION('Z Sub Assembly <4>',(#4020,#4513,#4514,#4515),
#7141);
#4010=SHAPE_REPRESENTATION('4-Cells <1>',(#4020,#4521,#4525,#4529,#4533),
#7142);
#4011=SHAPE_REPRESENTATION('Z Sub Assembly <1>',(#4020,#4518,#4519,#4520),
#7143);
#4012=SHAPE_REPRESENTATION('Z Sub Assembly <3>',(#4020,#4522,#4523,#4524),
#7144);
#4013=SHAPE_REPRESENTATION('Z Sub Assembly <2>',(#4020,#4526,#4527,#4528),
#7145);
#4014=SHAPE_REPRESENTATION('Z Sub Assembly <4>',(#4020,#4530,#4531,#4532),
#7146);
#4015=SHAPE_REPRESENTATION('4-Cells <4>',(#4020,#4538,#4542,#4546,#4550),
#7147);
#4016=SHAPE_REPRESENTATION('Z Sub Assembly <2>',(#4020,#4535,#4536,#4537),
#7148);
#4017=SHAPE_REPRESENTATION('Z Sub Assembly <3>',(#4020,#4539,#4540,#4541),
#7149);
#4018=SHAPE_REPRESENTATION('Z Sub Assembly <1>',(#4020,#4543,#4544,#4545),
#7150);
#4019=SHAPE_REPRESENTATION('Z Sub Assembly <4>',(#4020,#4547,#4548,#4549),
#7151);
#4020=AXIS2_PLACEMENT_3D('',#5867,#4553,#4554);
#4021=AXIS2_PLACEMENT_3D('',#5868,#4555,#4556);
#4022=AXIS2_PLACEMENT_3D('',#5885,#4565,#4566);
#4023=AXIS2_PLACEMENT_3D('',#5894,#4571,#4572);
#4024=AXIS2_PLACEMENT_3D('',#5903,#4577,#4578);
#4025=AXIS2_PLACEMENT_3D('',#5912,#4583,#4584);
#4026=AXIS2_PLACEMENT_3D('',#5921,#4589,#4590);
#4027=AXIS2_PLACEMENT_3D('',#5930,#4595,#4596);
#4028=AXIS2_PLACEMENT_3D('',#5936,#4600,#4601);
#4029=AXIS2_PLACEMENT_3D('',#5940,#4604,#4605);
#4030=AXIS2_PLACEMENT_3D('',#5944,#4608,#4609);
#4031=AXIS2_PLACEMENT_3D('',#5946,#4611,#4612);
#4032=AXIS2_PLACEMENT_3D('',#5947,#4613,#4614);
#4033=AXIS2_PLACEMENT_3D('',#5948,#4615,#4616);
#4034=AXIS2_PLACEMENT_3D('',#5949,#4617,#4618);
#4035=AXIS2_PLACEMENT_3D('',#5950,#4619,#4620);
#4036=AXIS2_PLACEMENT_3D('',#5951,#4621,#4622);
#4037=AXIS2_PLACEMENT_3D('',#5952,#4623,#4624);
#4038=AXIS2_PLACEMENT_3D('',#5953,#4625,#4626);
#4039=AXIS2_PLACEMENT_3D('',#5954,#4627,#4628);
#4040=AXIS2_PLACEMENT_3D('',#5955,#4629,#4630);
#4041=AXIS2_PLACEMENT_3D('',#5956,#4631,#4632);
#4042=AXIS2_PLACEMENT_3D('',#5957,#4633,#4634);
#4043=AXIS2_PLACEMENT_3D('',#5958,#4635,#4636);
#4044=AXIS2_PLACEMENT_3D('',#5959,#4637,#4638);
#4045=AXIS2_PLACEMENT_3D('',#5960,#4639,#4640);
#4046=AXIS2_PLACEMENT_3D('',#5961,#4641,#4642);
#4047=AXIS2_PLACEMENT_3D('',#5962,#4643,#4644);
#4048=AXIS2_PLACEMENT_3D('',#5963,#4645,#4646);
#4049=AXIS2_PLACEMENT_3D('',#5964,#4647,#4648);
#4050=AXIS2_PLACEMENT_3D('',#5965,#4649,#4650);
#4051=AXIS2_PLACEMENT_3D('',#5966,#4651,#4652);
#4052=AXIS2_PLACEMENT_3D('',#5967,#4653,#4654);
#4053=AXIS2_PLACEMENT_3D('',#5968,#4655,#4656);
#4054=AXIS2_PLACEMENT_3D('',#5969,#4657,#4658);
#4055=AXIS2_PLACEMENT_3D('',#5970,#4659,#4660);
#4056=AXIS2_PLACEMENT_3D('',#5971,#4661,#4662);
#4057=AXIS2_PLACEMENT_3D('',#5972,#4663,#4664);
#4058=AXIS2_PLACEMENT_3D('',#5973,#4665,#4666);
#4059=AXIS2_PLACEMENT_3D('',#5974,#4667,#4668);
#4060=AXIS2_PLACEMENT_3D('',#5975,#4669,#4670);
#4061=AXIS2_PLACEMENT_3D('',#5976,#4671,#4672);
#4062=AXIS2_PLACEMENT_3D('',#5977,#4673,#4674);
#4063=AXIS2_PLACEMENT_3D('',#5978,#4675,#4676);
#4064=AXIS2_PLACEMENT_3D('',#5979,#4677,#4678);
#4065=AXIS2_PLACEMENT_3D('',#5980,#4679,#4680);
#4066=AXIS2_PLACEMENT_3D('',#5981,#4681,#4682);
#4067=AXIS2_PLACEMENT_3D('',#5982,#4683,#4684);
#4068=AXIS2_PLACEMENT_3D('',#5983,#4685,#4686);
#4069=AXIS2_PLACEMENT_3D('',#5984,#4687,#4688);
#4070=AXIS2_PLACEMENT_3D('',#5985,#4689,#4690);
#4071=AXIS2_PLACEMENT_3D('',#5986,#4691,#4692);
#4072=AXIS2_PLACEMENT_3D('',#5987,#4693,#4694);
#4073=AXIS2_PLACEMENT_3D('',#5988,#4695,#4696);
#4074=AXIS2_PLACEMENT_3D('',#5989,#4697,#4698);
#4075=AXIS2_PLACEMENT_3D('',#5990,#4699,#4700);
#4076=AXIS2_PLACEMENT_3D('',#5991,#4701,#4702);
#4077=AXIS2_PLACEMENT_3D('',#5992,#4703,#4704);
#4078=AXIS2_PLACEMENT_3D('',#6001,#4709,#4710);
#4079=AXIS2_PLACEMENT_3D('',#6007,#4714,#4715);
#4080=AXIS2_PLACEMENT_3D('',#6013,#4719,#4720);
#4081=AXIS2_PLACEMENT_3D('',#6016,#4723,#4724);
#4082=AXIS2_PLACEMENT_3D('',#6017,#4725,#4726);
#4083=AXIS2_PLACEMENT_3D('',#6018,#4727,#4728);
#4084=AXIS2_PLACEMENT_3D('',#6019,#4729,#4730);
#4085=AXIS2_PLACEMENT_3D('',#6030,#4736,#4737);
#4086=AXIS2_PLACEMENT_3D('',#6041,#4743,#4744);
#4087=AXIS2_PLACEMENT_3D('',#6042,#4745,#4746);
#4088=AXIS2_PLACEMENT_3D('',#6043,#4747,#4748);
#4089=AXIS2_PLACEMENT_3D('',#6044,#4749,#4750);
#4090=AXIS2_PLACEMENT_3D('',#6045,#4751,#4752);
#4091=AXIS2_PLACEMENT_3D('',#6050,#4754,#4755);
#4092=AXIS2_PLACEMENT_3D('',#6053,#4757,#4758);
#4093=AXIS2_PLACEMENT_3D('',#6061,#4763,#4764);
#4094=AXIS2_PLACEMENT_3D('',#6069,#4769,#4770);
#4095=AXIS2_PLACEMENT_3D('',#6070,#4771,#4772);
#4096=AXIS2_PLACEMENT_3D('',#6075,#4774,#4775);
#4097=AXIS2_PLACEMENT_3D('',#6078,#4777,#4778);
#4098=AXIS2_PLACEMENT_3D('',#6086,#4783,#4784);
#4099=AXIS2_PLACEMENT_3D('',#6094,#4789,#4790);
#4100=AXIS2_PLACEMENT_3D('',#6095,#4791,#4792);
#4101=AXIS2_PLACEMENT_3D('',#6100,#4794,#4795);
#4102=AXIS2_PLACEMENT_3D('',#6103,#4797,#4798);
#4103=AXIS2_PLACEMENT_3D('',#6111,#4803,#4804);
#4104=AXIS2_PLACEMENT_3D('',#6119,#4809,#4810);
#4105=AXIS2_PLACEMENT_3D('',#6120,#4811,#4812);
#4106=AXIS2_PLACEMENT_3D('',#6121,#4813,#4814);
#4107=AXIS2_PLACEMENT_3D('',#6122,#4815,#4816);
#4108=AXIS2_PLACEMENT_3D('',#6123,#4817,#4818);
#4109=AXIS2_PLACEMENT_3D('',#6125,#4819,#4820);
#4110=AXIS2_PLACEMENT_3D('',#6127,#4821,#4822);
#4111=AXIS2_PLACEMENT_3D('',#6128,#4823,#4824);
#4112=AXIS2_PLACEMENT_3D('',#6129,#4825,#4826);
#4113=AXIS2_PLACEMENT_3D('',#6130,#4827,#4828);
#4114=AXIS2_PLACEMENT_3D('',#6131,#4829,#4830);
#4115=AXIS2_PLACEMENT_3D('',#6132,#4831,#4832);
#4116=AXIS2_PLACEMENT_3D('',#6133,#4833,#4834);
#4117=AXIS2_PLACEMENT_3D('',#6134,#4835,#4836);
#4118=AXIS2_PLACEMENT_3D('',#6135,#4837,#4838);
#4119=AXIS2_PLACEMENT_3D('',#6136,#4839,#4840);
#4120=AXIS2_PLACEMENT_3D('',#6137,#4841,#4842);
#4121=AXIS2_PLACEMENT_3D('',#6138,#4843,#4844);
#4122=AXIS2_PLACEMENT_3D('',#6139,#4845,#4846);
#4123=AXIS2_PLACEMENT_3D('',#6140,#4847,#4848);
#4124=AXIS2_PLACEMENT_3D('',#6141,#4849,#4850);
#4125=AXIS2_PLACEMENT_3D('',#6142,#4851,#4852);
#4126=AXIS2_PLACEMENT_3D('',#6143,#4853,#4854);
#4127=AXIS2_PLACEMENT_3D('',#6144,#4855,#4856);
#4128=AXIS2_PLACEMENT_3D('',#6145,#4857,#4858);
#4129=AXIS2_PLACEMENT_3D('',#6146,#4859,#4860);
#4130=AXIS2_PLACEMENT_3D('',#6147,#4861,#4862);
#4131=AXIS2_PLACEMENT_3D('',#6148,#4863,#4864);
#4132=AXIS2_PLACEMENT_3D('',#6149,#4865,#4866);
#4133=AXIS2_PLACEMENT_3D('',#6150,#4867,#4868);
#4134=AXIS2_PLACEMENT_3D('',#6151,#4869,#4870);
#4135=AXIS2_PLACEMENT_3D('',#6152,#4871,#4872);
#4136=AXIS2_PLACEMENT_3D('',#6153,#4873,#4874);
#4137=AXIS2_PLACEMENT_3D('',#6154,#4875,#4876);
#4138=AXIS2_PLACEMENT_3D('',#6155,#4877,#4878);
#4139=AXIS2_PLACEMENT_3D('',#6156,#4879,#4880);
#4140=AXIS2_PLACEMENT_3D('',#6157,#4881,#4882);
#4141=AXIS2_PLACEMENT_3D('',#6160,#4883,#4884);
#4142=AXIS2_PLACEMENT_3D('',#6162,#4885,#4886);
#4143=AXIS2_PLACEMENT_3D('',#6164,#4887,#4888);
#4144=AXIS2_PLACEMENT_3D('',#6170,#4891,#4892);
#4145=AXIS2_PLACEMENT_3D('',#6172,#4893,#4894);
#4146=AXIS2_PLACEMENT_3D('',#6174,#4895,#4896);
#4147=AXIS2_PLACEMENT_3D('',#6176,#4897,#4898);
#4148=AXIS2_PLACEMENT_3D('',#6178,#4899,#4900);
#4149=AXIS2_PLACEMENT_3D('',#6180,#4901,#4902);
#4150=AXIS2_PLACEMENT_3D('',#6186,#4905,#4906);
#4151=AXIS2_PLACEMENT_3D('',#6188,#4907,#4908);
#4152=AXIS2_PLACEMENT_3D('',#6190,#4909,#4910);
#4153=AXIS2_PLACEMENT_3D('',#6192,#4911,#4912);
#4154=AXIS2_PLACEMENT_3D('',#6194,#4913,#4914);
#4155=AXIS2_PLACEMENT_3D('',#6196,#4915,#4916);
#4156=AXIS2_PLACEMENT_3D('',#6202,#4919,#4920);
#4157=AXIS2_PLACEMENT_3D('',#6204,#4921,#4922);
#4158=AXIS2_PLACEMENT_3D('',#6206,#4923,#4924);
#4159=AXIS2_PLACEMENT_3D('',#6208,#4925,#4926);
#4160=AXIS2_PLACEMENT_3D('',#6210,#4927,#4928);
#4161=AXIS2_PLACEMENT_3D('',#6212,#4929,#4930);
#4162=AXIS2_PLACEMENT_3D('',#6218,#4933,#4934);
#4163=AXIS2_PLACEMENT_3D('',#6220,#4935,#4936);
#4164=AXIS2_PLACEMENT_3D('',#6221,#4937,#4938);
#4165=AXIS2_PLACEMENT_3D('',#6222,#4939,#4940);
#4166=AXIS2_PLACEMENT_3D('',#6230,#4942,#4943);
#4167=AXIS2_PLACEMENT_3D('',#6231,#4944,#4945);
#4168=AXIS2_PLACEMENT_3D('',#6234,#4947,#4948);
#4169=AXIS2_PLACEMENT_3D('',#6238,#4951,#4952);
#4170=AXIS2_PLACEMENT_3D('',#6242,#4955,#4956);
#4171=AXIS2_PLACEMENT_3D('',#6243,#4957,#4958);
#4172=AXIS2_PLACEMENT_3D('',#6246,#4960,#4961);
#4173=AXIS2_PLACEMENT_3D('',#6247,#4962,#4963);
#4174=AXIS2_PLACEMENT_3D('',#6253,#4964,#4965);
#4175=AXIS2_PLACEMENT_3D('',#6254,#4966,#4967);
#4176=AXIS2_PLACEMENT_3D('',#6257,#4969,#4970);
#4177=AXIS2_PLACEMENT_3D('',#6258,#4971,#4972);
#4178=AXIS2_PLACEMENT_3D('',#6264,#4973,#4974);
#4179=AXIS2_PLACEMENT_3D('',#6265,#4975,#4976);
#4180=AXIS2_PLACEMENT_3D('',#6268,#4978,#4979);
#4181=AXIS2_PLACEMENT_3D('',#6269,#4980,#4981);
#4182=AXIS2_PLACEMENT_3D('',#6272,#4983,#4984);
#4183=AXIS2_PLACEMENT_3D('',#6276,#4987,#4988);
#4184=AXIS2_PLACEMENT_3D('',#6280,#4991,#4992);
#4185=AXIS2_PLACEMENT_3D('',#6281,#4993,#4994);
#4186=AXIS2_PLACEMENT_3D('',#6284,#4996,#4997);
#4187=AXIS2_PLACEMENT_3D('',#6285,#4998,#4999);
#4188=AXIS2_PLACEMENT_3D('',#6291,#5000,#5001);
#4189=AXIS2_PLACEMENT_3D('',#6292,#5002,#5003);
#4190=AXIS2_PLACEMENT_3D('',#6295,#5005,#5006);
#4191=AXIS2_PLACEMENT_3D('',#6296,#5007,#5008);
#4192=AXIS2_PLACEMENT_3D('',#6302,#5009,#5010);
#4193=AXIS2_PLACEMENT_3D('',#6303,#5011,#5012);
#4194=AXIS2_PLACEMENT_3D('',#6306,#5014,#5015);
#4195=AXIS2_PLACEMENT_3D('',#6307,#5016,#5017);
#4196=AXIS2_PLACEMENT_3D('',#6310,#5019,#5020);
#4197=AXIS2_PLACEMENT_3D('',#6314,#5023,#5024);
#4198=AXIS2_PLACEMENT_3D('',#6318,#5027,#5028);
#4199=AXIS2_PLACEMENT_3D('',#6319,#5029,#5030);
#4200=AXIS2_PLACEMENT_3D('',#6322,#5032,#5033);
#4201=AXIS2_PLACEMENT_3D('',#6323,#5034,#5035);
#4202=AXIS2_PLACEMENT_3D('',#6329,#5036,#5037);
#4203=AXIS2_PLACEMENT_3D('',#6330,#5038,#5039);
#4204=AXIS2_PLACEMENT_3D('',#6333,#5041,#5042);
#4205=AXIS2_PLACEMENT_3D('',#6334,#5043,#5044);
#4206=AXIS2_PLACEMENT_3D('',#6340,#5045,#5046);
#4207=AXIS2_PLACEMENT_3D('',#6341,#5047,#5048);
#4208=AXIS2_PLACEMENT_3D('',#6344,#5050,#5051);
#4209=AXIS2_PLACEMENT_3D('',#6345,#5052,#5053);
#4210=AXIS2_PLACEMENT_3D('',#6348,#5055,#5056);
#4211=AXIS2_PLACEMENT_3D('',#6352,#5059,#5060);
#4212=AXIS2_PLACEMENT_3D('',#6356,#5063,#5064);
#4213=AXIS2_PLACEMENT_3D('',#6357,#5065,#5066);
#4214=AXIS2_PLACEMENT_3D('',#6360,#5068,#5069);
#4215=AXIS2_PLACEMENT_3D('',#6361,#5070,#5071);
#4216=AXIS2_PLACEMENT_3D('',#6367,#5072,#5073);
#4217=AXIS2_PLACEMENT_3D('',#6368,#5074,#5075);
#4218=AXIS2_PLACEMENT_3D('',#6371,#5077,#5078);
#4219=AXIS2_PLACEMENT_3D('',#6372,#5079,#5080);
#4220=AXIS2_PLACEMENT_3D('',#6373,#5081,#5082);
#4221=AXIS2_PLACEMENT_3D('',#6374,#5083,#5084);
#4222=AXIS2_PLACEMENT_3D('',#6377,#5085,#5086);
#4223=AXIS2_PLACEMENT_3D('',#6379,#5087,#5088);
#4224=AXIS2_PLACEMENT_3D('',#6381,#5089,#5090);
#4225=AXIS2_PLACEMENT_3D('',#6387,#5093,#5094);
#4226=AXIS2_PLACEMENT_3D('',#6389,#5095,#5096);
#4227=AXIS2_PLACEMENT_3D('',#6391,#5097,#5098);
#4228=AXIS2_PLACEMENT_3D('',#6393,#5099,#5100);
#4229=AXIS2_PLACEMENT_3D('',#6395,#5101,#5102);
#4230=AXIS2_PLACEMENT_3D('',#6397,#5103,#5104);
#4231=AXIS2_PLACEMENT_3D('',#6403,#5107,#5108);
#4232=AXIS2_PLACEMENT_3D('',#6405,#5109,#5110);
#4233=AXIS2_PLACEMENT_3D('',#6407,#5111,#5112);
#4234=AXIS2_PLACEMENT_3D('',#6409,#5113,#5114);
#4235=AXIS2_PLACEMENT_3D('',#6411,#5115,#5116);
#4236=AXIS2_PLACEMENT_3D('',#6413,#5117,#5118);
#4237=AXIS2_PLACEMENT_3D('',#6419,#5121,#5122);
#4238=AXIS2_PLACEMENT_3D('',#6421,#5123,#5124);
#4239=AXIS2_PLACEMENT_3D('',#6423,#5125,#5126);
#4240=AXIS2_PLACEMENT_3D('',#6425,#5127,#5128);
#4241=AXIS2_PLACEMENT_3D('',#6427,#5129,#5130);
#4242=AXIS2_PLACEMENT_3D('',#6429,#5131,#5132);
#4243=AXIS2_PLACEMENT_3D('',#6435,#5135,#5136);
#4244=AXIS2_PLACEMENT_3D('',#6437,#5137,#5138);
#4245=AXIS2_PLACEMENT_3D('',#6438,#5139,#5140);
#4246=AXIS2_PLACEMENT_3D('',#6439,#5141,#5142);
#4247=AXIS2_PLACEMENT_3D('',#6447,#5144,#5145);
#4248=AXIS2_PLACEMENT_3D('',#6448,#5146,#5147);
#4249=AXIS2_PLACEMENT_3D('',#6451,#5149,#5150);
#4250=AXIS2_PLACEMENT_3D('',#6455,#5153,#5154);
#4251=AXIS2_PLACEMENT_3D('',#6459,#5157,#5158);
#4252=AXIS2_PLACEMENT_3D('',#6460,#5159,#5160);
#4253=AXIS2_PLACEMENT_3D('',#6463,#5162,#5163);
#4254=AXIS2_PLACEMENT_3D('',#6464,#5164,#5165);
#4255=AXIS2_PLACEMENT_3D('',#6470,#5166,#5167);
#4256=AXIS2_PLACEMENT_3D('',#6471,#5168,#5169);
#4257=AXIS2_PLACEMENT_3D('',#6474,#5171,#5172);
#4258=AXIS2_PLACEMENT_3D('',#6475,#5173,#5174);
#4259=AXIS2_PLACEMENT_3D('',#6481,#5175,#5176);
#4260=AXIS2_PLACEMENT_3D('',#6482,#5177,#5178);
#4261=AXIS2_PLACEMENT_3D('',#6485,#5180,#5181);
#4262=AXIS2_PLACEMENT_3D('',#6486,#5182,#5183);
#4263=AXIS2_PLACEMENT_3D('',#6489,#5185,#5186);
#4264=AXIS2_PLACEMENT_3D('',#6493,#5189,#5190);
#4265=AXIS2_PLACEMENT_3D('',#6497,#5193,#5194);
#4266=AXIS2_PLACEMENT_3D('',#6498,#5195,#5196);
#4267=AXIS2_PLACEMENT_3D('',#6501,#5198,#5199);
#4268=AXIS2_PLACEMENT_3D('',#6502,#5200,#5201);
#4269=AXIS2_PLACEMENT_3D('',#6508,#5202,#5203);
#4270=AXIS2_PLACEMENT_3D('',#6509,#5204,#5205);
#4271=AXIS2_PLACEMENT_3D('',#6512,#5207,#5208);
#4272=AXIS2_PLACEMENT_3D('',#6513,#5209,#5210);
#4273=AXIS2_PLACEMENT_3D('',#6519,#5211,#5212);
#4274=AXIS2_PLACEMENT_3D('',#6520,#5213,#5214);
#4275=AXIS2_PLACEMENT_3D('',#6523,#5216,#5217);
#4276=AXIS2_PLACEMENT_3D('',#6524,#5218,#5219);
#4277=AXIS2_PLACEMENT_3D('',#6527,#5221,#5222);
#4278=AXIS2_PLACEMENT_3D('',#6531,#5225,#5226);
#4279=AXIS2_PLACEMENT_3D('',#6535,#5229,#5230);
#4280=AXIS2_PLACEMENT_3D('',#6536,#5231,#5232);
#4281=AXIS2_PLACEMENT_3D('',#6539,#5234,#5235);
#4282=AXIS2_PLACEMENT_3D('',#6540,#5236,#5237);
#4283=AXIS2_PLACEMENT_3D('',#6546,#5238,#5239);
#4284=AXIS2_PLACEMENT_3D('',#6547,#5240,#5241);
#4285=AXIS2_PLACEMENT_3D('',#6550,#5243,#5244);
#4286=AXIS2_PLACEMENT_3D('',#6551,#5245,#5246);
#4287=AXIS2_PLACEMENT_3D('',#6557,#5247,#5248);
#4288=AXIS2_PLACEMENT_3D('',#6558,#5249,#5250);
#4289=AXIS2_PLACEMENT_3D('',#6561,#5252,#5253);
#4290=AXIS2_PLACEMENT_3D('',#6562,#5254,#5255);
#4291=AXIS2_PLACEMENT_3D('',#6565,#5257,#5258);
#4292=AXIS2_PLACEMENT_3D('',#6569,#5261,#5262);
#4293=AXIS2_PLACEMENT_3D('',#6573,#5265,#5266);
#4294=AXIS2_PLACEMENT_3D('',#6574,#5267,#5268);
#4295=AXIS2_PLACEMENT_3D('',#6577,#5270,#5271);
#4296=AXIS2_PLACEMENT_3D('',#6578,#5272,#5273);
#4297=AXIS2_PLACEMENT_3D('',#6584,#5274,#5275);
#4298=AXIS2_PLACEMENT_3D('',#6585,#5276,#5277);
#4299=AXIS2_PLACEMENT_3D('',#6588,#5279,#5280);
#4300=AXIS2_PLACEMENT_3D('',#6589,#5281,#5282);
#4301=AXIS2_PLACEMENT_3D('',#6590,#5283,#5284);
#4302=AXIS2_PLACEMENT_3D('',#6591,#5285,#5286);
#4303=AXIS2_PLACEMENT_3D('',#6594,#5287,#5288);
#4304=AXIS2_PLACEMENT_3D('',#6596,#5289,#5290);
#4305=AXIS2_PLACEMENT_3D('',#6598,#5291,#5292);
#4306=AXIS2_PLACEMENT_3D('',#6604,#5295,#5296);
#4307=AXIS2_PLACEMENT_3D('',#6606,#5297,#5298);
#4308=AXIS2_PLACEMENT_3D('',#6608,#5299,#5300);
#4309=AXIS2_PLACEMENT_3D('',#6610,#5301,#5302);
#4310=AXIS2_PLACEMENT_3D('',#6612,#5303,#5304);
#4311=AXIS2_PLACEMENT_3D('',#6614,#5305,#5306);
#4312=AXIS2_PLACEMENT_3D('',#6620,#5309,#5310);
#4313=AXIS2_PLACEMENT_3D('',#6622,#5311,#5312);
#4314=AXIS2_PLACEMENT_3D('',#6624,#5313,#5314);
#4315=AXIS2_PLACEMENT_3D('',#6626,#5315,#5316);
#4316=AXIS2_PLACEMENT_3D('',#6628,#5317,#5318);
#4317=AXIS2_PLACEMENT_3D('',#6630,#5319,#5320);
#4318=AXIS2_PLACEMENT_3D('',#6636,#5323,#5324);
#4319=AXIS2_PLACEMENT_3D('',#6638,#5325,#5326);
#4320=AXIS2_PLACEMENT_3D('',#6640,#5327,#5328);
#4321=AXIS2_PLACEMENT_3D('',#6642,#5329,#5330);
#4322=AXIS2_PLACEMENT_3D('',#6644,#5331,#5332);
#4323=AXIS2_PLACEMENT_3D('',#6646,#5333,#5334);
#4324=AXIS2_PLACEMENT_3D('',#6652,#5337,#5338);
#4325=AXIS2_PLACEMENT_3D('',#6654,#5339,#5340);
#4326=AXIS2_PLACEMENT_3D('',#6655,#5341,#5342);
#4327=AXIS2_PLACEMENT_3D('',#6656,#5343,#5344);
#4328=AXIS2_PLACEMENT_3D('',#6664,#5346,#5347);
#4329=AXIS2_PLACEMENT_3D('',#6665,#5348,#5349);
#4330=AXIS2_PLACEMENT_3D('',#6668,#5351,#5352);
#4331=AXIS2_PLACEMENT_3D('',#6672,#5355,#5356);
#4332=AXIS2_PLACEMENT_3D('',#6676,#5359,#5360);
#4333=AXIS2_PLACEMENT_3D('',#6677,#5361,#5362);
#4334=AXIS2_PLACEMENT_3D('',#6680,#5364,#5365);
#4335=AXIS2_PLACEMENT_3D('',#6681,#5366,#5367);
#4336=AXIS2_PLACEMENT_3D('',#6687,#5368,#5369);
#4337=AXIS2_PLACEMENT_3D('',#6688,#5370,#5371);
#4338=AXIS2_PLACEMENT_3D('',#6691,#5373,#5374);
#4339=AXIS2_PLACEMENT_3D('',#6692,#5375,#5376);
#4340=AXIS2_PLACEMENT_3D('',#6698,#5377,#5378);
#4341=AXIS2_PLACEMENT_3D('',#6699,#5379,#5380);
#4342=AXIS2_PLACEMENT_3D('',#6702,#5382,#5383);
#4343=AXIS2_PLACEMENT_3D('',#6703,#5384,#5385);
#4344=AXIS2_PLACEMENT_3D('',#6706,#5387,#5388);
#4345=AXIS2_PLACEMENT_3D('',#6710,#5391,#5392);
#4346=AXIS2_PLACEMENT_3D('',#6714,#5395,#5396);
#4347=AXIS2_PLACEMENT_3D('',#6715,#5397,#5398);
#4348=AXIS2_PLACEMENT_3D('',#6718,#5400,#5401);
#4349=AXIS2_PLACEMENT_3D('',#6719,#5402,#5403);
#4350=AXIS2_PLACEMENT_3D('',#6725,#5404,#5405);
#4351=AXIS2_PLACEMENT_3D('',#6726,#5406,#5407);
#4352=AXIS2_PLACEMENT_3D('',#6729,#5409,#5410);
#4353=AXIS2_PLACEMENT_3D('',#6730,#5411,#5412);
#4354=AXIS2_PLACEMENT_3D('',#6736,#5413,#5414);
#4355=AXIS2_PLACEMENT_3D('',#6737,#5415,#5416);
#4356=AXIS2_PLACEMENT_3D('',#6740,#5418,#5419);
#4357=AXIS2_PLACEMENT_3D('',#6741,#5420,#5421);
#4358=AXIS2_PLACEMENT_3D('',#6744,#5423,#5424);
#4359=AXIS2_PLACEMENT_3D('',#6748,#5427,#5428);
#4360=AXIS2_PLACEMENT_3D('',#6752,#5431,#5432);
#4361=AXIS2_PLACEMENT_3D('',#6753,#5433,#5434);
#4362=AXIS2_PLACEMENT_3D('',#6756,#5436,#5437);
#4363=AXIS2_PLACEMENT_3D('',#6757,#5438,#5439);
#4364=AXIS2_PLACEMENT_3D('',#6763,#5440,#5441);
#4365=AXIS2_PLACEMENT_3D('',#6764,#5442,#5443);
#4366=AXIS2_PLACEMENT_3D('',#6767,#5445,#5446);
#4367=AXIS2_PLACEMENT_3D('',#6768,#5447,#5448);
#4368=AXIS2_PLACEMENT_3D('',#6774,#5449,#5450);
#4369=AXIS2_PLACEMENT_3D('',#6775,#5451,#5452);
#4370=AXIS2_PLACEMENT_3D('',#6778,#5454,#5455);
#4371=AXIS2_PLACEMENT_3D('',#6779,#5456,#5457);
#4372=AXIS2_PLACEMENT_3D('',#6782,#5459,#5460);
#4373=AXIS2_PLACEMENT_3D('',#6786,#5463,#5464);
#4374=AXIS2_PLACEMENT_3D('',#6790,#5467,#5468);
#4375=AXIS2_PLACEMENT_3D('',#6791,#5469,#5470);
#4376=AXIS2_PLACEMENT_3D('',#6794,#5472,#5473);
#4377=AXIS2_PLACEMENT_3D('',#6795,#5474,#5475);
#4378=AXIS2_PLACEMENT_3D('',#6801,#5476,#5477);
#4379=AXIS2_PLACEMENT_3D('',#6802,#5478,#5479);
#4380=AXIS2_PLACEMENT_3D('',#6805,#5481,#5482);
#4381=AXIS2_PLACEMENT_3D('',#6806,#5483,#5484);
#4382=AXIS2_PLACEMENT_3D('',#6807,#5485,#5486);
#4383=AXIS2_PLACEMENT_3D('',#6808,#5487,#5488);
#4384=AXIS2_PLACEMENT_3D('',#6811,#5489,#5490);
#4385=AXIS2_PLACEMENT_3D('',#6813,#5491,#5492);
#4386=AXIS2_PLACEMENT_3D('',#6815,#5493,#5494);
#4387=AXIS2_PLACEMENT_3D('',#6821,#5497,#5498);
#4388=AXIS2_PLACEMENT_3D('',#6823,#5499,#5500);
#4389=AXIS2_PLACEMENT_3D('',#6825,#5501,#5502);
#4390=AXIS2_PLACEMENT_3D('',#6827,#5503,#5504);
#4391=AXIS2_PLACEMENT_3D('',#6829,#5505,#5506);
#4392=AXIS2_PLACEMENT_3D('',#6831,#5507,#5508);
#4393=AXIS2_PLACEMENT_3D('',#6837,#5511,#5512);
#4394=AXIS2_PLACEMENT_3D('',#6839,#5513,#5514);
#4395=AXIS2_PLACEMENT_3D('',#6841,#5515,#5516);
#4396=AXIS2_PLACEMENT_3D('',#6843,#5517,#5518);
#4397=AXIS2_PLACEMENT_3D('',#6845,#5519,#5520);
#4398=AXIS2_PLACEMENT_3D('',#6847,#5521,#5522);
#4399=AXIS2_PLACEMENT_3D('',#6853,#5525,#5526);
#4400=AXIS2_PLACEMENT_3D('',#6855,#5527,#5528);
#4401=AXIS2_PLACEMENT_3D('',#6857,#5529,#5530);
#4402=AXIS2_PLACEMENT_3D('',#6859,#5531,#5532);
#4403=AXIS2_PLACEMENT_3D('',#6861,#5533,#5534);
#4404=AXIS2_PLACEMENT_3D('',#6863,#5535,#5536);
#4405=AXIS2_PLACEMENT_3D('',#6869,#5539,#5540);
#4406=AXIS2_PLACEMENT_3D('',#6871,#5541,#5542);
#4407=AXIS2_PLACEMENT_3D('',#6872,#5543,#5544);
#4408=AXIS2_PLACEMENT_3D('',#6873,#5545,#5546);
#4409=AXIS2_PLACEMENT_3D('',#6881,#5548,#5549);
#4410=AXIS2_PLACEMENT_3D('',#6882,#5550,#5551);
#4411=AXIS2_PLACEMENT_3D('',#6885,#5553,#5554);
#4412=AXIS2_PLACEMENT_3D('',#6889,#5557,#5558);
#4413=AXIS2_PLACEMENT_3D('',#6893,#5561,#5562);
#4414=AXIS2_PLACEMENT_3D('',#6894,#5563,#5564);
#4415=AXIS2_PLACEMENT_3D('',#6897,#5566,#5567);
#4416=AXIS2_PLACEMENT_3D('',#6898,#5568,#5569);
#4417=AXIS2_PLACEMENT_3D('',#6904,#5570,#5571);
#4418=AXIS2_PLACEMENT_3D('',#6905,#5572,#5573);
#4419=AXIS2_PLACEMENT_3D('',#6908,#5575,#5576);
#4420=AXIS2_PLACEMENT_3D('',#6909,#5577,#5578);
#4421=AXIS2_PLACEMENT_3D('',#6915,#5579,#5580);
#4422=AXIS2_PLACEMENT_3D('',#6916,#5581,#5582);
#4423=AXIS2_PLACEMENT_3D('',#6919,#5584,#5585);
#4424=AXIS2_PLACEMENT_3D('',#6920,#5586,#5587);
#4425=AXIS2_PLACEMENT_3D('',#6923,#5589,#5590);
#4426=AXIS2_PLACEMENT_3D('',#6927,#5593,#5594);
#4427=AXIS2_PLACEMENT_3D('',#6931,#5597,#5598);
#4428=AXIS2_PLACEMENT_3D('',#6932,#5599,#5600);
#4429=AXIS2_PLACEMENT_3D('',#6935,#5602,#5603);
#4430=AXIS2_PLACEMENT_3D('',#6936,#5604,#5605);
#4431=AXIS2_PLACEMENT_3D('',#6942,#5606,#5607);
#4432=AXIS2_PLACEMENT_3D('',#6943,#5608,#5609);
#4433=AXIS2_PLACEMENT_3D('',#6946,#5611,#5612);
#4434=AXIS2_PLACEMENT_3D('',#6947,#5613,#5614);
#4435=AXIS2_PLACEMENT_3D('',#6953,#5615,#5616);
#4436=AXIS2_PLACEMENT_3D('',#6954,#5617,#5618);
#4437=AXIS2_PLACEMENT_3D('',#6957,#5620,#5621);
#4438=AXIS2_PLACEMENT_3D('',#6958,#5622,#5623);
#4439=AXIS2_PLACEMENT_3D('',#6961,#5625,#5626);
#4440=AXIS2_PLACEMENT_3D('',#6965,#5629,#5630);
#4441=AXIS2_PLACEMENT_3D('',#6969,#5633,#5634);
#4442=AXIS2_PLACEMENT_3D('',#6970,#5635,#5636);
#4443=AXIS2_PLACEMENT_3D('',#6973,#5638,#5639);
#4444=AXIS2_PLACEMENT_3D('',#6974,#5640,#5641);
#4445=AXIS2_PLACEMENT_3D('',#6980,#5642,#5643);
#4446=AXIS2_PLACEMENT_3D('',#6981,#5644,#5645);
#4447=AXIS2_PLACEMENT_3D('',#6984,#5647,#5648);
#4448=AXIS2_PLACEMENT_3D('',#6985,#5649,#5650);
#4449=AXIS2_PLACEMENT_3D('',#6991,#5651,#5652);
#4450=AXIS2_PLACEMENT_3D('',#6992,#5653,#5654);
#4451=AXIS2_PLACEMENT_3D('',#6995,#5656,#5657);
#4452=AXIS2_PLACEMENT_3D('',#6996,#5658,#5659);
#4453=AXIS2_PLACEMENT_3D('',#6999,#5661,#5662);
#4454=AXIS2_PLACEMENT_3D('',#7003,#5665,#5666);
#4455=AXIS2_PLACEMENT_3D('',#7007,#5669,#5670);
#4456=AXIS2_PLACEMENT_3D('',#7008,#5671,#5672);
#4457=AXIS2_PLACEMENT_3D('',#7011,#5674,#5675);
#4458=AXIS2_PLACEMENT_3D('',#7012,#5676,#5677);
#4459=AXIS2_PLACEMENT_3D('',#7018,#5678,#5679);
#4460=AXIS2_PLACEMENT_3D('',#7019,#5680,#5681);
#4461=AXIS2_PLACEMENT_3D('',#7022,#5683,#5684);
#4462=AXIS2_PLACEMENT_3D('',#7023,#5685,#5686);
#4463=AXIS2_PLACEMENT_3D('',#7024,#5687,#5688);
#4464=AXIS2_PLACEMENT_3D('',#7025,#5689,#5690);
#4465=AXIS2_PLACEMENT_3D('',#7027,#5691,#5692);
#4466=AXIS2_PLACEMENT_3D('',#7028,#5693,#5694);
#4467=AXIS2_PLACEMENT_3D('',#7030,#5695,#5696);
#4468=AXIS2_PLACEMENT_3D('',#7031,#5697,#5698);
#4469=AXIS2_PLACEMENT_3D('',#7033,#5699,#5700);
#4470=AXIS2_PLACEMENT_3D('',#7034,#5701,#5702);
#4471=AXIS2_PLACEMENT_3D('',#7036,#5703,#5704);
#4472=AXIS2_PLACEMENT_3D('',#7037,#5705,#5706);
#4473=AXIS2_PLACEMENT_3D('',#7039,#5707,#5708);
#4474=AXIS2_PLACEMENT_3D('',#7040,#5709,#5710);
#4475=AXIS2_PLACEMENT_3D('',#7042,#5711,#5712);
#4476=AXIS2_PLACEMENT_3D('',#7043,#5713,#5714);
#4477=AXIS2_PLACEMENT_3D('',#7045,#5715,#5716);
#4478=AXIS2_PLACEMENT_3D('',#7046,#5717,#5718);
#4479=AXIS2_PLACEMENT_3D('',#7048,#5719,#5720);
#4480=AXIS2_PLACEMENT_3D('',#7049,#5721,#5722);
#4481=AXIS2_PLACEMENT_3D('',#7051,#5723,#5724);
#4482=AXIS2_PLACEMENT_3D('',#7052,#5725,#5726);
#4483=AXIS2_PLACEMENT_3D('',#7054,#5727,#5728);
#4484=AXIS2_PLACEMENT_3D('',#7055,#5729,#5730);
#4485=AXIS2_PLACEMENT_3D('',#7057,#5731,#5732);
#4486=AXIS2_PLACEMENT_3D('',#7058,#5733,#5734);
#4487=AXIS2_PLACEMENT_3D('',#7059,#5735,#5736);
#4488=AXIS2_PLACEMENT_3D('',#7060,#5737,#5738);
#4489=AXIS2_PLACEMENT_3D('',#7061,#5739,#5740);
#4490=AXIS2_PLACEMENT_3D('',#7062,#5741,#5742);
#4491=AXIS2_PLACEMENT_3D('',#7063,#5743,#5744);
#4492=AXIS2_PLACEMENT_3D('',#7064,#5745,#5746);
#4493=AXIS2_PLACEMENT_3D('',#7065,#5747,#5748);
#4494=AXIS2_PLACEMENT_3D('',#7066,#5749,#5750);
#4495=AXIS2_PLACEMENT_3D('',#7067,#5751,#5752);
#4496=AXIS2_PLACEMENT_3D('',#7068,#5753,#5754);
#4497=AXIS2_PLACEMENT_3D('',#7069,#5755,#5756);
#4498=AXIS2_PLACEMENT_3D('',#7070,#5757,#5758);
#4499=AXIS2_PLACEMENT_3D('',#7071,#5759,#5760);
#4500=AXIS2_PLACEMENT_3D('',#7072,#5761,#5762);
#4501=AXIS2_PLACEMENT_3D('',#7073,#5763,#5764);
#4502=AXIS2_PLACEMENT_3D('',#7074,#5765,#5766);
#4503=AXIS2_PLACEMENT_3D('',#7075,#5767,#5768);
#4504=AXIS2_PLACEMENT_3D('',#7076,#5769,#5770);
#4505=AXIS2_PLACEMENT_3D('',#7077,#5771,#5772);
#4506=AXIS2_PLACEMENT_3D('',#7078,#5773,#5774);
#4507=AXIS2_PLACEMENT_3D('',#7079,#5775,#5776);
#4508=AXIS2_PLACEMENT_3D('',#7080,#5777,#5778);
#4509=AXIS2_PLACEMENT_3D('',#7081,#5779,#5780);
#4510=AXIS2_PLACEMENT_3D('',#7082,#5781,#5782);
#4511=AXIS2_PLACEMENT_3D('',#7083,#5783,#5784);
#4512=AXIS2_PLACEMENT_3D('',#7084,#5785,#5786);
#4513=AXIS2_PLACEMENT_3D('',#7085,#5787,#5788);
#4514=AXIS2_PLACEMENT_3D('',#7086,#5789,#5790);
#4515=AXIS2_PLACEMENT_3D('',#7087,#5791,#5792);
#4516=AXIS2_PLACEMENT_3D('',#7088,#5793,#5794);
#4517=AXIS2_PLACEMENT_3D('',#7089,#5795,#5796);
#4518=AXIS2_PLACEMENT_3D('',#7090,#5797,#5798);
#4519=AXIS2_PLACEMENT_3D('',#7091,#5799,#5800);
#4520=AXIS2_PLACEMENT_3D('',#7092,#5801,#5802);
#4521=AXIS2_PLACEMENT_3D('',#7093,#5803,#5804);
#4522=AXIS2_PLACEMENT_3D('',#7094,#5805,#5806);
#4523=AXIS2_PLACEMENT_3D('',#7095,#5807,#5808);
#4524=AXIS2_PLACEMENT_3D('',#7096,#5809,#5810);
#4525=AXIS2_PLACEMENT_3D('',#7097,#5811,#5812);
#4526=AXIS2_PLACEMENT_3D('',#7098,#5813,#5814);
#4527=AXIS2_PLACEMENT_3D('',#7099,#5815,#5816);
#4528=AXIS2_PLACEMENT_3D('',#7100,#5817,#5818);
#4529=AXIS2_PLACEMENT_3D('',#7101,#5819,#5820);
#4530=AXIS2_PLACEMENT_3D('',#7102,#5821,#5822);
#4531=AXIS2_PLACEMENT_3D('',#7103,#5823,#5824);
#4532=AXIS2_PLACEMENT_3D('',#7104,#5825,#5826);
#4533=AXIS2_PLACEMENT_3D('',#7105,#5827,#5828);
#4534=AXIS2_PLACEMENT_3D('',#7106,#5829,#5830);
#4535=AXIS2_PLACEMENT_3D('',#7107,#5831,#5832);
#4536=AXIS2_PLACEMENT_3D('',#7108,#5833,#5834);
#4537=AXIS2_PLACEMENT_3D('',#7109,#5835,#5836);
#4538=AXIS2_PLACEMENT_3D('',#7110,#5837,#5838);
#4539=AXIS2_PLACEMENT_3D('',#7111,#5839,#5840);
#4540=AXIS2_PLACEMENT_3D('',#7112,#5841,#5842);
#4541=AXIS2_PLACEMENT_3D('',#7113,#5843,#5844);
#4542=AXIS2_PLACEMENT_3D('',#7114,#5845,#5846);
#4543=AXIS2_PLACEMENT_3D('',#7115,#5847,#5848);
#4544=AXIS2_PLACEMENT_3D('',#7116,#5849,#5850);
#4545=AXIS2_PLACEMENT_3D('',#7117,#5851,#5852);
#4546=AXIS2_PLACEMENT_3D('',#7118,#5853,#5854);
#4547=AXIS2_PLACEMENT_3D('',#7119,#5855,#5856);
#4548=AXIS2_PLACEMENT_3D('',#7120,#5857,#5858);
#4549=AXIS2_PLACEMENT_3D('',#7121,#5859,#5860);
#4550=AXIS2_PLACEMENT_3D('',#7122,#5861,#5862);
#4551=AXIS2_PLACEMENT_3D('',#7123,#5863,#5864);
#4552=AXIS2_PLACEMENT_3D('',#7124,#5865,#5866);
#4553=DIRECTION('',(0.,0.,1.));
#4554=DIRECTION('',(1.,0.,0.));
#4555=DIRECTION('',(0.,0.,1.));
#4556=DIRECTION('',(1.,0.,0.));
#4557=DIRECTION('',(-1.46081976924363E-16,-1.,0.));
#4558=DIRECTION('',(1.,0.,0.));
#4559=DIRECTION('',(-1.46081976924363E-16,-1.,0.));
#4560=DIRECTION('',(1.,0.,0.));
#4561=DIRECTION('',(-1.54197642309049E-16,-1.,0.));
#4562=DIRECTION('',(1.,0.,0.));
#4563=DIRECTION('',(-1.54197642309049E-16,-1.,0.));
#4564=DIRECTION('',(1.,0.,0.));
#4565=DIRECTION('',(0.,-1.,0.));
#4566=DIRECTION('',(0.,0.,-1.));
#4567=DIRECTION('',(1.,0.,0.));
#4568=DIRECTION('',(0.,0.,1.));
#4569=DIRECTION('',(1.,0.,0.));
#4570=DIRECTION('',(0.,0.,1.));
#4571=DIRECTION('',(-1.,1.46081976924363E-16,0.));
#4572=DIRECTION('',(-1.46081976924363E-16,-1.,0.));
#4573=DIRECTION('',(-1.46081976924363E-16,-1.,0.));
#4574=DIRECTION('',(0.,0.,1.));
#4575=DIRECTION('',(-1.46081976924363E-16,-1.,0.));
#4576=DIRECTION('',(0.,0.,1.));
#4577=DIRECTION('',(0.,-1.,0.));
#4578=DIRECTION('',(0.,0.,-1.));
#4579=DIRECTION('',(1.,0.,0.));
#4580=DIRECTION('',(0.,0.,1.));
#4581=DIRECTION('',(1.,0.,0.));
#4582=DIRECTION('',(0.,0.,1.));
#4583=DIRECTION('',(-1.,1.46081976924363E-16,0.));
#4584=DIRECTION('',(-1.46081976924363E-16,-1.,0.));
#4585=DIRECTION('',(-1.46081976924363E-16,-1.,0.));
#4586=DIRECTION('',(0.,0.,1.));
#4587=DIRECTION('',(-1.46081976924363E-16,-1.,0.));
#4588=DIRECTION('',(0.,0.,1.));
#4589=DIRECTION('',(0.,0.,1.));
#4590=DIRECTION('',(1.,0.,0.));
#4591=DIRECTION('',(-1.46081976924363E-16,-1.,0.));
#4592=DIRECTION('',(1.,0.,0.));
#4593=DIRECTION('',(-1.46081976924363E-16,-1.,0.));
#4594=DIRECTION('',(1.,0.,0.));
#4595=DIRECTION('',(0.,-1.,0.));
#4596=DIRECTION('',(0.,0.,-1.));
#4597=DIRECTION('',(0.,0.,1.));
#4598=DIRECTION('',(1.,0.,0.));
#4599=DIRECTION('',(0.,0.,1.));
#4600=DIRECTION('',(-1.,1.54197642309049E-16,0.));
#4601=DIRECTION('',(-1.54197642309049E-16,-1.,0.));
#4602=DIRECTION('',(0.,0.,1.));
#4603=DIRECTION('',(-1.54197642309049E-16,-1.,0.));
#4604=DIRECTION('',(0.,-1.,0.));
#4605=DIRECTION('',(0.,0.,-1.));
#4606=DIRECTION('',(0.,0.,1.));
#4607=DIRECTION('',(1.,0.,0.));
#4608=DIRECTION('',(-1.,1.54197642309049E-16,0.));
#4609=DIRECTION('',(-1.54197642309049E-16,-1.,0.));
#4610=DIRECTION('',(-1.54197642309049E-16,-1.,0.));
#4611=DIRECTION('',(0.,0.,1.));
#4612=DIRECTION('',(1.,0.,0.));
#4613=DIRECTION('',(1.,0.,0.));
#4614=DIRECTION('',(0.,0.,-1.));
#4615=DIRECTION('',(-1.,0.,0.));
#4616=DIRECTION('',(0.,0.,1.));
#4617=DIRECTION('',(1.,0.,0.));
#4618=DIRECTION('',(0.,0.,-1.));
#4619=DIRECTION('',(0.,0.,1.));
#4620=DIRECTION('',(1.,0.,0.));
#4621=DIRECTION('',(0.,0.,1.));
#4622=DIRECTION('',(1.,0.,0.));
#4623=DIRECTION('',(0.,-1.,0.));
#4624=DIRECTION('',(0.,0.,-1.));
#4625=DIRECTION('',(0.,-1.,0.));
#4626=DIRECTION('',(0.,0.,-1.));
#4627=DIRECTION('',(0.,-1.,0.));
#4628=DIRECTION('',(0.,0.,-1.));
#4629=DIRECTION('',(0.,0.,1.));
#4630=DIRECTION('',(1.,0.,0.));
#4631=DIRECTION('',(-1.46081976924363E-16,-1.,0.));
#4632=DIRECTION('',(1.,-1.46081976924363E-16,0.));
#4633=DIRECTION('',(0.,1.,0.));
#4634=DIRECTION('',(0.,0.,1.));
#4635=DIRECTION('',(0.,0.,1.));
#4636=DIRECTION('',(1.,0.,0.));
#4637=DIRECTION('',(0.,0.,-1.));
#4638=DIRECTION('',(-1.,0.,0.));
#4639=DIRECTION('',(-1.,0.,0.));
#4640=DIRECTION('',(0.,0.,1.));
#4641=DIRECTION('',(1.,0.,0.));
#4642=DIRECTION('',(0.,0.,-1.));
#4643=DIRECTION('',(-1.,0.,0.));
#4644=DIRECTION('',(0.,0.,1.));
#4645=DIRECTION('',(0.,0.,-1.));
#4646=DIRECTION('',(-1.,0.,0.));
#4647=DIRECTION('',(0.,0.,-1.));
#4648=DIRECTION('',(-1.,0.,0.));
#4649=DIRECTION('',(1.46081976924363E-16,1.,0.));
#4650=DIRECTION('',(-1.,1.46081976924363E-16,0.));
#4651=DIRECTION('',(0.,1.,0.));
#4652=DIRECTION('',(0.,0.,1.));
#4653=DIRECTION('',(-1.,0.,0.));
#4654=DIRECTION('',(0.,0.,1.));
#4655=DIRECTION('',(-1.,0.,0.));
#4656=DIRECTION('',(0.,0.,1.));
#4657=DIRECTION('',(1.,0.,0.));
#4658=DIRECTION('',(0.,0.,-1.));
#4659=DIRECTION('',(0.,0.,1.));
#4660=DIRECTION('',(1.,0.,0.));
#4661=DIRECTION('',(0.,0.,1.));
#4662=DIRECTION('',(1.,0.,0.));
#4663=DIRECTION('',(0.,-1.,0.));
#4664=DIRECTION('',(0.,0.,-1.));
#4665=DIRECTION('',(0.,-1.,0.));
#4666=DIRECTION('',(0.,0.,-1.));
#4667=DIRECTION('',(0.,-1.,0.));
#4668=DIRECTION('',(0.,0.,-1.));
#4669=DIRECTION('',(0.,-1.,0.));
#4670=DIRECTION('',(0.,0.,-1.));
#4671=DIRECTION('',(0.,0.,1.));
#4672=DIRECTION('',(1.,0.,0.));
#4673=DIRECTION('',(0.,0.,1.));
#4674=DIRECTION('',(1.,0.,0.));
#4675=DIRECTION('',(0.,0.,-1.));
#4676=DIRECTION('',(-1.,0.,0.));
#4677=DIRECTION('',(0.,0.,-1.));
#4678=DIRECTION('',(-1.,0.,0.));
#4679=DIRECTION('',(1.46081976924363E-16,1.,0.));
#4680=DIRECTION('',(-1.,1.46081976924363E-16,0.));
#4681=DIRECTION('',(0.,1.,0.));
#4682=DIRECTION('',(0.,0.,1.));
#4683=DIRECTION('',(-1.46081976924363E-16,-1.,0.));
#4684=DIRECTION('',(1.,-1.46081976924363E-16,0.));
#4685=DIRECTION('',(0.,1.,0.));
#4686=DIRECTION('',(0.,0.,1.));
#4687=DIRECTION('',(0.,0.,1.));
#4688=DIRECTION('',(1.,0.,0.));
#4689=DIRECTION('',(0.,0.,-1.));
#4690=DIRECTION('',(-1.,0.,0.));
#4691=DIRECTION('',(-1.,0.,0.));
#4692=DIRECTION('',(0.,0.,1.));
#4693=DIRECTION('',(-1.,0.,0.));
#4694=DIRECTION('',(0.,0.,1.));
#4695=DIRECTION('',(1.,0.,0.));
#4696=DIRECTION('',(0.,0.,-1.));
#4697=DIRECTION('',(1.,0.,0.));
#4698=DIRECTION('',(0.,0.,-1.));
#4699=DIRECTION('',(1.,0.,0.));
#4700=DIRECTION('',(0.,0.,-1.));
#4701=DIRECTION('',(0.,0.,1.));
#4702=DIRECTION('',(1.,0.,0.));
#4703=DIRECTION('',(0.,1.,0.));
#4704=DIRECTION('',(0.,0.,1.));
#4705=DIRECTION('',(1.,0.,0.));
#4706=DIRECTION('',(0.,0.,-1.));
#4707=DIRECTION('',(1.,0.,0.));
#4708=DIRECTION('',(0.,0.,-1.));
#4709=DIRECTION('',(1.,-1.54197642309049E-16,0.));
#4710=DIRECTION('',(1.54197642309049E-16,1.,0.));
#4711=DIRECTION('',(-1.54197642309049E-16,-1.,0.));
#4712=DIRECTION('',(0.,0.,-1.));
#4713=DIRECTION('',(-1.54197642309049E-16,-1.,0.));
#4714=DIRECTION('',(0.,1.,0.));
#4715=DIRECTION('',(0.,0.,1.));
#4716=DIRECTION('',(1.,0.,0.));
#4717=DIRECTION('',(0.,0.,-1.));
#4718=DIRECTION('',(1.,0.,0.));
#4719=DIRECTION('',(1.,-1.54197642309049E-16,0.));
#4720=DIRECTION('',(1.54197642309049E-16,1.,0.));
#4721=DIRECTION('',(-1.54197642309049E-16,-1.,0.));
#4722=DIRECTION('',(-1.54197642309049E-16,-1.,0.));
#4723=DIRECTION('',(0.,0.,1.));
#4724=DIRECTION('',(1.,0.,0.));
#4725=DIRECTION('',(0.,0.,1.));
#4726=DIRECTION('',(1.,0.,0.));
#4727=DIRECTION('',(0.,0.,1.));
#4728=DIRECTION('',(1.,0.,0.));
#4729=DIRECTION('',(-1.,0.,0.));
#4730=DIRECTION('',(0.,-1.22464679914735E-16,-1.));
#4731=DIRECTION('',(0.,1.22464679914735E-16,1.));
#4732=DIRECTION('',(0.,-1.,1.22464679914735E-16));
#4733=DIRECTION('',(0.,-1.,1.22464679914735E-16));
#4734=DIRECTION('',(0.,1.22464679914735E-16,1.));
#4735=DIRECTION('',(0.,-1.,1.22464679914735E-16));
#4736=DIRECTION('',(1.,0.,0.));
#4737=DIRECTION('',(0.,-1.,1.22464679914735E-16));
#4738=DIRECTION('',(0.,1.22464679914735E-16,1.));
#4739=DIRECTION('',(1.22163625068789E-16,1.,-1.22464679914735E-16));
#4740=DIRECTION('',(0.,1.22464679914735E-16,1.));
#4741=DIRECTION('',(1.22163625068789E-16,1.,-1.22464679914735E-16));
#4742=DIRECTION('',(1.22163625068789E-16,1.,-1.22464679914735E-16));
#4743=DIRECTION('',(0.,0.,-1.));
#4744=DIRECTION('',(1.,0.,0.));
#4745=DIRECTION('',(0.,-1.22464679914735E-16,-1.));
#4746=DIRECTION('',(1.,0.,0.));
#4747=DIRECTION('',(0.,-1.22464679914735E-16,-1.));
#4748=DIRECTION('',(1.,0.,0.));
#4749=DIRECTION('',(0.,0.,-1.));
#4750=DIRECTION('',(1.,0.,0.));
#4751=DIRECTION('',(0.,-1.22464679914735E-16,-1.));
#4752=DIRECTION('',(1.,0.,0.));
#4753=DIRECTION('',(1.,0.,0.));
#4754=DIRECTION('',(0.,-1.22464679914735E-16,-1.));
#4755=DIRECTION('',(1.,0.,0.));
#4756=DIRECTION('',(-1.,0.,0.));
#4757=DIRECTION('',(0.,1.,0.));
#4758=DIRECTION('',(0.,0.,1.));
#4759=DIRECTION('',(-1.,0.,0.));
#4760=DIRECTION('',(0.,1.22464679914735E-16,1.));
#4761=DIRECTION('',(-1.,0.,0.));
#4762=DIRECTION('',(0.,1.22464679914735E-16,1.));
#4763=DIRECTION('',(0.,-1.,0.));
#4764=DIRECTION('',(0.,0.,-1.));
#4765=DIRECTION('',(1.,0.,0.));
#4766=DIRECTION('',(0.,1.22464679914735E-16,1.));
#4767=DIRECTION('',(1.,0.,0.));
#4768=DIRECTION('',(0.,1.22464679914735E-16,1.));
#4769=DIRECTION('',(0.,0.,-1.));
#4770=DIRECTION('',(1.,0.,0.));
#4771=DIRECTION('',(0.,-1.22464679914735E-16,-1.));
#4772=DIRECTION('',(1.,0.,0.));
#4773=DIRECTION('',(1.22163625068789E-16,1.,-1.22464679914735E-16));
#4774=DIRECTION('',(0.,-1.22464679914735E-16,-1.));
#4775=DIRECTION('',(1.,0.,0.));
#4776=DIRECTION('',(0.,-1.,1.22464679914735E-16));
#4777=DIRECTION('',(-1.,0.,0.));
#4778=DIRECTION('',(0.,-1.22464679914735E-16,-1.));
#4779=DIRECTION('',(0.,1.22464679914735E-16,1.));
#4780=DIRECTION('',(0.,-1.,1.22464679914735E-16));
#4781=DIRECTION('',(0.,1.22464679914735E-16,1.));
#4782=DIRECTION('',(0.,-1.,1.22464679914735E-16));
#4783=DIRECTION('',(1.,0.,0.));
#4784=DIRECTION('',(0.,-1.,1.22464679914735E-16));
#4785=DIRECTION('',(0.,1.22464679914735E-16,1.));
#4786=DIRECTION('',(1.22163625068789E-16,1.,-1.22464679914735E-16));
#4787=DIRECTION('',(0.,1.22464679914735E-16,1.));
#4788=DIRECTION('',(1.22163625068789E-16,1.,-1.22464679914735E-16));
#4789=DIRECTION('',(0.,0.,-1.));
#4790=DIRECTION('',(1.,0.,0.));
#4791=DIRECTION('',(0.,-1.22464679914735E-16,-1.));
#4792=DIRECTION('',(1.,0.,0.));
#4793=DIRECTION('',(-1.,0.,0.));
#4794=DIRECTION('',(0.,-1.22464679914735E-16,-1.));
#4795=DIRECTION('',(1.,0.,0.));
#4796=DIRECTION('',(1.,0.,0.));
#4797=DIRECTION('',(0.,-1.,0.));
#4798=DIRECTION('',(0.,0.,-1.));
#4799=DIRECTION('',(1.,0.,0.));
#4800=DIRECTION('',(0.,1.22464679914735E-16,1.));
#4801=DIRECTION('',(1.,0.,0.));
#4802=DIRECTION('',(0.,1.22464679914735E-16,1.));
#4803=DIRECTION('',(0.,1.,0.));
#4804=DIRECTION('',(0.,0.,1.));
#4805=DIRECTION('',(-1.,0.,0.));
#4806=DIRECTION('',(0.,1.22464679914735E-16,1.));
#4807=DIRECTION('',(-1.,0.,0.));
#4808=DIRECTION('',(0.,1.22464679914735E-16,1.));
#4809=DIRECTION('',(0.,0.,-1.));
#4810=DIRECTION('',(1.,0.,0.));
#4811=DIRECTION('',(0.,-1.22464679914735E-16,-1.));
#4812=DIRECTION('',(1.,0.,0.));
#4813=DIRECTION('',(0.,-1.22464679914735E-16,-1.));
#4814=DIRECTION('',(1.,0.,0.));
#4815=DIRECTION('',(0.,0.,-1.));
#4816=DIRECTION('',(1.,0.,0.));
#4817=DIRECTION('',(0.,-1.22464679914735E-16,-1.));
#4818=DIRECTION('',(1.,0.,0.));
#4819=DIRECTION('',(0.,-1.22464679914735E-16,-1.));
#4820=DIRECTION('',(1.,0.,0.));
#4821=DIRECTION('',(0.,0.,1.));
#4822=DIRECTION('',(-1.,0.,0.));
#4823=DIRECTION('',(0.,-1.22464679914735E-16,-1.));
#4824=DIRECTION('',(1.,0.,0.));
#4825=DIRECTION('',(0.,-1.22464679914735E-16,-1.));
#4826=DIRECTION('',(1.,0.,0.));
#4827=DIRECTION('',(0.,-1.22464679914735E-16,-1.));
#4828=DIRECTION('',(1.,0.,0.));
#4829=DIRECTION('',(0.,0.,-1.));
#4830=DIRECTION('',(1.,0.,0.));
#4831=DIRECTION('',(0.,-1.22464679914735E-16,-1.));
#4832=DIRECTION('',(1.,0.,0.));
#4833=DIRECTION('',(0.,0.,-1.));
#4834=DIRECTION('',(1.,0.,0.));
#4835=DIRECTION('',(0.,-1.22464679914735E-16,-1.));
#4836=DIRECTION('',(1.,0.,0.));
#4837=DIRECTION('',(0.,0.,-1.));
#4838=DIRECTION('',(1.,0.,0.));
#4839=DIRECTION('',(0.,-1.22464679914735E-16,-1.));
#4840=DIRECTION('',(1.,0.,0.));
#4841=DIRECTION('',(0.,0.,1.));
#4842=DIRECTION('',(-1.,0.,0.));
#4843=DIRECTION('',(0.,-1.22464679914735E-16,-1.));
#4844=DIRECTION('',(1.,0.,0.));
#4845=DIRECTION('',(0.,0.,1.));
#4846=DIRECTION('',(-1.,0.,0.));
#4847=DIRECTION('',(0.,-1.22464679914735E-16,-1.));
#4848=DIRECTION('',(1.,0.,0.));
#4849=DIRECTION('',(0.,0.,1.));
#4850=DIRECTION('',(-1.,0.,0.));
#4851=DIRECTION('',(0.,-1.22464679914735E-16,-1.));
#4852=DIRECTION('',(1.,0.,0.));
#4853=DIRECTION('',(0.,0.,1.));
#4854=DIRECTION('',(-1.,0.,0.));
#4855=DIRECTION('',(0.,-1.22464679914735E-16,-1.));
#4856=DIRECTION('',(1.,0.,0.));
#4857=DIRECTION('',(0.,0.,-1.));
#4858=DIRECTION('',(1.,0.,0.));
#4859=DIRECTION('',(0.,-1.22464679914735E-16,-1.));
#4860=DIRECTION('',(1.,0.,0.));
#4861=DIRECTION('',(0.,0.,-1.));
#4862=DIRECTION('',(1.,0.,0.));
#4863=DIRECTION('',(0.,-1.22464679914735E-16,-1.));
#4864=DIRECTION('',(1.,0.,0.));
#4865=DIRECTION('',(0.,0.,-1.));
#4866=DIRECTION('',(1.,0.,0.));
#4867=DIRECTION('',(0.,-1.22464679914735E-16,-1.));
#4868=DIRECTION('',(1.,0.,0.));
#4869=DIRECTION('',(0.,0.,-1.));
#4870=DIRECTION('',(1.,0.,0.));
#4871=DIRECTION('',(0.,-1.22464679914735E-16,-1.));
#4872=DIRECTION('',(1.,0.,0.));
#4873=DIRECTION('',(0.,0.,1.));
#4874=DIRECTION('',(-1.,0.,0.));
#4875=DIRECTION('',(0.,0.,1.));
#4876=DIRECTION('',(1.,0.,0.));
#4877=DIRECTION('',(5.60603288331767E-33,-1.22464679914736E-16,-1.));
#4878=DIRECTION('',(-1.,1.11022302462516E-16,-1.92023436177867E-32));
#4879=DIRECTION('',(1.,0.,0.));
#4880=DIRECTION('',(0.,1.,0.));
#4881=DIRECTION('',(-1.,0.,0.));
#4882=DIRECTION('',(0.,0.,1.));
#4883=DIRECTION('',(-1.,0.,0.));
#4884=DIRECTION('',(0.,0.,1.));
#4885=DIRECTION('',(-1.,0.,0.));
#4886=DIRECTION('',(0.,0.,1.));
#4887=DIRECTION('',(1.,0.,0.));
#4888=DIRECTION('',(0.,0.,-1.));
#4889=DIRECTION('',(0.,0.,1.));
#4890=DIRECTION('',(0.,1.,0.));
#4891=DIRECTION('',(1.,0.,0.));
#4892=DIRECTION('',(0.,0.,-1.));
#4893=DIRECTION('',(-1.,0.,0.));
#4894=DIRECTION('',(0.,0.,1.));
#4895=DIRECTION('',(-1.,0.,0.));
#4896=DIRECTION('',(0.,0.,1.));
#4897=DIRECTION('',(-1.,0.,0.));
#4898=DIRECTION('',(0.,0.,1.));
#4899=DIRECTION('',(1.,0.,0.));
#4900=DIRECTION('',(0.,0.,-1.));
#4901=DIRECTION('',(1.,0.,0.));
#4902=DIRECTION('',(0.,0.,-1.));
#4903=DIRECTION('',(0.,-1.,0.));
#4904=DIRECTION('',(0.,0.,1.));
#4905=DIRECTION('',(1.,0.,0.));
#4906=DIRECTION('',(0.,0.,-1.));
#4907=DIRECTION('',(-1.,0.,0.));
#4908=DIRECTION('',(0.,0.,1.));
#4909=DIRECTION('',(-1.,0.,0.));
#4910=DIRECTION('',(0.,0.,1.));
#4911=DIRECTION('',(-1.,0.,0.));
#4912=DIRECTION('',(0.,0.,1.));
#4913=DIRECTION('',(1.,0.,0.));
#4914=DIRECTION('',(0.,0.,-1.));
#4915=DIRECTION('',(1.,0.,0.));
#4916=DIRECTION('',(0.,0.,-1.));
#4917=DIRECTION('',(0.,0.,-1.));
#4918=DIRECTION('',(0.,-1.,0.));
#4919=DIRECTION('',(1.,0.,0.));
#4920=DIRECTION('',(0.,0.,-1.));
#4921=DIRECTION('',(1.,0.,0.));
#4922=DIRECTION('',(0.,0.,-1.));
#4923=DIRECTION('',(-1.,0.,0.));
#4924=DIRECTION('',(0.,0.,1.));
#4925=DIRECTION('',(-1.,0.,0.));
#4926=DIRECTION('',(0.,0.,1.));
#4927=DIRECTION('',(-1.,0.,0.));
#4928=DIRECTION('',(0.,0.,1.));
#4929=DIRECTION('',(1.,0.,0.));
#4930=DIRECTION('',(0.,0.,-1.));
#4931=DIRECTION('',(0.,1.,0.));
#4932=DIRECTION('',(0.,0.,-1.));
#4933=DIRECTION('',(1.,0.,0.));
#4934=DIRECTION('',(0.,0.,-1.));
#4935=DIRECTION('',(1.,0.,0.));
#4936=DIRECTION('',(0.,0.,-1.));
#4937=DIRECTION('',(-1.,0.,0.));
#4938=DIRECTION('',(0.,0.540393964754725,0.841412124262937));
#4939=DIRECTION('',(1.,0.,0.));
#4940=DIRECTION('',(0.,0.,-1.));
#4941=DIRECTION('',(-1.,0.,0.));
#4942=DIRECTION('',(-1.,0.,0.));
#4943=DIRECTION('',(0.,0.970088897875222,0.242749933510265));
#4944=DIRECTION('',(1.,0.,0.));
#4945=DIRECTION('',(0.,0.,-1.));
#4946=DIRECTION('',(-1.,0.,0.));
#4947=DIRECTION('',(0.,1.,0.));
#4948=DIRECTION('',(0.,0.,1.));
#4949=DIRECTION('',(0.,0.,-1.));
#4950=DIRECTION('',(-1.,0.,0.));
#4951=DIRECTION('',(0.,0.,1.));
#4952=DIRECTION('',(1.,0.,0.));
#4953=DIRECTION('',(0.,1.,0.));
#4954=DIRECTION('',(-1.,0.,0.));
#4955=DIRECTION('',(-1.,0.,0.));
#4956=DIRECTION('',(0.,0.254959473064478,0.966951739796089));
#4957=DIRECTION('',(1.,0.,0.));
#4958=DIRECTION('',(0.,0.,-1.));
#4959=DIRECTION('',(-1.,0.,0.));
#4960=DIRECTION('',(-1.,0.,0.));
#4961=DIRECTION('',(0.,0.846026460857371,0.533140907761871));
#4962=DIRECTION('',(-1.,0.,0.));
#4963=DIRECTION('',(0.,0.,1.));
#4964=DIRECTION('',(-1.,0.,0.));
#4965=DIRECTION('',(0.,0.994824606167698,0.101607100949125));
#4966=DIRECTION('',(-1.,0.,0.));
#4967=DIRECTION('',(0.,0.,1.));
#4968=DIRECTION('',(-1.,0.,0.));
#4969=DIRECTION('',(-1.,0.,0.));
#4970=DIRECTION('',(0.,0.994824606167966,-0.1016071009465));
#4971=DIRECTION('',(-1.,0.,0.));
#4972=DIRECTION('',(0.,0.,1.));
#4973=DIRECTION('',(-1.,0.,0.));
#4974=DIRECTION('',(0.,0.841412124573894,-0.540393964270556));
#4975=DIRECTION('',(1.,0.,0.));
#4976=DIRECTION('',(0.,0.,-1.));
#4977=DIRECTION('',(-1.,0.,0.));
#4978=DIRECTION('',(-1.,0.,0.));
#4979=DIRECTION('',(0.,0.242749933510275,-0.970088897875219));
#4980=DIRECTION('',(1.,0.,0.));
#4981=DIRECTION('',(0.,0.,-1.));
#4982=DIRECTION('',(-1.,0.,0.));
#4983=DIRECTION('',(0.,0.,-1.));
#4984=DIRECTION('',(-1.,0.,0.));
#4985=DIRECTION('',(0.,-1.,0.));
#4986=DIRECTION('',(-1.,0.,0.));
#4987=DIRECTION('',(0.,1.,0.));
#4988=DIRECTION('',(0.,0.,1.));
#4989=DIRECTION('',(0.,0.,-1.));
#4990=DIRECTION('',(-1.,0.,0.));
#4991=DIRECTION('',(-1.,0.,0.));
#4992=DIRECTION('',(0.,0.969717076961099,-0.244231019016877));
#4993=DIRECTION('',(1.,0.,0.));
#4994=DIRECTION('',(0.,0.,-1.));
#4995=DIRECTION('',(-1.,0.,0.));
#4996=DIRECTION('',(-1.,0.,0.));
#4997=DIRECTION('',(0.,0.540321413669348,-0.84145871552344));
#4998=DIRECTION('',(1.,0.,0.));
#4999=DIRECTION('',(0.,0.,-1.));
#5000=DIRECTION('',(-1.,0.,0.));
#5001=DIRECTION('',(0.,0.104099222127291,-0.994566916779607));
#5002=DIRECTION('',(-1.,0.,0.));
#5003=DIRECTION('',(0.,0.,1.));
#5004=DIRECTION('',(-1.,0.,0.));
#5005=DIRECTION('',(-1.,0.,0.));
#5006=DIRECTION('',(0.,-0.104099222125782,-0.994566916779765));
#5007=DIRECTION('',(-1.,0.,0.));
#5008=DIRECTION('',(0.,0.,1.));
#5009=DIRECTION('',(-1.,0.,0.));
#5010=DIRECTION('',(0.,-0.533069050947498,-0.846071738638003));
#5011=DIRECTION('',(-1.,0.,0.));
#5012=DIRECTION('',(0.,0.,1.));
#5013=DIRECTION('',(-1.,0.,0.));
#5014=DIRECTION('',(-1.,0.,0.));
#5015=DIRECTION('',(0.,-0.96654528329366,-0.256496033775921));
#5016=DIRECTION('',(1.,0.,0.));
#5017=DIRECTION('',(0.,0.,-1.));
#5018=DIRECTION('',(-1.,0.,0.));
#5019=DIRECTION('',(0.,-1.,0.));
#5020=DIRECTION('',(0.,0.,-1.));
#5021=DIRECTION('',(0.,0.,1.));
#5022=DIRECTION('',(-1.,0.,0.));
#5023=DIRECTION('',(0.,0.,-1.));
#5024=DIRECTION('',(-1.,0.,0.));
#5025=DIRECTION('',(0.,-1.,0.));
#5026=DIRECTION('',(-1.,0.,0.));
#5027=DIRECTION('',(-1.,0.,0.));
#5028=DIRECTION('',(0.,-0.244231019145838,-0.969717076928619));
#5029=DIRECTION('',(1.,0.,0.));
#5030=DIRECTION('',(0.,0.,-1.));
#5031=DIRECTION('',(-1.,0.,0.));
#5032=DIRECTION('',(-1.,0.,0.));
#5033=DIRECTION('',(0.,-0.841458715523068,-0.540321413669927));
#5034=DIRECTION('',(1.,0.,0.));
#5035=DIRECTION('',(0.,0.,-1.));
#5036=DIRECTION('',(-1.,0.,0.));
#5037=DIRECTION('',(0.,-0.994566916779595,-0.104099222127403));
#5038=DIRECTION('',(-1.,0.,0.));
#5039=DIRECTION('',(0.,0.,1.));
#5040=DIRECTION('',(-1.,0.,0.));
#5041=DIRECTION('',(-1.,0.,0.));
#5042=DIRECTION('',(0.,-0.994566916779385,0.10409922212941));
#5043=DIRECTION('',(-1.,0.,0.));
#5044=DIRECTION('',(0.,0.,1.));
#5045=DIRECTION('',(-1.,0.,0.));
#5046=DIRECTION('',(0.,-0.846071738859201,0.53306905059642));
#5047=DIRECTION('',(-1.,0.,0.));
#5048=DIRECTION('',(0.,0.,1.));
#5049=DIRECTION('',(-1.,0.,0.));
#5050=DIRECTION('',(-1.,0.,0.));
#5051=DIRECTION('',(0.,-0.256496033775896,0.966545283293667));
#5052=DIRECTION('',(1.,0.,0.));
#5053=DIRECTION('',(0.,0.,-1.));
#5054=DIRECTION('',(-1.,0.,0.));
#5055=DIRECTION('',(0.,0.,1.));
#5056=DIRECTION('',(1.,0.,0.));
#5057=DIRECTION('',(0.,1.,0.));
#5058=DIRECTION('',(-1.,0.,0.));
#5059=DIRECTION('',(0.,-1.,0.));
#5060=DIRECTION('',(0.,0.,-1.));
#5061=DIRECTION('',(0.,0.,1.));
#5062=DIRECTION('',(-1.,0.,0.));
#5063=DIRECTION('',(-1.,0.,0.));
#5064=DIRECTION('',(0.,-0.966951739796093,0.254959473064465));
#5065=DIRECTION('',(1.,0.,0.));
#5066=DIRECTION('',(0.,0.,-1.));
#5067=DIRECTION('',(-1.,0.,0.));
#5068=DIRECTION('',(-1.,0.,0.));
#5069=DIRECTION('',(0.,-0.533140907761867,0.846026460857373));
#5070=DIRECTION('',(-1.,0.,0.));
#5071=DIRECTION('',(0.,0.,1.));
#5072=DIRECTION('',(-1.,0.,0.));
#5073=DIRECTION('',(0.,-0.101607100945926,0.994824606168024));
#5074=DIRECTION('',(-1.,0.,0.));
#5075=DIRECTION('',(0.,0.,1.));
#5076=DIRECTION('',(-1.,0.,0.));
#5077=DIRECTION('',(-1.,0.,0.));
#5078=DIRECTION('',(0.,0.101607100948815,0.994824606167729));
#5079=DIRECTION('',(-1.,0.,0.));
#5080=DIRECTION('',(0.,0.,1.));
#5081=DIRECTION('',(1.,0.,0.));
#5082=DIRECTION('',(0.,1.,0.));
#5083=DIRECTION('',(-1.,0.,0.));
#5084=DIRECTION('',(0.,0.,1.));
#5085=DIRECTION('',(-1.,0.,0.));
#5086=DIRECTION('',(0.,0.,1.));
#5087=DIRECTION('',(-1.,0.,0.));
#5088=DIRECTION('',(0.,0.,1.));
#5089=DIRECTION('',(1.,0.,0.));
#5090=DIRECTION('',(0.,0.,-1.));
#5091=DIRECTION('',(0.,0.,1.));
#5092=DIRECTION('',(0.,1.,0.));
#5093=DIRECTION('',(1.,0.,0.));
#5094=DIRECTION('',(0.,0.,-1.));
#5095=DIRECTION('',(1.,0.,0.));
#5096=DIRECTION('',(0.,0.,-1.));
#5097=DIRECTION('',(-1.,0.,0.));
#5098=DIRECTION('',(0.,0.,1.));
#5099=DIRECTION('',(-1.,0.,0.));
#5100=DIRECTION('',(0.,0.,1.));
#5101=DIRECTION('',(-1.,0.,0.));
#5102=DIRECTION('',(0.,0.,1.));
#5103=DIRECTION('',(1.,0.,0.));
#5104=DIRECTION('',(0.,0.,-1.));
#5105=DIRECTION('',(0.,-1.,0.));
#5106=DIRECTION('',(0.,0.,1.));
#5107=DIRECTION('',(1.,0.,0.));
#5108=DIRECTION('',(0.,0.,-1.));
#5109=DIRECTION('',(1.,0.,0.));
#5110=DIRECTION('',(0.,0.,-1.));
#5111=DIRECTION('',(-1.,0.,0.));
#5112=DIRECTION('',(0.,0.,1.));
#5113=DIRECTION('',(-1.,0.,0.));
#5114=DIRECTION('',(0.,0.,1.));
#5115=DIRECTION('',(-1.,0.,0.));
#5116=DIRECTION('',(0.,0.,1.));
#5117=DIRECTION('',(1.,0.,0.));
#5118=DIRECTION('',(0.,0.,-1.));
#5119=DIRECTION('',(0.,0.,-1.));
#5120=DIRECTION('',(0.,-1.,0.));
#5121=DIRECTION('',(1.,0.,0.));
#5122=DIRECTION('',(0.,0.,-1.));
#5123=DIRECTION('',(-1.,0.,0.));
#5124=DIRECTION('',(0.,0.,1.));
#5125=DIRECTION('',(-1.,0.,0.));
#5126=DIRECTION('',(0.,0.,1.));
#5127=DIRECTION('',(-1.,0.,0.));
#5128=DIRECTION('',(0.,0.,1.));
#5129=DIRECTION('',(-1.,0.,0.));
#5130=DIRECTION('',(0.,0.,1.));
#5131=DIRECTION('',(1.,0.,0.));
#5132=DIRECTION('',(0.,0.,-1.));
#5133=DIRECTION('',(0.,1.,0.));
#5134=DIRECTION('',(0.,0.,-1.));
#5135=DIRECTION('',(1.,0.,0.));
#5136=DIRECTION('',(0.,0.,-1.));
#5137=DIRECTION('',(-1.,0.,0.));
#5138=DIRECTION('',(0.,0.,1.));
#5139=DIRECTION('',(-1.,0.,0.));
#5140=DIRECTION('',(0.,0.540393964755094,0.8414121242627));
#5141=DIRECTION('',(-1.,0.,0.));
#5142=DIRECTION('',(0.,0.,1.));
#5143=DIRECTION('',(-1.,0.,0.));
#5144=DIRECTION('',(-1.,0.,0.));
#5145=DIRECTION('',(0.,0.970088897875192,0.242749933510382));
#5146=DIRECTION('',(1.,0.,0.));
#5147=DIRECTION('',(0.,0.,-1.));
#5148=DIRECTION('',(-1.,0.,0.));
#5149=DIRECTION('',(0.,1.,0.));
#5150=DIRECTION('',(0.,0.,1.));
#5151=DIRECTION('',(0.,0.,-1.));
#5152=DIRECTION('',(-1.,0.,0.));
#5153=DIRECTION('',(0.,0.,1.));
#5154=DIRECTION('',(1.,0.,0.));
#5155=DIRECTION('',(0.,1.,0.));
#5156=DIRECTION('',(-1.,0.,0.));
#5157=DIRECTION('',(-1.,0.,0.));
#5158=DIRECTION('',(0.,0.254959473064564,0.966951739796067));
#5159=DIRECTION('',(1.,0.,0.));
#5160=DIRECTION('',(0.,0.,-1.));
#5161=DIRECTION('',(-1.,0.,0.));
#5162=DIRECTION('',(-1.,0.,0.));
#5163=DIRECTION('',(0.,0.84602646085756,0.533140907761571));
#5164=DIRECTION('',(-1.,0.,0.));
#5165=DIRECTION('',(0.,0.,1.));
#5166=DIRECTION('',(-1.,0.,0.));
#5167=DIRECTION('',(0.,0.994824606167506,0.101607100950995));
#5168=DIRECTION('',(-1.,0.,0.));
#5169=DIRECTION('',(0.,0.,1.));
#5170=DIRECTION('',(-1.,0.,0.));
#5171=DIRECTION('',(-1.,0.,0.));
#5172=DIRECTION('',(0.,0.994824606167704,-0.101607100949064));
#5173=DIRECTION('',(-1.,0.,0.));
#5174=DIRECTION('',(0.,0.,1.));
#5175=DIRECTION('',(-1.,0.,0.));
#5176=DIRECTION('',(0.,0.841412124262423,-0.540393964755527));
#5177=DIRECTION('',(-1.,0.,0.));
#5178=DIRECTION('',(0.,0.,1.));
#5179=DIRECTION('',(-1.,0.,0.));
#5180=DIRECTION('',(-1.,0.,0.));
#5181=DIRECTION('',(0.,0.242749933540382,-0.970088897867685));
#5182=DIRECTION('',(1.,0.,0.));
#5183=DIRECTION('',(0.,0.,-1.));
#5184=DIRECTION('',(-1.,0.,0.));
#5185=DIRECTION('',(0.,0.,-1.));
#5186=DIRECTION('',(-1.,0.,0.));
#5187=DIRECTION('',(0.,-1.,0.));
#5188=DIRECTION('',(-1.,0.,0.));
#5189=DIRECTION('',(0.,1.,0.));
#5190=DIRECTION('',(0.,0.,1.));
#5191=DIRECTION('',(0.,0.,-1.));
#5192=DIRECTION('',(-1.,0.,0.));
#5193=DIRECTION('',(-1.,0.,0.));
#5194=DIRECTION('',(0.,0.96971707692862,-0.244231019145833));
#5195=DIRECTION('',(1.,0.,0.));
#5196=DIRECTION('',(0.,0.,-1.));
#5197=DIRECTION('',(-1.,0.,0.));
#5198=DIRECTION('',(-1.,0.,0.));
#5199=DIRECTION('',(0.,0.540321413669959,-0.841458715523047));
#5200=DIRECTION('',(-1.,0.,0.));
#5201=DIRECTION('',(0.,0.,1.));
#5202=DIRECTION('',(-1.,0.,0.));
#5203=DIRECTION('',(0.,0.104099222127434,-0.994566916779592));
#5204=DIRECTION('',(-1.,0.,0.));
#5205=DIRECTION('',(0.,0.,1.));
#5206=DIRECTION('',(-1.,0.,0.));
#5207=DIRECTION('',(-1.,0.,0.));
#5208=DIRECTION('',(0.,-0.104099222127423,-0.994566916779593));
#5209=DIRECTION('',(-1.,0.,0.));
#5210=DIRECTION('',(0.,0.,1.));
#5211=DIRECTION('',(-1.,0.,0.));
#5212=DIRECTION('',(0.,-0.533069050947631,-0.846071738637919));
#5213=DIRECTION('',(1.,0.,0.));
#5214=DIRECTION('',(0.,0.,-1.));
#5215=DIRECTION('',(-1.,0.,0.));
#5216=DIRECTION('',(-1.,0.,0.));
#5217=DIRECTION('',(0.,-0.96654528329364,-0.256496033775996));
#5218=DIRECTION('',(1.,0.,0.));
#5219=DIRECTION('',(0.,0.,-1.));
#5220=DIRECTION('',(-1.,0.,0.));
#5221=DIRECTION('',(0.,-1.,0.));
#5222=DIRECTION('',(0.,0.,-1.));
#5223=DIRECTION('',(0.,0.,1.));
#5224=DIRECTION('',(-1.,0.,0.));
#5225=DIRECTION('',(0.,0.,-1.));
#5226=DIRECTION('',(-1.,0.,0.));
#5227=DIRECTION('',(0.,-1.,0.));
#5228=DIRECTION('',(-1.,0.,0.));
#5229=DIRECTION('',(-1.,0.,0.));
#5230=DIRECTION('',(0.,-0.244231019146619,-0.969717076928422));
#5231=DIRECTION('',(1.,0.,0.));
#5232=DIRECTION('',(0.,0.,-1.));
#5233=DIRECTION('',(-1.,0.,0.));
#5234=DIRECTION('',(-1.,0.,0.));
#5235=DIRECTION('',(0.,-0.841458715439973,-0.540321413799334));
#5236=DIRECTION('',(-1.,0.,0.));
#5237=DIRECTION('',(0.,0.,1.));
#5238=DIRECTION('',(-1.,0.,0.));
#5239=DIRECTION('',(0.,-0.99456691677939,-0.104099222129357));
#5240=DIRECTION('',(-1.,0.,0.));
#5241=DIRECTION('',(0.,0.,1.));
#5242=DIRECTION('',(-1.,0.,0.));
#5243=DIRECTION('',(-1.,0.,0.));
#5244=DIRECTION('',(0.,-0.994566916779602,0.104099222127335));
#5245=DIRECTION('',(-1.,0.,0.));
#5246=DIRECTION('',(0.,0.,1.));
#5247=DIRECTION('',(-1.,0.,0.));
#5248=DIRECTION('',(0.,-0.846071738638118,0.533069050947316));
#5249=DIRECTION('',(1.,0.,0.));
#5250=DIRECTION('',(0.,0.,-1.));
#5251=DIRECTION('',(-1.,0.,0.));
#5252=DIRECTION('',(-1.,0.,0.));
#5253=DIRECTION('',(0.,-0.256496033775947,0.966545283293653));
#5254=DIRECTION('',(1.,0.,0.));
#5255=DIRECTION('',(0.,0.,-1.));
#5256=DIRECTION('',(-1.,0.,0.));
#5257=DIRECTION('',(0.,0.,1.));
#5258=DIRECTION('',(1.,0.,0.));
#5259=DIRECTION('',(0.,1.,0.));
#5260=DIRECTION('',(-1.,0.,0.));
#5261=DIRECTION('',(0.,-1.,0.));
#5262=DIRECTION('',(0.,0.,-1.));
#5263=DIRECTION('',(0.,0.,1.));
#5264=DIRECTION('',(-1.,0.,0.));
#5265=DIRECTION('',(-1.,0.,0.));
#5266=DIRECTION('',(0.,-0.966951739832866,0.254959472924998));
#5267=DIRECTION('',(1.,0.,0.));
#5268=DIRECTION('',(0.,0.,-1.));
#5269=DIRECTION('',(-1.,0.,0.));
#5270=DIRECTION('',(-1.,0.,0.));
#5271=DIRECTION('',(0.,-0.533140907761892,0.846026460857357));
#5272=DIRECTION('',(-1.,0.,0.));
#5273=DIRECTION('',(0.,0.,1.));
#5274=DIRECTION('',(-1.,0.,0.));
#5275=DIRECTION('',(0.,-0.101607100949195,0.99482460616769));
#5276=DIRECTION('',(-1.,0.,0.));
#5277=DIRECTION('',(0.,0.,1.));
#5278=DIRECTION('',(-1.,0.,0.));
#5279=DIRECTION('',(-1.,0.,0.));
#5280=DIRECTION('',(0.,0.101607100946342,0.994824606167982));
#5281=DIRECTION('',(-1.,0.,0.));
#5282=DIRECTION('',(0.,0.,1.));
#5283=DIRECTION('',(1.,0.,0.));
#5284=DIRECTION('',(0.,1.,0.));
#5285=DIRECTION('',(-1.,0.,0.));
#5286=DIRECTION('',(0.,0.,1.));
#5287=DIRECTION('',(-1.,0.,0.));
#5288=DIRECTION('',(0.,0.,1.));
#5289=DIRECTION('',(-1.,0.,0.));
#5290=DIRECTION('',(0.,0.,1.));
#5291=DIRECTION('',(1.,0.,0.));
#5292=DIRECTION('',(0.,0.,-1.));
#5293=DIRECTION('',(0.,0.,1.));
#5294=DIRECTION('',(0.,1.,0.));
#5295=DIRECTION('',(1.,0.,0.));
#5296=DIRECTION('',(0.,0.,-1.));
#5297=DIRECTION('',(1.,0.,0.));
#5298=DIRECTION('',(0.,0.,-1.));
#5299=DIRECTION('',(-1.,0.,0.));
#5300=DIRECTION('',(0.,0.,1.));
#5301=DIRECTION('',(-1.,0.,0.));
#5302=DIRECTION('',(0.,0.,1.));
#5303=DIRECTION('',(-1.,0.,0.));
#5304=DIRECTION('',(0.,0.,1.));
#5305=DIRECTION('',(1.,0.,0.));
#5306=DIRECTION('',(0.,0.,-1.));
#5307=DIRECTION('',(0.,-1.,0.));
#5308=DIRECTION('',(0.,0.,1.));
#5309=DIRECTION('',(1.,0.,0.));
#5310=DIRECTION('',(0.,0.,-1.));
#5311=DIRECTION('',(1.,0.,0.));
#5312=DIRECTION('',(0.,0.,-1.));
#5313=DIRECTION('',(-1.,0.,0.));
#5314=DIRECTION('',(0.,0.,1.));
#5315=DIRECTION('',(-1.,0.,0.));
#5316=DIRECTION('',(0.,0.,1.));
#5317=DIRECTION('',(-1.,0.,0.));
#5318=DIRECTION('',(0.,0.,1.));
#5319=DIRECTION('',(1.,0.,0.));
#5320=DIRECTION('',(0.,0.,-1.));
#5321=DIRECTION('',(0.,0.,-1.));
#5322=DIRECTION('',(0.,-1.,0.));
#5323=DIRECTION('',(1.,0.,0.));
#5324=DIRECTION('',(0.,0.,-1.));
#5325=DIRECTION('',(1.,0.,0.));
#5326=DIRECTION('',(0.,0.,-1.));
#5327=DIRECTION('',(-1.,0.,0.));
#5328=DIRECTION('',(0.,0.,1.));
#5329=DIRECTION('',(-1.,0.,0.));
#5330=DIRECTION('',(0.,0.,1.));
#5331=DIRECTION('',(-1.,0.,0.));
#5332=DIRECTION('',(0.,0.,1.));
#5333=DIRECTION('',(1.,0.,0.));
#5334=DIRECTION('',(0.,0.,-1.));
#5335=DIRECTION('',(0.,1.,0.));
#5336=DIRECTION('',(0.,0.,-1.));
#5337=DIRECTION('',(1.,0.,0.));
#5338=DIRECTION('',(0.,0.,-1.));
#5339=DIRECTION('',(1.,0.,0.));
#5340=DIRECTION('',(0.,0.,-1.));
#5341=DIRECTION('',(-1.,0.,0.));
#5342=DIRECTION('',(0.,0.540393964754634,0.841412124262996));
#5343=DIRECTION('',(1.,0.,0.));
#5344=DIRECTION('',(0.,0.,-1.));
#5345=DIRECTION('',(-1.,0.,0.));
#5346=DIRECTION('',(-1.,0.,0.));
#5347=DIRECTION('',(0.,0.970088897875254,0.242749933510137));
#5348=DIRECTION('',(1.,0.,0.));
#5349=DIRECTION('',(0.,0.,-1.));
#5350=DIRECTION('',(-1.,0.,0.));
#5351=DIRECTION('',(0.,1.,0.));
#5352=DIRECTION('',(0.,0.,1.));
#5353=DIRECTION('',(0.,0.,-1.));
#5354=DIRECTION('',(-1.,0.,0.));
#5355=DIRECTION('',(0.,0.,1.));
#5356=DIRECTION('',(1.,0.,0.));
#5357=DIRECTION('',(0.,1.,0.));
#5358=DIRECTION('',(-1.,0.,0.));
#5359=DIRECTION('',(-1.,0.,0.));
#5360=DIRECTION('',(0.,0.254959473065209,0.966951739795896));
#5361=DIRECTION('',(1.,0.,0.));
#5362=DIRECTION('',(0.,0.,-1.));
#5363=DIRECTION('',(-1.,0.,0.));
#5364=DIRECTION('',(-1.,0.,0.));
#5365=DIRECTION('',(0.,0.84602646109331,0.533140907387465));
#5366=DIRECTION('',(-1.,0.,0.));
#5367=DIRECTION('',(0.,0.,1.));
#5368=DIRECTION('',(-1.,0.,0.));
#5369=DIRECTION('',(0.,0.994824606167519,0.101607100950877));
#5370=DIRECTION('',(-1.,0.,0.));
#5371=DIRECTION('',(0.,0.,1.));
#5372=DIRECTION('',(-1.,0.,0.));
#5373=DIRECTION('',(-1.,0.,0.));
#5374=DIRECTION('',(0.,0.994824606167689,-0.101607100949208));
#5375=DIRECTION('',(-1.,0.,0.));
#5376=DIRECTION('',(0.,0.,1.));
#5377=DIRECTION('',(-1.,0.,0.));
#5378=DIRECTION('',(0.,0.841412124263115,-0.540393964754449));
#5379=DIRECTION('',(1.,0.,0.));
#5380=DIRECTION('',(0.,0.,-1.));
#5381=DIRECTION('',(-1.,0.,0.));
#5382=DIRECTION('',(-1.,0.,0.));
#5383=DIRECTION('',(0.,0.242749933510793,-0.970088897875089));
#5384=DIRECTION('',(1.,0.,0.));
#5385=DIRECTION('',(0.,0.,-1.));
#5386=DIRECTION('',(-1.,0.,0.));
#5387=DIRECTION('',(0.,0.,-1.));
#5388=DIRECTION('',(-1.,0.,0.));
#5389=DIRECTION('',(0.,-1.,0.));
#5390=DIRECTION('',(-1.,0.,0.));
#5391=DIRECTION('',(0.,1.,0.));
#5392=DIRECTION('',(0.,0.,1.));
#5393=DIRECTION('',(0.,0.,-1.));
#5394=DIRECTION('',(-1.,0.,0.));
#5395=DIRECTION('',(-1.,0.,0.));
#5396=DIRECTION('',(0.,0.96971707692018,-0.244231019179347));
#5397=DIRECTION('',(1.,0.,0.));
#5398=DIRECTION('',(0.,0.,-1.));
#5399=DIRECTION('',(-1.,0.,0.));
#5400=DIRECTION('',(-1.,0.,0.));
#5401=DIRECTION('',(0.,0.540321413668802,-0.841458715523791));
#5402=DIRECTION('',(-1.,0.,0.));
#5403=DIRECTION('',(0.,0.,1.));
#5404=DIRECTION('',(-1.,0.,0.));
#5405=DIRECTION('',(0.,0.10409922212753,-0.994566916779582));
#5406=DIRECTION('',(-1.,0.,0.));
#5407=DIRECTION('',(0.,0.,1.));
#5408=DIRECTION('',(-1.,0.,0.));
#5409=DIRECTION('',(-1.,0.,0.));
#5410=DIRECTION('',(0.,-0.104099222127521,-0.994566916779583));
#5411=DIRECTION('',(-1.,0.,0.));
#5412=DIRECTION('',(0.,0.,1.));
#5413=DIRECTION('',(-1.,0.,0.));
#5414=DIRECTION('',(0.,-0.53306905059547,-0.846071738859799));
#5415=DIRECTION('',(1.,0.,0.));
#5416=DIRECTION('',(0.,0.,-1.));
#5417=DIRECTION('',(-1.,0.,0.));
#5418=DIRECTION('',(-1.,0.,0.));
#5419=DIRECTION('',(0.,-0.966545283293704,-0.256496033775757));
#5420=DIRECTION('',(1.,0.,0.));
#5421=DIRECTION('',(0.,0.,-1.));
#5422=DIRECTION('',(-1.,0.,0.));
#5423=DIRECTION('',(0.,-1.,0.));
#5424=DIRECTION('',(0.,0.,-1.));
#5425=DIRECTION('',(0.,0.,1.));
#5426=DIRECTION('',(-1.,0.,0.));
#5427=DIRECTION('',(0.,0.,-1.));
#5428=DIRECTION('',(-1.,0.,0.));
#5429=DIRECTION('',(0.,-1.,0.));
#5430=DIRECTION('',(-1.,0.,0.));
#5431=DIRECTION('',(-1.,0.,0.));
#5432=DIRECTION('',(0.,-0.244231019146325,-0.969717076928497));
#5433=DIRECTION('',(1.,0.,0.));
#5434=DIRECTION('',(0.,0.,-1.));
#5435=DIRECTION('',(-1.,0.,0.));
#5436=DIRECTION('',(-1.,0.,0.));
#5437=DIRECTION('',(0.,-0.841458715523556,-0.540321413669167));
#5438=DIRECTION('',(-1.,0.,0.));
#5439=DIRECTION('',(0.,0.,1.));
#5440=DIRECTION('',(-1.,0.,0.));
#5441=DIRECTION('',(0.,-0.994566916779594,-0.104099222127411));
#5442=DIRECTION('',(-1.,0.,0.));
#5443=DIRECTION('',(0.,0.,1.));
#5444=DIRECTION('',(-1.,0.,0.));
#5445=DIRECTION('',(-1.,0.,0.));
#5446=DIRECTION('',(0.,-0.99456691677994,0.104099222124109));
#5447=DIRECTION('',(-1.,0.,0.));
#5448=DIRECTION('',(0.,0.,1.));
#5449=DIRECTION('',(-1.,0.,0.));
#5450=DIRECTION('',(0.,-0.846071738637469,0.533069050948345));
#5451=DIRECTION('',(1.,0.,0.));
#5452=DIRECTION('',(0.,0.,-1.));
#5453=DIRECTION('',(-1.,0.,0.));
#5454=DIRECTION('',(-1.,0.,0.));
#5455=DIRECTION('',(0.,-0.256496033776629,0.966545283293472));
#5456=DIRECTION('',(1.,0.,0.));
#5457=DIRECTION('',(0.,0.,-1.));
#5458=DIRECTION('',(-1.,0.,0.));
#5459=DIRECTION('',(0.,0.,1.));
#5460=DIRECTION('',(1.,0.,0.));
#5461=DIRECTION('',(0.,1.,0.));
#5462=DIRECTION('',(-1.,0.,0.));
#5463=DIRECTION('',(0.,-1.,0.));
#5464=DIRECTION('',(0.,0.,-1.));
#5465=DIRECTION('',(0.,0.,1.));
#5466=DIRECTION('',(-1.,0.,0.));
#5467=DIRECTION('',(-1.,0.,0.));
#5468=DIRECTION('',(0.,-0.966951739796121,0.254959473064359));
#5469=DIRECTION('',(1.,0.,0.));
#5470=DIRECTION('',(0.,0.,-1.));
#5471=DIRECTION('',(-1.,0.,0.));
#5472=DIRECTION('',(-1.,0.,0.));
#5473=DIRECTION('',(0.,-0.533140907760954,0.846026460857948));
#5474=DIRECTION('',(-1.,0.,0.));
#5475=DIRECTION('',(0.,0.,1.));
#5476=DIRECTION('',(-1.,0.,0.));
#5477=DIRECTION('',(0.,-0.101607100949593,0.99482460616765));
#5478=DIRECTION('',(-1.,0.,0.));
#5479=DIRECTION('',(0.,0.,1.));
#5480=DIRECTION('',(-1.,0.,0.));
#5481=DIRECTION('',(-1.,0.,0.));
#5482=DIRECTION('',(0.,0.101607100949682,0.994824606167641));
#5483=DIRECTION('',(-1.,0.,0.));
#5484=DIRECTION('',(0.,0.,1.));
#5485=DIRECTION('',(1.,0.,0.));
#5486=DIRECTION('',(0.,1.,0.));
#5487=DIRECTION('',(-1.,0.,0.));
#5488=DIRECTION('',(0.,0.,1.));
#5489=DIRECTION('',(-1.,0.,0.));
#5490=DIRECTION('',(0.,0.,1.));
#5491=DIRECTION('',(-1.,0.,0.));
#5492=DIRECTION('',(0.,0.,1.));
#5493=DIRECTION('',(1.,0.,0.));
#5494=DIRECTION('',(0.,0.,-1.));
#5495=DIRECTION('',(0.,0.,1.));
#5496=DIRECTION('',(0.,1.,0.));
#5497=DIRECTION('',(1.,0.,0.));
#5498=DIRECTION('',(0.,0.,-1.));
#5499=DIRECTION('',(-1.,0.,0.));
#5500=DIRECTION('',(0.,0.,1.));
#5501=DIRECTION('',(-1.,0.,0.));
#5502=DIRECTION('',(0.,0.,1.));
#5503=DIRECTION('',(-1.,0.,0.));
#5504=DIRECTION('',(0.,0.,1.));
#5505=DIRECTION('',(-1.,0.,0.));
#5506=DIRECTION('',(0.,0.,1.));
#5507=DIRECTION('',(1.,0.,0.));
#5508=DIRECTION('',(0.,0.,-1.));
#5509=DIRECTION('',(0.,-1.,0.));
#5510=DIRECTION('',(0.,0.,1.));
#5511=DIRECTION('',(1.,0.,0.));
#5512=DIRECTION('',(0.,0.,-1.));
#5513=DIRECTION('',(-1.,0.,0.));
#5514=DIRECTION('',(0.,0.,1.));
#5515=DIRECTION('',(-1.,0.,0.));
#5516=DIRECTION('',(0.,0.,1.));
#5517=DIRECTION('',(-1.,0.,0.));
#5518=DIRECTION('',(0.,0.,1.));
#5519=DIRECTION('',(-1.,0.,0.));
#5520=DIRECTION('',(0.,0.,1.));
#5521=DIRECTION('',(1.,0.,0.));
#5522=DIRECTION('',(0.,0.,-1.));
#5523=DIRECTION('',(0.,0.,-1.));
#5524=DIRECTION('',(0.,-1.,0.));
#5525=DIRECTION('',(1.,0.,0.));
#5526=DIRECTION('',(0.,0.,-1.));
#5527=DIRECTION('',(-1.,0.,0.));
#5528=DIRECTION('',(0.,0.,1.));
#5529=DIRECTION('',(-1.,0.,0.));
#5530=DIRECTION('',(0.,0.,1.));
#5531=DIRECTION('',(-1.,0.,0.));
#5532=DIRECTION('',(0.,0.,1.));
#5533=DIRECTION('',(-1.,0.,0.));
#5534=DIRECTION('',(0.,0.,1.));
#5535=DIRECTION('',(1.,0.,0.));
#5536=DIRECTION('',(0.,0.,-1.));
#5537=DIRECTION('',(0.,1.,0.));
#5538=DIRECTION('',(0.,0.,-1.));
#5539=DIRECTION('',(1.,0.,0.));
#5540=DIRECTION('',(0.,0.,-1.));
#5541=DIRECTION('',(-1.,0.,0.));
#5542=DIRECTION('',(0.,0.,1.));
#5543=DIRECTION('',(-1.,0.,0.));
#5544=DIRECTION('',(0.,0.540393964755153,0.841412124262663));
#5545=DIRECTION('',(-1.,0.,0.));
#5546=DIRECTION('',(0.,0.,1.));
#5547=DIRECTION('',(-1.,0.,0.));
#5548=DIRECTION('',(-1.,0.,0.));
#5549=DIRECTION('',(0.,0.970088897903267,0.242749933398187));
#5550=DIRECTION('',(1.,0.,0.));
#5551=DIRECTION('',(0.,0.,-1.));
#5552=DIRECTION('',(-1.,0.,0.));
#5553=DIRECTION('',(0.,1.,0.));
#5554=DIRECTION('',(0.,0.,1.));
#5555=DIRECTION('',(0.,0.,-1.));
#5556=DIRECTION('',(-1.,0.,0.));
#5557=DIRECTION('',(0.,0.,1.));
#5558=DIRECTION('',(1.,0.,0.));
#5559=DIRECTION('',(0.,1.,0.));
#5560=DIRECTION('',(-1.,0.,0.));
#5561=DIRECTION('',(-1.,0.,0.));
#5562=DIRECTION('',(0.,0.254959473064504,0.966951739796082));
#5563=DIRECTION('',(1.,0.,0.));
#5564=DIRECTION('',(0.,0.,-1.));
#5565=DIRECTION('',(-1.,0.,0.));
#5566=DIRECTION('',(-1.,0.,0.));
#5567=DIRECTION('',(0.,0.846026460857555,0.533140907761579));
#5568=DIRECTION('',(-1.,0.,0.));
#5569=DIRECTION('',(0.,0.,1.));
#5570=DIRECTION('',(-1.,0.,0.));
#5571=DIRECTION('',(0.,0.994824606167983,0.101607100946332));
#5572=DIRECTION('',(-1.,0.,0.));
#5573=DIRECTION('',(0.,0.,1.));
#5574=DIRECTION('',(-1.,0.,0.));
#5575=DIRECTION('',(-1.,0.,0.));
#5576=DIRECTION('',(0.,0.994824606167694,-0.101607100949159));
#5577=DIRECTION('',(-1.,0.,0.));
#5578=DIRECTION('',(0.,0.,1.));
#5579=DIRECTION('',(-1.,0.,0.));
#5580=DIRECTION('',(0.,0.841412124263099,-0.540393964754474));
#5581=DIRECTION('',(-1.,0.,0.));
#5582=DIRECTION('',(0.,0.,1.));
#5583=DIRECTION('',(-1.,0.,0.));
#5584=DIRECTION('',(-1.,0.,0.));
#5585=DIRECTION('',(0.,0.242749933510375,-0.970088897875194));
#5586=DIRECTION('',(1.,0.,0.));
#5587=DIRECTION('',(0.,0.,-1.));
#5588=DIRECTION('',(-1.,0.,0.));
#5589=DIRECTION('',(0.,0.,-1.));
#5590=DIRECTION('',(-1.,0.,0.));
#5591=DIRECTION('',(0.,-1.,0.));
#5592=DIRECTION('',(-1.,0.,0.));
#5593=DIRECTION('',(0.,1.,0.));
#5594=DIRECTION('',(0.,0.,1.));
#5595=DIRECTION('',(0.,0.,-1.));
#5596=DIRECTION('',(-1.,0.,0.));
#5597=DIRECTION('',(-1.,0.,0.));
#5598=DIRECTION('',(0.,0.969717076928593,-0.24423101914594));
#5599=DIRECTION('',(1.,0.,0.));
#5600=DIRECTION('',(0.,0.,-1.));
#5601=DIRECTION('',(-1.,0.,0.));
#5602=DIRECTION('',(-1.,0.,0.));
#5603=DIRECTION('',(0.,0.540321413669852,-0.841458715523116));
#5604=DIRECTION('',(-1.,0.,0.));
#5605=DIRECTION('',(0.,0.,1.));
#5606=DIRECTION('',(-1.,0.,0.));
#5607=DIRECTION('',(0.,0.104099222127336,-0.994566916779602));
#5608=DIRECTION('',(-1.,0.,0.));
#5609=DIRECTION('',(0.,0.,1.));
#5610=DIRECTION('',(-1.,0.,0.));
#5611=DIRECTION('',(-1.,0.,0.));
#5612=DIRECTION('',(0.,-0.104099222127333,-0.994566916779602));
#5613=DIRECTION('',(-1.,0.,0.));
#5614=DIRECTION('',(0.,0.,1.));
#5615=DIRECTION('',(-1.,0.,0.));
#5616=DIRECTION('',(0.,-0.53306905094766,-0.846071738637901));
#5617=DIRECTION('',(-1.,0.,0.));
#5618=DIRECTION('',(0.,0.,1.));
#5619=DIRECTION('',(-1.,0.,0.));
#5620=DIRECTION('',(-1.,0.,0.));
#5621=DIRECTION('',(0.,-0.966545283293627,-0.256496033776046));
#5622=DIRECTION('',(1.,0.,0.));
#5623=DIRECTION('',(0.,0.,-1.));
#5624=DIRECTION('',(-1.,0.,0.));
#5625=DIRECTION('',(0.,-1.,0.));
#5626=DIRECTION('',(0.,0.,-1.));
#5627=DIRECTION('',(0.,0.,1.));
#5628=DIRECTION('',(-1.,0.,0.));
#5629=DIRECTION('',(0.,0.,-1.));
#5630=DIRECTION('',(-1.,0.,0.));
#5631=DIRECTION('',(0.,-1.,0.));
#5632=DIRECTION('',(-1.,0.,0.));
#5633=DIRECTION('',(-1.,0.,0.));
#5634=DIRECTION('',(0.,-0.24423101914609,-0.969717076928556));
#5635=DIRECTION('',(1.,0.,0.));
#5636=DIRECTION('',(0.,0.,-1.));
#5637=DIRECTION('',(-1.,0.,0.));
#5638=DIRECTION('',(-1.,0.,0.));
#5639=DIRECTION('',(0.,-0.841458715523229,-0.540321413669677));
#5640=DIRECTION('',(-1.,0.,0.));
#5641=DIRECTION('',(0.,0.,1.));
#5642=DIRECTION('',(-1.,0.,0.));
#5643=DIRECTION('',(0.,-0.994566916779586,-0.104099222127489));
#5644=DIRECTION('',(-1.,0.,0.));
#5645=DIRECTION('',(0.,0.,1.));
#5646=DIRECTION('',(-1.,0.,0.));
#5647=DIRECTION('',(-1.,0.,0.));
#5648=DIRECTION('',(0.,-0.994566916779587,0.10409922212748));
#5649=DIRECTION('',(-1.,0.,0.));
#5650=DIRECTION('',(0.,0.,1.));
#5651=DIRECTION('',(-1.,0.,0.));
#5652=DIRECTION('',(0.,-0.846071738637925,0.533069050947623));
#5653=DIRECTION('',(-1.,0.,0.));
#5654=DIRECTION('',(0.,0.,1.));
#5655=DIRECTION('',(-1.,0.,0.));
#5656=DIRECTION('',(-1.,0.,0.));
#5657=DIRECTION('',(0.,-0.256496033775931,0.966545283293658));
#5658=DIRECTION('',(1.,0.,0.));
#5659=DIRECTION('',(0.,0.,-1.));
#5660=DIRECTION('',(-1.,0.,0.));
#5661=DIRECTION('',(0.,0.,1.));
#5662=DIRECTION('',(1.,0.,0.));
#5663=DIRECTION('',(0.,1.,0.));
#5664=DIRECTION('',(-1.,0.,0.));
#5665=DIRECTION('',(0.,-1.,0.));
#5666=DIRECTION('',(0.,0.,-1.));
#5667=DIRECTION('',(0.,0.,1.));
#5668=DIRECTION('',(-1.,0.,0.));
#5669=DIRECTION('',(-1.,0.,0.));
#5670=DIRECTION('',(0.,-0.966951739796087,0.254959473064485));
#5671=DIRECTION('',(1.,0.,0.));
#5672=DIRECTION('',(0.,0.,-1.));
#5673=DIRECTION('',(-1.,0.,0.));
#5674=DIRECTION('',(-1.,0.,0.));
#5675=DIRECTION('',(0.,-0.533140907762746,0.84602646085682));
#5676=DIRECTION('',(-1.,0.,0.));
#5677=DIRECTION('',(0.,0.,1.));
#5678=DIRECTION('',(-1.,0.,0.));
#5679=DIRECTION('',(0.,-0.101607100948991,0.994824606167711));
#5680=DIRECTION('',(-1.,0.,0.));
#5681=DIRECTION('',(0.,0.,1.));
#5682=DIRECTION('',(-1.,0.,0.));
#5683=DIRECTION('',(-1.,0.,0.));
#5684=DIRECTION('',(0.,0.101607100949003,0.99482460616771));
#5685=DIRECTION('',(-1.,0.,0.));
#5686=DIRECTION('',(0.,0.,1.));
#5687=DIRECTION('',(1.,0.,0.));
#5688=DIRECTION('',(0.,0.383049008063195,-0.923728021347086));
#5689=DIRECTION('',(-1.,0.,0.));
#5690=DIRECTION('',(0.,-0.383049008063195,0.923728021347086));
#5691=DIRECTION('',(1.,0.,0.));
#5692=DIRECTION('',(0.,0.383049008063195,-0.923728021347086));
#5693=DIRECTION('',(1.,0.,0.));
#5694=DIRECTION('',(0.,-0.383049008063195,0.923728021347086));
#5695=DIRECTION('',(1.,0.,0.));
#5696=DIRECTION('',(0.,0.923728021347086,0.383049008063195));
#5697=DIRECTION('',(-1.,0.,0.));
#5698=DIRECTION('',(0.,0.923728021347086,0.383049008063195));
#5699=DIRECTION('',(-1.,0.,0.));
#5700=DIRECTION('',(0.,-0.383049008063195,0.923728021347086));
#5701=DIRECTION('',(1.,0.,0.));
#5702=DIRECTION('',(0.,-0.383049008063195,0.923728021347086));
#5703=DIRECTION('',(1.,0.,0.));
#5704=DIRECTION('',(0.,0.383049008063195,-0.923728021347086));
#5705=DIRECTION('',(1.,0.,0.));
#5706=DIRECTION('',(0.,0.383049008063195,-0.923728021347086));
#5707=DIRECTION('',(1.,0.,0.));
#5708=DIRECTION('',(0.,0.383049008063195,-0.923728021347086));
#5709=DIRECTION('',(-1.,0.,0.));
#5710=DIRECTION('',(0.,-0.383049008063195,0.923728021347086));
#5711=DIRECTION('',(-1.,0.,0.));
#5712=DIRECTION('',(0.,-0.383049008063195,0.923728021347086));
#5713=DIRECTION('',(1.,0.,0.));
#5714=DIRECTION('',(0.,-0.383049008063195,0.923728021347086));
#5715=DIRECTION('',(1.,0.,0.));
#5716=DIRECTION('',(0.,0.383049008063195,-0.923728021347086));
#5717=DIRECTION('',(-1.,0.,0.));
#5718=DIRECTION('',(0.,-0.383049008063195,0.923728021347086));
#5719=DIRECTION('',(1.,0.,0.));
#5720=DIRECTION('',(0.,0.923728021347086,0.383049008063195));
#5721=DIRECTION('',(1.,0.,0.));
#5722=DIRECTION('',(0.,0.923728021347086,0.383049008063195));
#5723=DIRECTION('',(1.,0.,0.));
#5724=DIRECTION('',(0.,0.923728021347086,0.383049008063195));
#5725=DIRECTION('',(1.,0.,0.));
#5726=DIRECTION('',(0.,0.923728021347086,0.383049008063195));
#5727=DIRECTION('',(1.,0.,0.));
#5728=DIRECTION('',(0.,0.923728021347086,0.383049008063195));
#5729=DIRECTION('',(-1.,0.,0.));
#5730=DIRECTION('',(0.,-0.923728021347086,-0.383049008063195));
#5731=DIRECTION('',(-1.,0.,0.));
#5732=DIRECTION('',(0.,-0.923728021347086,-0.383049008063195));
#5733=DIRECTION('',(-9.86076131526264E-32,1.,-1.97215226305253E-31));
#5734=DIRECTION('',(-2.99951956532366E-32,1.97215226305253E-31,1.));
#5735=DIRECTION('',(0.,0.,1.));
#5736=DIRECTION('',(1.,0.,0.));
#5737=DIRECTION('',(0.,0.,1.));
#5738=DIRECTION('',(1.,0.,0.));
#5739=DIRECTION('',(-9.86076131526264E-32,1.,-1.97215226305253E-31));
#5740=DIRECTION('',(-2.99951956532366E-32,1.97215226305253E-31,1.));
#5741=DIRECTION('',(5.60603288331767E-33,-1.22464679914736E-16,-1.));
#5742=DIRECTION('',(-1.,1.11022302462516E-16,-1.92023436177867E-32));
#5743=DIRECTION('',(0.,0.,1.));
#5744=DIRECTION('',(1.,0.,0.));
#5745=DIRECTION('',(-9.86076131526264E-32,1.,-1.97215226305253E-31));
#5746=DIRECTION('',(-2.99951956532366E-32,1.97215226305253E-31,1.));
#5747=DIRECTION('',(5.60603288331767E-33,-1.22464679914736E-16,-1.));
#5748=DIRECTION('',(-1.,1.11022302462516E-16,-1.92023436177867E-32));
#5749=DIRECTION('',(0.,0.,1.));
#5750=DIRECTION('',(1.,0.,0.));
#5751=DIRECTION('',(0.,0.,1.));
#5752=DIRECTION('',(1.,0.,0.));
#5753=DIRECTION('',(-9.86076131526264E-32,1.,-1.97215226305253E-31));
#5754=DIRECTION('',(-2.99951956532366E-32,1.97215226305253E-31,1.));
#5755=DIRECTION('',(0.,0.,1.));
#5756=DIRECTION('',(1.,0.,0.));
#5757=DIRECTION('',(5.60603288331767E-33,-1.22464679914736E-16,-1.));
#5758=DIRECTION('',(-1.,1.11022302462516E-16,-1.92023436177867E-32));
#5759=DIRECTION('',(0.,0.,1.));
#5760=DIRECTION('',(1.,0.,0.));
#5761=DIRECTION('',(0.,0.,1.));
#5762=DIRECTION('',(1.,0.,0.));
#5763=DIRECTION('',(5.60603288331767E-33,-1.22464679914736E-16,-1.));
#5764=DIRECTION('',(-1.,1.11022302462516E-16,-1.92023436177867E-32));
#5765=DIRECTION('',(-9.86076131526264E-32,1.,-1.97215226305253E-31));
#5766=DIRECTION('',(-2.99951956532366E-32,1.97215226305253E-31,1.));
#5767=DIRECTION('',(0.,0.,1.));
#5768=DIRECTION('',(1.,0.,0.));
#5769=DIRECTION('',(0.,0.,1.));
#5770=DIRECTION('',(1.,0.,0.));
#5771=DIRECTION('',(0.,0.,1.));
#5772=DIRECTION('',(1.,0.,0.));
#5773=DIRECTION('',(5.60603288331767E-33,-1.22464679914736E-16,-1.));
#5774=DIRECTION('',(-1.,1.11022302462516E-16,-1.92023436177867E-32));
#5775=DIRECTION('',(-9.86076131526264E-32,1.,-1.97215226305253E-31));
#5776=DIRECTION('',(-2.99951956532366E-32,1.97215226305253E-31,1.));
#5777=DIRECTION('',(0.,0.,1.));
#5778=DIRECTION('',(1.,0.,0.));
#5779=DIRECTION('',(-9.86076131526264E-32,1.,-1.97215226305253E-31));
#5780=DIRECTION('',(-2.99951956532366E-32,1.97215226305253E-31,1.));
#5781=DIRECTION('',(5.60603288331767E-33,-1.22464679914736E-16,-1.));
#5782=DIRECTION('',(-1.,1.11022302462516E-16,-1.92023436177867E-32));
#5783=DIRECTION('',(0.,0.,1.));
#5784=DIRECTION('',(1.,0.,0.));
#5785=DIRECTION('',(0.,0.,1.));
#5786=DIRECTION('',(1.,0.,0.));
#5787=DIRECTION('',(5.60603288331767E-33,-1.22464679914736E-16,-1.));
#5788=DIRECTION('',(-1.,1.11022302462516E-16,-1.92023436177867E-32));
#5789=DIRECTION('',(-9.86076131526264E-32,1.,-1.97215226305253E-31));
#5790=DIRECTION('',(-2.99951956532366E-32,1.97215226305253E-31,1.));
#5791=DIRECTION('',(0.,0.,1.));
#5792=DIRECTION('',(1.,0.,0.));
#5793=DIRECTION('',(0.,0.,1.));
#5794=DIRECTION('',(1.,0.,0.));
#5795=DIRECTION('',(0.,0.,1.));
#5796=DIRECTION('',(1.,0.,0.));
#5797=DIRECTION('',(5.60603288331767E-33,-1.22464679914736E-16,-1.));
#5798=DIRECTION('',(-1.,1.11022302462516E-16,-1.92023436177867E-32));
#5799=DIRECTION('',(0.,0.,1.));
#5800=DIRECTION('',(1.,0.,0.));
#5801=DIRECTION('',(-9.86076131526264E-32,1.,-1.97215226305253E-31));
#5802=DIRECTION('',(-2.99951956532366E-32,1.97215226305253E-31,1.));
#5803=DIRECTION('',(0.,0.,1.));
#5804=DIRECTION('',(1.,0.,0.));
#5805=DIRECTION('',(0.,0.,1.));
#5806=DIRECTION('',(1.,0.,0.));
#5807=DIRECTION('',(-9.86076131526264E-32,1.,-1.97215226305253E-31));
#5808=DIRECTION('',(-2.99951956532366E-32,1.97215226305253E-31,1.));
#5809=DIRECTION('',(5.60603288331767E-33,-1.22464679914736E-16,-1.));
#5810=DIRECTION('',(-1.,1.11022302462516E-16,-1.92023436177867E-32));
#5811=DIRECTION('',(0.,0.,1.));
#5812=DIRECTION('',(1.,0.,0.));
#5813=DIRECTION('',(-9.86076131526264E-32,1.,-1.97215226305253E-31));
#5814=DIRECTION('',(-2.99951956532366E-32,1.97215226305253E-31,1.));
#5815=DIRECTION('',(5.60603288331767E-33,-1.22464679914736E-16,-1.));
#5816=DIRECTION('',(-1.,1.11022302462516E-16,-1.92023436177867E-32));
#5817=DIRECTION('',(0.,0.,1.));
#5818=DIRECTION('',(1.,0.,0.));
#5819=DIRECTION('',(0.,0.,1.));
#5820=DIRECTION('',(1.,0.,0.));
#5821=DIRECTION('',(0.,0.,1.));
#5822=DIRECTION('',(1.,0.,0.));
#5823=DIRECTION('',(5.60603288331767E-33,-1.22464679914736E-16,-1.));
#5824=DIRECTION('',(-1.,1.11022302462516E-16,-1.92023436177867E-32));
#5825=DIRECTION('',(-9.86076131526264E-32,1.,-1.97215226305253E-31));
#5826=DIRECTION('',(-2.99951956532366E-32,1.97215226305253E-31,1.));
#5827=DIRECTION('',(0.,0.,1.));
#5828=DIRECTION('',(1.,0.,0.));
#5829=DIRECTION('',(0.,0.,1.));
#5830=DIRECTION('',(1.,0.,0.));
#5831=DIRECTION('',(5.60603288331767E-33,-1.22464679914736E-16,-1.));
#5832=DIRECTION('',(-1.,1.11022302462516E-16,-1.92023436177867E-32));
#5833=DIRECTION('',(-9.86076131526264E-32,1.,-1.97215226305253E-31));
#5834=DIRECTION('',(-2.99951956532366E-32,1.97215226305253E-31,1.));
#5835=DIRECTION('',(0.,0.,1.));
#5836=DIRECTION('',(1.,0.,0.));
#5837=DIRECTION('',(0.,0.,1.));
#5838=DIRECTION('',(1.,0.,0.));
#5839=DIRECTION('',(-9.86076131526264E-32,1.,-1.97215226305253E-31));
#5840=DIRECTION('',(-2.99951956532366E-32,1.97215226305253E-31,1.));
#5841=DIRECTION('',(5.60603288331767E-33,-1.22464679914736E-16,-1.));
#5842=DIRECTION('',(-1.,1.11022302462516E-16,-1.92023436177867E-32));
#5843=DIRECTION('',(0.,0.,1.));
#5844=DIRECTION('',(1.,0.,0.));
#5845=DIRECTION('',(0.,0.,1.));
#5846=DIRECTION('',(1.,0.,0.));
#5847=DIRECTION('',(0.,0.,1.));
#5848=DIRECTION('',(1.,0.,0.));
#5849=DIRECTION('',(5.60603288331767E-33,-1.22464679914736E-16,-1.));
#5850=DIRECTION('',(-1.,1.11022302462516E-16,-1.92023436177867E-32));
#5851=DIRECTION('',(-9.86076131526264E-32,1.,-1.97215226305253E-31));
#5852=DIRECTION('',(-2.99951956532366E-32,1.97215226305253E-31,1.));
#5853=DIRECTION('',(0.,0.,1.));
#5854=DIRECTION('',(1.,0.,0.));
#5855=DIRECTION('',(0.,0.,1.));
#5856=DIRECTION('',(1.,0.,0.));
#5857=DIRECTION('',(5.60603288331767E-33,-1.22464679914736E-16,-1.));
#5858=DIRECTION('',(-1.,1.11022302462516E-16,-1.92023436177867E-32));
#5859=DIRECTION('',(-9.86076131526264E-32,1.,-1.97215226305253E-31));
#5860=DIRECTION('',(-2.99951956532366E-32,1.97215226305253E-31,1.));
#5861=DIRECTION('',(0.,0.,1.));
#5862=DIRECTION('',(1.,0.,0.));
#5863=DIRECTION('',(0.,0.,1.));
#5864=DIRECTION('',(1.,0.,0.));
#5865=DIRECTION('',(0.,0.,1.));
#5866=DIRECTION('',(1.,0.,0.));
#5867=CARTESIAN_POINT('',(0.,0.,0.));
#5868=CARTESIAN_POINT('',(0.,-6.93889390390723E-18,0.03));
#5869=CARTESIAN_POINT('',(0.0455,0.0475,0.03));
#5870=CARTESIAN_POINT('',(0.0455,-0.0455,0.03));
#5871=CARTESIAN_POINT('',(0.0455,0.0455,0.03));
#5872=CARTESIAN_POINT('',(-0.0475,0.0455,0.03));
#5873=CARTESIAN_POINT('',(-0.0455,0.0455,0.03));
#5874=CARTESIAN_POINT('',(-0.0455,-2.92163953848724E-19,0.03));
#5875=CARTESIAN_POINT('',(-0.0455,-0.0455,0.03));
#5876=CARTESIAN_POINT('',(0.,-0.0455,0.03));
#5877=CARTESIAN_POINT('',(-0.045,1.54074395550979E-33,0.03));
#5878=CARTESIAN_POINT('',(-0.045,0.045,0.03));
#5879=CARTESIAN_POINT('',(-0.045,-0.045,0.03));
#5880=CARTESIAN_POINT('',(0.,0.045,0.03));
#5881=CARTESIAN_POINT('',(0.045,0.045,0.03));
#5882=CARTESIAN_POINT('',(0.045,-1.38777878078145E-17,0.03));
#5883=CARTESIAN_POINT('',(0.045,-0.045,0.03));
#5884=CARTESIAN_POINT('',(0.,-0.045,0.03));
#5885=CARTESIAN_POINT('',(6.93889390390723E-18,0.0475,-0.0475));
#5886=CARTESIAN_POINT('',(6.93889390390723E-18,0.0475,-0.0455));
#5887=CARTESIAN_POINT('',(0.0455,0.0475,-0.0455));
#5888=CARTESIAN_POINT('',(-0.0455,0.0475,-0.0455));
#5889=CARTESIAN_POINT('',(-0.0455,0.0475,0.03));
#5890=CARTESIAN_POINT('',(-0.0455,0.0475,0.028));
#5891=CARTESIAN_POINT('',(0.0475,0.0475,0.028));
#5892=CARTESIAN_POINT('',(0.0455,0.0475,0.028));
#5893=CARTESIAN_POINT('',(0.0455,0.0475,-0.0475));
#5894=CARTESIAN_POINT('',(-0.0475,0.,-0.0475));
#5895=CARTESIAN_POINT('',(-0.0475,0.,0.028));
#5896=CARTESIAN_POINT('',(-0.0475,-0.0455,0.028));
#5897=CARTESIAN_POINT('',(-0.0475,0.0455,0.028));
#5898=CARTESIAN_POINT('',(-0.0475,0.0455,-0.0475));
#5899=CARTESIAN_POINT('',(-0.0475,0.0455,-0.0455));
#5900=CARTESIAN_POINT('',(-0.0475,-0.0475,-0.0455));
#5901=CARTESIAN_POINT('',(-0.0475,-0.0455,-0.0455));
#5902=CARTESIAN_POINT('',(-0.0475,-0.0455,-0.0475));
#5903=CARTESIAN_POINT('',(-6.93889390390723E-18,-0.0475,-0.0475));
#5904=CARTESIAN_POINT('',(-6.93889390390723E-18,-0.0475,0.028));
#5905=CARTESIAN_POINT('',(0.0455,-0.0475,0.028));
#5906=CARTESIAN_POINT('',(-0.0455,-0.0475,0.028));
#5907=CARTESIAN_POINT('',(-0.0455,-0.0475,-0.0475));
#5908=CARTESIAN_POINT('',(-0.0455,-0.0475,-0.0455));
#5909=CARTESIAN_POINT('',(0.0475,-0.0475,-0.0455));
#5910=CARTESIAN_POINT('',(0.0455,-0.0475,-0.0455));
#5911=CARTESIAN_POINT('',(0.0455,-0.0475,0.03));
#5912=CARTESIAN_POINT('',(0.0475,-6.93889390390723E-18,-0.0475));
#5913=CARTESIAN_POINT('',(0.0475,-0.0475,0.028));
#5914=CARTESIAN_POINT('',(0.0475,0.0455,0.028));
#5915=CARTESIAN_POINT('',(0.0475,-0.0455,0.028));
#5916=CARTESIAN_POINT('',(0.0475,-0.0455,-0.0475));
#5917=CARTESIAN_POINT('',(0.0475,-0.0455,-0.0455));
#5918=CARTESIAN_POINT('',(0.0475,-6.93889390390723E-18,-0.0455));
#5919=CARTESIAN_POINT('',(0.0475,0.0455,-0.0455));
#5920=CARTESIAN_POINT('',(0.0475,0.0455,-0.0475));
#5921=CARTESIAN_POINT('',(0.,-6.93889390390723E-18,-0.0475));
#5922=CARTESIAN_POINT('',(-0.0455,0.0475,-0.0475));
#5923=CARTESIAN_POINT('',(-0.0455,-0.0455,-0.0475));
#5924=CARTESIAN_POINT('',(-0.0455,0.0455,-0.0475));
#5925=CARTESIAN_POINT('',(0.,0.0455,-0.0475));
#5926=CARTESIAN_POINT('',(0.0455,0.0455,-0.0475));
#5927=CARTESIAN_POINT('',(0.0455,-1.35856238539657E-17,-0.0475));
#5928=CARTESIAN_POINT('',(0.0455,-0.0455,-0.0475));
#5929=CARTESIAN_POINT('',(-0.0475,-0.0455,-0.0475));
#5930=CARTESIAN_POINT('',(6.93889390390723E-18,0.045,-0.045));
#5931=CARTESIAN_POINT('',(-0.045,0.045,-0.045));
#5932=CARTESIAN_POINT('',(-0.045,0.045,-0.045));
#5933=CARTESIAN_POINT('',(6.93889390390723E-18,0.045,-0.045));
#5934=CARTESIAN_POINT('',(0.045,0.045,-0.045));
#5935=CARTESIAN_POINT('',(0.045,0.045,-0.045));
#5936=CARTESIAN_POINT('',(-0.045,0.,-0.045));
#5937=CARTESIAN_POINT('',(-0.045,-0.045,-0.045));
#5938=CARTESIAN_POINT('',(-0.045,-0.045,-0.045));
#5939=CARTESIAN_POINT('',(-0.045,0.,-0.045));
#5940=CARTESIAN_POINT('',(-6.93889390390723E-18,-0.045,-0.045));
#5941=CARTESIAN_POINT('',(0.045,-0.045,-0.045));
#5942=CARTESIAN_POINT('',(0.045,-0.045,-0.045));
#5943=CARTESIAN_POINT('',(-6.93889390390723E-18,-0.045,-0.045));
#5944=CARTESIAN_POINT('',(0.045,0.,-0.045));
#5945=CARTESIAN_POINT('',(0.045,0.,-0.045));
#5946=CARTESIAN_POINT('',(0.,0.,-0.045));
#5947=CARTESIAN_POINT('',(0.,-0.0455,0.028));
#5948=CARTESIAN_POINT('',(-0.0455,-0.0455,0.028));
#5949=CARTESIAN_POINT('',(0.0455,-0.0455,0.028));
#5950=CARTESIAN_POINT('',(-0.0455,-0.0455,0.028));
#5951=CARTESIAN_POINT('',(-0.0455,-0.0455,0.028));
#5952=CARTESIAN_POINT('',(-0.0455,-0.0455,0.028));
#5953=CARTESIAN_POINT('',(0.0455,-0.0455,0.028));
#5954=CARTESIAN_POINT('',(0.0455,-0.0455,0.028));
#5955=CARTESIAN_POINT('',(0.0455,-0.0455,0.028));
#5956=CARTESIAN_POINT('',(-0.0455,-2.92163953848724E-19,0.028));
#5957=CARTESIAN_POINT('',(-0.0455,0.0455,0.028));
#5958=CARTESIAN_POINT('',(-0.0455,-0.0455,-0.0475));
#5959=CARTESIAN_POINT('',(-0.0455,-0.0455,-0.0455));
#5960=CARTESIAN_POINT('',(-6.93889390390723E-18,-0.0455,-0.0455));
#5961=CARTESIAN_POINT('',(0.0455,-0.0455,-0.0455));
#5962=CARTESIAN_POINT('',(-0.0455,-0.0455,-0.0455));
#5963=CARTESIAN_POINT('',(0.0455,-0.0455,-0.0475));
#5964=CARTESIAN_POINT('',(0.0455,-0.0455,-0.0455));
#5965=CARTESIAN_POINT('',(0.0455,-6.6467299500585E-18,0.028));
#5966=CARTESIAN_POINT('',(0.0455,0.0455,0.028));
#5967=CARTESIAN_POINT('',(6.93889390390723E-18,0.0455,0.028));
#5968=CARTESIAN_POINT('',(-0.0455,0.0455,0.028));
#5969=CARTESIAN_POINT('',(0.0455,0.0455,0.028));
#5970=CARTESIAN_POINT('',(-0.0455,0.0455,0.028));
#5971=CARTESIAN_POINT('',(-0.0455,0.0455,0.028));
#5972=CARTESIAN_POINT('',(-0.0455,-0.0455,-0.0455));
#5973=CARTESIAN_POINT('',(-0.0455,-0.0455,-0.0455));
#5974=CARTESIAN_POINT('',(0.0455,-0.0455,-0.0455));
#5975=CARTESIAN_POINT('',(0.0455,-0.0455,-0.0455));
#5976=CARTESIAN_POINT('',(0.0455,0.0455,0.028));
#5977=CARTESIAN_POINT('',(0.0455,0.0455,0.028));
#5978=CARTESIAN_POINT('',(-0.0455,0.0455,-0.0475));
#5979=CARTESIAN_POINT('',(-0.0455,0.0455,-0.0455));
#5980=CARTESIAN_POINT('',(-0.0455,-2.92163953848725E-19,-0.0455));
#5981=CARTESIAN_POINT('',(-0.0455,0.0455,-0.0455));
#5982=CARTESIAN_POINT('',(0.0455,-1.35856238539657E-17,-0.0455));
#5983=CARTESIAN_POINT('',(0.0455,0.0455,-0.0455));
#5984=CARTESIAN_POINT('',(0.0455,0.0455,-0.0475));
#5985=CARTESIAN_POINT('',(0.0455,0.0455,-0.0455));
#5986=CARTESIAN_POINT('',(-0.0455,0.0455,-0.0455));
#5987=CARTESIAN_POINT('',(-0.0455,0.0455,-0.0455));
#5988=CARTESIAN_POINT('',(0.0455,0.0455,-0.0455));
#5989=CARTESIAN_POINT('',(0.0455,0.0455,-0.0455));
#5990=CARTESIAN_POINT('',(0.,0.0455,-0.0455));
#5991=CARTESIAN_POINT('',(0.00622768061150886,-0.00480173542010332,0.000818360200363681));
#5992=CARTESIAN_POINT('',(6.93889390390723E-18,0.045,0.0025));
#5993=CARTESIAN_POINT('',(6.93889390390723E-18,0.045,0.));
#5994=CARTESIAN_POINT('',(-0.045,0.045,0.));
#5995=CARTESIAN_POINT('',(0.045,0.045,0.));
#5996=CARTESIAN_POINT('',(-0.045,0.045,0.0025));
#5997=CARTESIAN_POINT('',(-0.045,0.045,0.0025));
#5998=CARTESIAN_POINT('',(6.93889390390723E-18,0.045,0.0025));
#5999=CARTESIAN_POINT('',(0.045,0.045,0.0025));
#6000=CARTESIAN_POINT('',(0.045,0.045,0.0025));
#6001=CARTESIAN_POINT('',(-0.045,0.,0.0025));
#6002=CARTESIAN_POINT('',(-0.045,0.,0.));
#6003=CARTESIAN_POINT('',(-0.045,-0.045,0.));
#6004=CARTESIAN_POINT('',(-0.045,-0.045,0.0025));
#6005=CARTESIAN_POINT('',(-0.045,-0.045,0.0025));
#6006=CARTESIAN_POINT('',(-0.045,0.,0.0025));
#6007=CARTESIAN_POINT('',(-1.38777878078145E-17,-0.045,0.0025));
#6008=CARTESIAN_POINT('',(-1.38777878078145E-17,-0.045,0.));
#6009=CARTESIAN_POINT('',(0.045,-0.045,0.));
#6010=CARTESIAN_POINT('',(0.045,-0.045,0.0025));
#6011=CARTESIAN_POINT('',(0.045,-0.045,0.0025));
#6012=CARTESIAN_POINT('',(-1.38777878078145E-17,-0.045,0.0025));
#6013=CARTESIAN_POINT('',(0.045,0.,0.0025));
#6014=CARTESIAN_POINT('',(0.045,0.,0.));
#6015=CARTESIAN_POINT('',(0.045,0.,0.0025));
#6016=CARTESIAN_POINT('',(0.,0.,0.0025));
#6017=CARTESIAN_POINT('',(0.,0.,0.));
#6018=CARTESIAN_POINT('',(0.0061,-0.0051,0.0282));
#6019=CARTESIAN_POINT('',(0.0045,-0.007695,1.56125112837912E-18));
#6020=CARTESIAN_POINT('',(0.0045,0.00991675854299178,-0.00504));
#6021=CARTESIAN_POINT('',(0.0045,0.00991675854299178,-6.75248067583429E-19));
#6022=CARTESIAN_POINT('',(0.0045,0.00991675854299176,0.00126));
#6023=CARTESIAN_POINT('',(0.0045,0.007695,0.));
#6024=CARTESIAN_POINT('',(0.0045,0.00841199144079451,-1.03017183924239E-18));
#6025=CARTESIAN_POINT('',(0.0045,0.007695,0.));
#6026=CARTESIAN_POINT('',(0.0045,0.00629742804643292,-2.00019769347026E-19));
#6027=CARTESIAN_POINT('',(0.0045,0.00629742804643292,0.));
#6028=CARTESIAN_POINT('',(0.0045,0.00629742804643292,0.00126));
#6029=CARTESIAN_POINT('',(0.0045,0.007695,0.00126));
#6030=CARTESIAN_POINT('',(-0.0045,-0.007695,1.56125112837912E-18));
#6031=CARTESIAN_POINT('',(-0.0045,0.00991675854299178,-0.00504));
#6032=CARTESIAN_POINT('',(-0.0045,0.00991675854299178,-1.01593024598455E-18));
#6033=CARTESIAN_POINT('',(-0.0045,0.00991675854299178,0.00126));
#6034=CARTESIAN_POINT('',(-0.0045,0.007695,0.00126));
#6035=CARTESIAN_POINT('',(-0.0045,0.00629742804643292,0.00126));
#6036=CARTESIAN_POINT('',(-0.0045,0.00629742804643292,0.));
#6037=CARTESIAN_POINT('',(-0.0045,0.00629742804643292,-2.00019769347026E-19));
#6038=CARTESIAN_POINT('',(-0.0045,0.007695,0.));
#6039=CARTESIAN_POINT('',(-0.0045,0.00841199144079451,-1.03017183924239E-18));
#6040=CARTESIAN_POINT('',(-0.0045,0.007695,0.));
#6041=CARTESIAN_POINT('',(0.,7.4948384107818E-19,0.));
#6042=CARTESIAN_POINT('',(0.,1.65327317884892E-19,0.));
#6043=CARTESIAN_POINT('',(0.,8.26636589424464E-20,0.));
#6044=CARTESIAN_POINT('',(0.,7.4948384107818E-19,0.));
#6045=CARTESIAN_POINT('',(0.,1.65327317884892E-19,0.));
#6046=CARTESIAN_POINT('',(0.00841199144079451,0.0045,-5.51091059616308E-19));
#6047=CARTESIAN_POINT('',(0.00841199144079451,-0.0045,2.75545529808154E-19));
#6048=CARTESIAN_POINT('',(0.007695,-0.0045,0.));
#6049=CARTESIAN_POINT('',(0.00991675854299178,-0.0045,6.65858311902935E-19));
#6050=CARTESIAN_POINT('',(0.,8.26636589424464E-20,0.));
#6051=CARTESIAN_POINT('',(0.00991675854299178,0.0045,-6.65858311902935E-19));
#6052=CARTESIAN_POINT('',(0.007695,0.0045,0.));
#6053=CARTESIAN_POINT('',(-0.007695,0.0045,0.));
#6054=CARTESIAN_POINT('',(0.007695,0.0045,0.00126));
#6055=CARTESIAN_POINT('',(0.00991675854299176,0.0045,0.00126));
#6056=CARTESIAN_POINT('',(0.00629742804643292,0.0045,0.00126));
#6057=CARTESIAN_POINT('',(0.00629742804643292,0.0045,0.));
#6058=CARTESIAN_POINT('',(0.00629742804643292,0.0045,-1.83697019872103E-19));
#6059=CARTESIAN_POINT('',(0.007695,0.0045,0.));
#6060=CARTESIAN_POINT('',(0.00991675854299178,0.0045,-0.00504));
#6061=CARTESIAN_POINT('',(-0.007695,-0.0045,0.));
#6062=CARTESIAN_POINT('',(0.007695,-0.0045,0.));
#6063=CARTESIAN_POINT('',(0.00629742804643292,-0.0045,3.67394039744205E-19));
#6064=CARTESIAN_POINT('',(0.00629742804643292,-0.0045,0.));
#6065=CARTESIAN_POINT('',(0.00629742804643292,-0.0045,0.00126));
#6066=CARTESIAN_POINT('',(0.007695,-0.0045,0.00126));
#6067=CARTESIAN_POINT('',(0.00991675854299178,-0.0045,0.00126));
#6068=CARTESIAN_POINT('',(0.00991675854299178,-0.0045,-0.00504));
#6069=CARTESIAN_POINT('',(0.,7.4948384107818E-19,0.));
#6070=CARTESIAN_POINT('',(0.,1.65327317884892E-19,0.));
#6071=CARTESIAN_POINT('',(0.0045,-0.00841199144079451,1.33961454746001E-18));
#6072=CARTESIAN_POINT('',(-0.0045,-0.00841199144079451,1.33961454746001E-18));
#6073=CARTESIAN_POINT('',(-0.0045,-0.007695,1.56125112837912E-18));
#6074=CARTESIAN_POINT('',(-0.0045,-0.00991675854299178,1.45587363177299E-18));
#6075=CARTESIAN_POINT('',(0.,8.26636589424464E-20,0.));
#6076=CARTESIAN_POINT('',(0.0045,-0.00991675854299178,1.45587363177299E-18));
#6077=CARTESIAN_POINT('',(0.0045,-0.007695,1.56125112837912E-18));
#6078=CARTESIAN_POINT('',(0.0045,-0.007695,1.56125112837912E-18));
#6079=CARTESIAN_POINT('',(0.0045,-0.00991675854299178,-0.00504));
#6080=CARTESIAN_POINT('',(0.0045,-0.00991675854299178,0.00126));
#6081=CARTESIAN_POINT('',(0.0045,-0.007695,0.00126));
#6082=CARTESIAN_POINT('',(0.0045,-0.00629742804643292,0.00126));
#6083=CARTESIAN_POINT('',(0.0045,-0.00629742804643292,1.56125112837912E-18));
#6084=CARTESIAN_POINT('',(0.0045,-0.00629742804643292,9.77507648804226E-19));
#6085=CARTESIAN_POINT('',(0.0045,-0.007695,1.56125112837912E-18));
#6086=CARTESIAN_POINT('',(-0.0045,-0.007695,1.56125112837912E-18));
#6087=CARTESIAN_POINT('',(-0.0045,-0.00991675854299178,-0.00504));
#6088=CARTESIAN_POINT('',(-0.0045,-0.00991675854299178,0.00126));
#6089=CARTESIAN_POINT('',(-0.0045,-0.007695,1.56125112837912E-18));
#6090=CARTESIAN_POINT('',(-0.0045,-0.00629742804643292,1.24085385493311E-18));
#6091=CARTESIAN_POINT('',(-0.0045,-0.00629742804643292,1.56125112837912E-18));
#6092=CARTESIAN_POINT('',(-0.0045,-0.00629742804643292,0.00126));
#6093=CARTESIAN_POINT('',(-0.0045,-0.007695,0.00126));
#6094=CARTESIAN_POINT('',(0.,7.4948384107818E-19,0.));
#6095=CARTESIAN_POINT('',(0.,1.65327317884892E-19,0.));
#6096=CARTESIAN_POINT('',(-0.00841199144079451,-0.0045,5.51091059616308E-19));
#6097=CARTESIAN_POINT('',(-0.00841199144079451,0.0045,-5.51091059616308E-19));
#6098=CARTESIAN_POINT('',(-0.007695,0.0045,0.));
#6099=CARTESIAN_POINT('',(-0.00991675854299178,0.0045,-6.65858311902935E-19));
#6100=CARTESIAN_POINT('',(0.,8.26636589424464E-20,0.));
#6101=CARTESIAN_POINT('',(-0.00991675854299178,-0.0045,6.65858311902935E-19));
#6102=CARTESIAN_POINT('',(-0.007695,-0.0045,0.));
#6103=CARTESIAN_POINT('',(-0.007695,-0.0045,0.));
#6104=CARTESIAN_POINT('',(-0.007695,-0.0045,0.00126));
#6105=CARTESIAN_POINT('',(-0.00991675854299178,-0.0045,0.00126));
#6106=CARTESIAN_POINT('',(-0.00629742804643292,-0.0045,0.00126));
#6107=CARTESIAN_POINT('',(-0.00629742804643292,-0.0045,0.));
#6108=CARTESIAN_POINT('',(-0.00629742804643292,-0.0045,3.67394039744205E-19));
#6109=CARTESIAN_POINT('',(-0.007695,-0.0045,0.));
#6110=CARTESIAN_POINT('',(-0.00991675854299178,-0.0045,-0.00504));
#6111=CARTESIAN_POINT('',(-0.007695,0.0045,0.));
#6112=CARTESIAN_POINT('',(-0.007695,0.0045,0.));
#6113=CARTESIAN_POINT('',(-0.00629742804643292,0.0045,-1.83697019872103E-19));
#6114=CARTESIAN_POINT('',(-0.00629742804643292,0.0045,0.));
#6115=CARTESIAN_POINT('',(-0.00629742804643292,0.0045,0.00126));
#6116=CARTESIAN_POINT('',(-0.007695,0.0045,0.00126));
#6117=CARTESIAN_POINT('',(-0.00991675854299176,0.0045,0.00126));
#6118=CARTESIAN_POINT('',(-0.00991675854299178,0.0045,-0.00504));
#6119=CARTESIAN_POINT('',(0.,7.4948384107818E-19,0.));
#6120=CARTESIAN_POINT('',(0.,1.65327317884892E-19,0.));
#6121=CARTESIAN_POINT('',(0.,2.75545529808155E-19,0.));
#6122=CARTESIAN_POINT('',(0.,1.32261854307914E-19,-0.00504));
#6123=CARTESIAN_POINT('',(0.,-5.34558327827819E-19,-0.00504));
#6124=CARTESIAN_POINT('',(0.01089,-5.34558327827819E-19,-0.00504));
#6125=CARTESIAN_POINT('',(0.,-4.51894668885374E-19,-0.00504));
#6126=CARTESIAN_POINT('',(0.00954,-4.51894668885374E-19,-0.00504));
#6127=CARTESIAN_POINT('',(0.,-4.51894668885374E-19,-0.00504));
#6128=CARTESIAN_POINT('',(0.,1.65327317884892E-19,0.));
#6129=CARTESIAN_POINT('',(0.,1.65327317884892E-19,0.));
#6130=CARTESIAN_POINT('',(0.,1.65327317884892E-19,0.));
#6131=CARTESIAN_POINT('',(0.,7.4948384107818E-19,0.));
#6132=CARTESIAN_POINT('',(0.,2.75545529808155E-19,0.));
#6133=CARTESIAN_POINT('',(0.,7.4948384107818E-19,0.));
#6134=CARTESIAN_POINT('',(0.,2.75545529808155E-19,0.));
#6135=CARTESIAN_POINT('',(0.,7.4948384107818E-19,0.));
#6136=CARTESIAN_POINT('',(0.,2.75545529808155E-19,0.));
#6137=CARTESIAN_POINT('',(0.,2.75545529808155E-19,0.));
#6138=CARTESIAN_POINT('',(0.,4.29851026500721E-19,0.00126));
#6139=CARTESIAN_POINT('',(0.,2.75545529808155E-19,0.));
#6140=CARTESIAN_POINT('',(0.,4.29851026500721E-19,0.00126));
#6141=CARTESIAN_POINT('',(0.,2.75545529808155E-19,0.));
#6142=CARTESIAN_POINT('',(0.,4.29851026500721E-19,0.00126));
#6143=CARTESIAN_POINT('',(0.,2.75545529808155E-19,0.));
#6144=CARTESIAN_POINT('',(0.,4.29851026500721E-19,0.00126));
#6145=CARTESIAN_POINT('',(0.,9.03789337770747E-19,0.00126));
#6146=CARTESIAN_POINT('',(0.,2.36969155635013E-19,0.00126));
#6147=CARTESIAN_POINT('',(0.,9.03789337770747E-19,0.00126));
#6148=CARTESIAN_POINT('',(0.,2.36969155635013E-19,0.00126));
#6149=CARTESIAN_POINT('',(0.,9.03789337770747E-19,0.00126));
#6150=CARTESIAN_POINT('',(0.,2.36969155635013E-19,0.00126));
#6151=CARTESIAN_POINT('',(0.,9.03789337770747E-19,0.00126));
#6152=CARTESIAN_POINT('',(0.,2.36969155635013E-19,0.00126));
#6153=CARTESIAN_POINT('',(0.,-5.34558327827819E-19,-0.00504));
#6154=CARTESIAN_POINT('',(-0.00499158644964071,-0.0158126598285206,0.0216856319431845));
#6155=CARTESIAN_POINT('',(-0.00499131118069313,-0.0158108853785627,-0.0423143680568156));
#6156=CARTESIAN_POINT('',(0.12265,-0.00498262253776192,0.0580099095453192));
#6157=CARTESIAN_POINT('',(0.12265,0.00296059430697431,0.0380126139762126));
#6158=CARTESIAN_POINT('',(0.12265,0.00294724443943463,0.0384236340179866));
#6159=CARTESIAN_POINT('',(0.1226499998875,0.00304214309491002,0.0384153228920967));
#6160=CARTESIAN_POINT('',(0.12265,0.00293388355833979,0.0380126139762696));
#6161=CARTESIAN_POINT('',(0.12265,0.00285233681552253,0.0384153348384937));
#6162=CARTESIAN_POINT('',(0.12265,0.00286571234939162,0.0383404285717311));
#6163=CARTESIAN_POINT('',(0.12265,0.00280807283895346,0.0383895757644119));
#6164=CARTESIAN_POINT('',(0.12265,0.00288531329381136,0.0383454191721179));
#6165=CARTESIAN_POINT('',(0.12265,0.00279634199220415,0.0383454191721179));
#6166=CARTESIAN_POINT('',(0.12265,0.00279634199220415,0.0381607880826639));
#6167=CARTESIAN_POINT('',(0.12265,0.00279634199220415,0.0379818918515563));
#6168=CARTESIAN_POINT('',(0.12265,0.00261723202605334,0.0379818918515563));
#6169=CARTESIAN_POINT('',(0.12265,0.00243215007963542,0.0379818918515563));
#6170=CARTESIAN_POINT('',(0.12265,0.00243215007963542,0.0378947620077549));
#6171=CARTESIAN_POINT('',(0.12265,0.00238835945101232,0.0379700879032069));
#6172=CARTESIAN_POINT('',(0.12265,0.00243899386611097,0.0379117128950355));
#6173=CARTESIAN_POINT('',(0.12265,0.00236268020227118,0.0379258975529539));
#6174=CARTESIAN_POINT('',(0.12265,0.00275544368099994,0.0378443402206423));
#6175=CARTESIAN_POINT('',(0.12265,0.00235417853202493,0.0378310006791842));
#6176=CARTESIAN_POINT('',(0.12265,0.00275544368105463,0.0378176496015623));
#6177=CARTESIAN_POINT('',(0.12265,0.00236269179220082,0.037736091649152));
#6178=CARTESIAN_POINT('',(0.12265,0.00243604419780195,0.0377493214991215));
#6179=CARTESIAN_POINT('',(0.12265,0.00238821823249051,0.0376926171480286));
#6180=CARTESIAN_POINT('',(0.12265,0.00243206256774459,0.0377725360774778));
#6181=CARTESIAN_POINT('',(0.12265,0.00243206256774459,0.0376813803809022));
#6182=CARTESIAN_POINT('',(0.12265,0.00261723202605334,0.0376813803809022));
#6183=CARTESIAN_POINT('',(0.12265,0.00279634199220415,0.0376813803809022));
#6184=CARTESIAN_POINT('',(0.12265,0.00279634199220415,0.037501629209622));
#6185=CARTESIAN_POINT('',(0.12265,0.00279634199220415,0.0373159060580748));
#6186=CARTESIAN_POINT('',(0.12265,0.0028834718360056,0.0373159060580748));
#6187=CARTESIAN_POINT('',(0.12265,0.00280814594054739,0.0372721154294622));
#6188=CARTESIAN_POINT('',(0.12265,0.00286652094893252,0.0373227498448195));
#6189=CARTESIAN_POINT('',(0.12265,0.0028523362908046,0.0372464361806964));
#6190=CARTESIAN_POINT('',(0.12265,0.00293389362311594,0.037639199659433));
#6191=CARTESIAN_POINT('',(0.12265,0.00294723316457484,0.0372379345104642));
#6192=CARTESIAN_POINT('',(0.12265,0.00296058424219816,0.0376391996594942));
#6193=CARTESIAN_POINT('',(0.12265,0.00304214219460845,0.0372464477706402));
#6194=CARTESIAN_POINT('',(0.12265,0.00302891234463915,0.0373198001762414));
#6195=CARTESIAN_POINT('',(0.12265,0.00308561669576167,0.0372719742109651));
#6196=CARTESIAN_POINT('',(0.12265,0.00300569776628259,0.0373158185461647));
#6197=CARTESIAN_POINT('',(0.12265,0.00309685346285814,0.0373158185461647));
#6198=CARTESIAN_POINT('',(0.12265,0.00309685346285814,0.037501629209622));
#6199=CARTESIAN_POINT('',(0.12265,0.00309685346285814,0.0376813803809022));
#6200=CARTESIAN_POINT('',(0.12265,0.00327639089909522,0.0376813803809022));
#6201=CARTESIAN_POINT('',(0.12265,0.00346175213332043,0.0376813803809022));
#6202=CARTESIAN_POINT('',(0.12265,0.00346175213332043,0.0377744626200925));
#6203=CARTESIAN_POINT('',(0.12265,0.00350592774807308,0.0376925308294743));
#6204=CARTESIAN_POINT('',(0.12265,0.00345971305608978,0.0377484645389031));
#6205=CARTESIAN_POINT('',(0.12265,0.00353156710041952,0.0377360917446626));
#6206=CARTESIAN_POINT('',(0.12265,0.00312885799783174,0.0378176395367792));
#6207=CARTESIAN_POINT('',(0.12265,0.00353987803954766,0.0378309894043203));
#6208=CARTESIAN_POINT('',(0.12265,0.00312885799777492,0.0378443502854136));
#6209=CARTESIAN_POINT('',(0.12265,0.00353157886005435,0.0379258970282379));
#6210=CARTESIAN_POINT('',(0.12265,0.00345667259329315,0.0379125214943697));
#6211=CARTESIAN_POINT('',(0.12265,0.00350581978597246,0.0379701610048071));
#6212=CARTESIAN_POINT('',(0.12265,0.0034616631936786,0.0378929205499491));
#6213=CARTESIAN_POINT('',(0.12265,0.0034616631936786,0.0379818918515563));
#6214=CARTESIAN_POINT('',(0.12265,0.00327639089909522,0.0379818918515563));
#6215=CARTESIAN_POINT('',(0.12265,0.00309685346285814,0.0379818918515563));
#6216=CARTESIAN_POINT('',(0.12265,0.00309685346285814,0.0381607880826639));
#6217=CARTESIAN_POINT('',(0.12265,0.00309685346285814,0.0383455081117598));
#6218=CARTESIAN_POINT('',(0.12265,0.00300377122366819,0.0383455081117598));
#6219=CARTESIAN_POINT('',(0.12265,0.00308570301454815,0.0383896837260262));
#6220=CARTESIAN_POINT('',(0.12265,0.00302976930451277,0.0383434690347771));
#6221=CARTESIAN_POINT('',(0.1225599998875,0.00302976930451277,0.0383434690347771));
#6222=CARTESIAN_POINT('',(0.12247,0.00302976930451277,0.0383434690347771));
#6223=CARTESIAN_POINT('',(0.12247,0.00304214192838183,0.0384153231109081));
#6224=CARTESIAN_POINT('',(0.12247,0.00308570301454815,0.0383896837260262));
#6225=CARTESIAN_POINT('',(0.12247,0.00304208275487427,0.0384149725769675));
#6226=CARTESIAN_POINT('',(0.1225299999625,0.00304208275487427,0.0384149725769675));
#6227=CARTESIAN_POINT('',(0.122589999925,0.00304208275487427,0.0384149725769675));
#6228=CARTESIAN_POINT('',(0.1226499998875,0.00304208275487427,0.0384149725769675));
#6229=CARTESIAN_POINT('',(0.12265,0.00308570301454815,0.0383896837260262));
#6230=CARTESIAN_POINT('',(0.12265,0.00300377122366819,0.0383455081117598));
#6231=CARTESIAN_POINT('',(0.12247,0.00300377122366819,0.0383455081117598));
#6232=CARTESIAN_POINT('',(0.12247,0.00309685346285814,0.0383455081117598));
#6233=CARTESIAN_POINT('',(0.12265,0.00309685346285814,0.0383455081117598));
#6234=CARTESIAN_POINT('',(0.12265,0.00309685346285814,0.037501629209622));
#6235=CARTESIAN_POINT('',(0.12247,0.00309685346285814,0.0381607880826639));
#6236=CARTESIAN_POINT('',(0.12247,0.00309685346285814,0.0379818918515563));
#6237=CARTESIAN_POINT('',(0.12265,0.00309685346285814,0.0379818918515563));
#6238=CARTESIAN_POINT('',(0.12265,0.00261723202605334,0.0379818918515563));
#6239=CARTESIAN_POINT('',(0.12247,0.00327639089909522,0.0379818918515563));
#6240=CARTESIAN_POINT('',(0.12247,0.0034616631936786,0.0379818918515563));
#6241=CARTESIAN_POINT('',(0.12265,0.0034616631936786,0.0379818918515563));
#6242=CARTESIAN_POINT('',(0.12265,0.0034616631936786,0.0378929205499491));
#6243=CARTESIAN_POINT('',(0.12247,0.0034616631936786,0.0378929205499491));
#6244=CARTESIAN_POINT('',(0.12247,0.00350581978597246,0.0379701610048071));
#6245=CARTESIAN_POINT('',(0.12265,0.00350581978597246,0.0379701610048071));
#6246=CARTESIAN_POINT('',(0.12265,0.00345667259329315,0.0379125214943697));
#6247=CARTESIAN_POINT('',(0.12247,0.00345667259329315,0.0379125214943697));
#6248=CARTESIAN_POINT('',(0.12247,0.00353157886005435,0.0379258970282379));
#6249=CARTESIAN_POINT('',(0.12265,0.00353124212175801,0.037925831082502));
#6250=CARTESIAN_POINT('',(0.12259,0.00353124212175801,0.037925831082502));
#6251=CARTESIAN_POINT('',(0.12253,0.00353124212175801,0.037925831082502));
#6252=CARTESIAN_POINT('',(0.12247,0.00353124212175801,0.037925831082502));
#6253=CARTESIAN_POINT('',(0.12265,0.00312885799777492,0.0378443502854136));
#6254=CARTESIAN_POINT('',(0.12247,0.00312885799777492,0.0378443502854136));
#6255=CARTESIAN_POINT('',(0.12247,0.00353987803954766,0.0378309894043203));
#6256=CARTESIAN_POINT('',(0.12265,0.00353987794316864,0.0378309864391354));
#6257=CARTESIAN_POINT('',(0.12265,0.00312885799783174,0.0378176395367792));
#6258=CARTESIAN_POINT('',(0.12247,0.00312885799783174,0.0378176395367792));
#6259=CARTESIAN_POINT('',(0.12247,0.00353156710041952,0.0377360917446626));
#6260=CARTESIAN_POINT('',(0.122650000000001,0.00353191626826693,0.0377360306004692));
#6261=CARTESIAN_POINT('',(0.122590000000001,0.00353191626826693,0.0377360306004692));
#6262=CARTESIAN_POINT('',(0.122530000000001,0.00353191626826693,0.0377360306004692));
#6263=CARTESIAN_POINT('',(0.122470000000001,0.00353191626826693,0.0377360306004692));
#6264=CARTESIAN_POINT('',(0.12256,0.00345971305608978,0.0377484645389031));
#6265=CARTESIAN_POINT('',(0.12247,0.00345971305608978,0.0377484645389031));
#6266=CARTESIAN_POINT('',(0.12247,0.00350592774807308,0.0376925308294743));
#6267=CARTESIAN_POINT('',(0.12265,0.00350592774807308,0.0376925308294743));
#6268=CARTESIAN_POINT('',(0.12265,0.00346175213332043,0.0377744626200925));
#6269=CARTESIAN_POINT('',(0.12247,0.00346175213332043,0.0377744626200925));
#6270=CARTESIAN_POINT('',(0.12247,0.00346175213332043,0.0376813803809022));
#6271=CARTESIAN_POINT('',(0.12265,0.00346175213332043,0.0376813803809022));
#6272=CARTESIAN_POINT('',(0.12265,0.00261723202605334,0.0376813803809022));
#6273=CARTESIAN_POINT('',(0.12247,0.00327639089909522,0.0376813803809022));
#6274=CARTESIAN_POINT('',(0.12247,0.00309685346285813,0.0376813803809022));
#6275=CARTESIAN_POINT('',(0.12265,0.00309685346285814,0.0376813803809022));
#6276=CARTESIAN_POINT('',(0.12265,0.00309685346285814,0.037501629209622));
#6277=CARTESIAN_POINT('',(0.12247,0.00309685346285814,0.037501629209622));
#6278=CARTESIAN_POINT('',(0.12247,0.00309685346285814,0.0373158185461647));
#6279=CARTESIAN_POINT('',(0.1225599998875,0.00309685346285814,0.0373158185461647));
#6280=CARTESIAN_POINT('',(0.1225599998875,0.00300569776628259,0.0373158185461647));
#6281=CARTESIAN_POINT('',(0.12247,0.00300569776628259,0.0373158185461647));
#6282=CARTESIAN_POINT('',(0.12247,0.00308561669576167,0.0372719742109651));
#6283=CARTESIAN_POINT('',(0.12265,0.00308561669576167,0.0372719742109651));
#6284=CARTESIAN_POINT('',(0.12256,0.00302891234463915,0.0373198001762414));
#6285=CARTESIAN_POINT('',(0.12247,0.00302891234463915,0.0373198001762414));
#6286=CARTESIAN_POINT('',(0.12247,0.00304214219460845,0.0372464477706402));
#6287=CARTESIAN_POINT('',(0.12265,0.00304207991201795,0.0372467979738078));
#6288=CARTESIAN_POINT('',(0.12259,0.00304207991201795,0.0372467979738078));
#6289=CARTESIAN_POINT('',(0.12253,0.00304207991201795,0.0372467979738078));
#6290=CARTESIAN_POINT('',(0.12247,0.00304207991201795,0.0372467979738078));
#6291=CARTESIAN_POINT('',(0.12265,0.00296058424219816,0.0376391996594942));
#6292=CARTESIAN_POINT('',(0.12247,0.00296058424219816,0.0376391996594942));
#6293=CARTESIAN_POINT('',(0.12247,0.00294723316457484,0.0372379345104642));
#6294=CARTESIAN_POINT('',(0.12265,0.00294723005868667,0.0372379346137945));
#6295=CARTESIAN_POINT('',(0.12265,0.00293389362311594,0.037639199659433));
#6296=CARTESIAN_POINT('',(0.12247,0.00293389362311594,0.037639199659433));
#6297=CARTESIAN_POINT('',(0.12247,0.0028523362908046,0.0372464361806964));
#6298=CARTESIAN_POINT('',(0.122650000000001,0.00285227149455757,0.0372460968749123));
#6299=CARTESIAN_POINT('',(0.122590000000001,0.00285227149455757,0.0372460968749123));
#6300=CARTESIAN_POINT('',(0.122530000000001,0.00285227149455757,0.0372460968749123));
#6301=CARTESIAN_POINT('',(0.122470000000001,0.00285227149455757,0.0372460968749123));
#6302=CARTESIAN_POINT('',(0.12265,0.00286652094893252,0.0373227498448195));
#6303=CARTESIAN_POINT('',(0.12247,0.00286652094893252,0.0373227498448195));
#6304=CARTESIAN_POINT('',(0.12247,0.00280814594054739,0.0372721154294622));
#6305=CARTESIAN_POINT('',(0.12265,0.00280814594054739,0.0372721154294622));
#6306=CARTESIAN_POINT('',(0.12256,0.0028834718360056,0.0373159060580748));
#6307=CARTESIAN_POINT('',(0.12247,0.0028834718360056,0.0373159060580748));
#6308=CARTESIAN_POINT('',(0.12247,0.00279634199220415,0.0373159060580748));
#6309=CARTESIAN_POINT('',(0.12256,0.00279634199220415,0.0373159060580748));
#6310=CARTESIAN_POINT('',(0.12265,0.00279634199220415,0.037501629209622));
#6311=CARTESIAN_POINT('',(0.12247,0.00279634199220415,0.037501629209622));
#6312=CARTESIAN_POINT('',(0.12247,0.00279634199220415,0.0376813803809022));
#6313=CARTESIAN_POINT('',(0.12265,0.00279634199220415,0.0376813803809022));
#6314=CARTESIAN_POINT('',(0.12265,0.00261723202605334,0.0376813803809022));
#6315=CARTESIAN_POINT('',(0.12247,0.00261723202605334,0.0376813803809022));
#6316=CARTESIAN_POINT('',(0.12247,0.00243206256774459,0.0376813803809022));
#6317=CARTESIAN_POINT('',(0.1225599998875,0.00243206256774459,0.0376813803809022));
#6318=CARTESIAN_POINT('',(0.1225599998875,0.00243206256774459,0.0377725360774778));
#6319=CARTESIAN_POINT('',(0.12247,0.00243206256774459,0.0377725360774778));
#6320=CARTESIAN_POINT('',(0.12247,0.00238821823249051,0.0376926171480286));
#6321=CARTESIAN_POINT('',(0.12265,0.00238821823249051,0.0376926171480286));
#6322=CARTESIAN_POINT('',(0.12256,0.00243604419780195,0.0377493214991215));
#6323=CARTESIAN_POINT('',(0.12247,0.00243604419780195,0.0377493214991215));
#6324=CARTESIAN_POINT('',(0.12247,0.00236269179220083,0.037736091649152));
#6325=CARTESIAN_POINT('',(0.12265,0.00236304199536839,0.0377361539317424));
#6326=CARTESIAN_POINT('',(0.12259,0.00236304199536839,0.0377361539317424));
#6327=CARTESIAN_POINT('',(0.12253,0.00236304199536839,0.0377361539317424));
#6328=CARTESIAN_POINT('',(0.12247,0.00236304199536839,0.0377361539317424));
#6329=CARTESIAN_POINT('',(0.12265,0.00275544368105463,0.0378176496015623));
#6330=CARTESIAN_POINT('',(0.12247,0.00275544368105463,0.0378176496015623));
#6331=CARTESIAN_POINT('',(0.12247,0.00235417853202493,0.0378310006791842));
#6332=CARTESIAN_POINT('',(0.12265,0.0023541786353552,0.0378310037850737));
#6333=CARTESIAN_POINT('',(0.12265,0.00275544368099994,0.0378443402206423));
#6334=CARTESIAN_POINT('',(0.12247,0.00275544368099994,0.0378443402206423));
#6335=CARTESIAN_POINT('',(0.12247,0.00236268020227118,0.0379258975529539));
#6336=CARTESIAN_POINT('',(0.122650000000001,0.00236234089647317,0.0379259623492029));
#6337=CARTESIAN_POINT('',(0.122590000000001,0.00236234089647317,0.0379259623492029));
#6338=CARTESIAN_POINT('',(0.122530000000001,0.00236234089647317,0.0379259623492029));
#6339=CARTESIAN_POINT('',(0.122470000000001,0.00236234089647317,0.0379259623492029));
#6340=CARTESIAN_POINT('',(0.12265,0.00243899386611097,0.0379117128950355));
#6341=CARTESIAN_POINT('',(0.12247,0.00243899386611097,0.0379117128950355));
#6342=CARTESIAN_POINT('',(0.12247,0.00238835945101232,0.0379700879032069));
#6343=CARTESIAN_POINT('',(0.12265,0.00238835945101232,0.0379700879032069));
#6344=CARTESIAN_POINT('',(0.12256,0.00243215007963542,0.0378947620077549));
#6345=CARTESIAN_POINT('',(0.12247,0.00243215007963542,0.0378947620077549));
#6346=CARTESIAN_POINT('',(0.12247,0.00243215007963542,0.0379818918515563));
#6347=CARTESIAN_POINT('',(0.12256,0.00243215007963542,0.0379818918515563));
#6348=CARTESIAN_POINT('',(0.12265,0.00261723202605334,0.0379818918515563));
#6349=CARTESIAN_POINT('',(0.12247,0.00261723202605334,0.0379818918515563));
#6350=CARTESIAN_POINT('',(0.12247,0.00279634199220415,0.0379818918515563));
#6351=CARTESIAN_POINT('',(0.12265,0.00279634199220415,0.0379818918515563));
#6352=CARTESIAN_POINT('',(0.12265,0.00279634199220415,0.037501629209622));
#6353=CARTESIAN_POINT('',(0.12247,0.00279634199220415,0.0381607880826639));
#6354=CARTESIAN_POINT('',(0.12247,0.00279634199220415,0.0383454191721179));
#6355=CARTESIAN_POINT('',(0.12265,0.00279634199220415,0.0383454191721179));
#6356=CARTESIAN_POINT('',(0.12265,0.00288531329381136,0.0383454191721179));
#6357=CARTESIAN_POINT('',(0.12247,0.00288531329381136,0.0383454191721179));
#6358=CARTESIAN_POINT('',(0.12247,0.00280807283895346,0.0383895757644119));
#6359=CARTESIAN_POINT('',(0.12265,0.00280807283895346,0.0383895757644119));
#6360=CARTESIAN_POINT('',(0.12265,0.00286571234939162,0.0383404285717311));
#6361=CARTESIAN_POINT('',(0.12247,0.00286571234939162,0.0383404285717311));
#6362=CARTESIAN_POINT('',(0.12247,0.00285233681552253,0.0384153348384937));
#6363=CARTESIAN_POINT('',(0.12265,0.00285240276125853,0.0384149981001974));
#6364=CARTESIAN_POINT('',(0.12259,0.00285240276125853,0.0384149981001974));
#6365=CARTESIAN_POINT('',(0.12253,0.00285240276125853,0.0384149981001974));
#6366=CARTESIAN_POINT('',(0.12247,0.00285240276125853,0.0384149981001974));
#6367=CARTESIAN_POINT('',(0.12265,0.00293388355833979,0.0380126139762696));
#6368=CARTESIAN_POINT('',(0.12247,0.00293388355833979,0.0380126139762696));
#6369=CARTESIAN_POINT('',(0.12247,0.00294724443943463,0.0384236340179866));
#6370=CARTESIAN_POINT('',(0.12265,0.00294724740462497,0.0384236339216074));
#6371=CARTESIAN_POINT('',(0.12265,0.00296059430697431,0.0380126139762126));
#6372=CARTESIAN_POINT('',(0.12247,0.00296059430697431,0.0380126139762126));
#6373=CARTESIAN_POINT('',(0.12265,-0.00498262253776192,0.0580099095453192));
#6374=CARTESIAN_POINT('',(0.12265,-0.0131186642441056,0.0380893693556605));
#6375=CARTESIAN_POINT('',(0.12265,-0.0131317382214705,0.038491882442907));
#6376=CARTESIAN_POINT('',(0.122649999775,-0.0130388034426192,0.0384837434204629));
#6377=CARTESIAN_POINT('',(0.12265,-0.013144822154777,0.0380893693556052));
#6378=CARTESIAN_POINT('',(0.12265,-0.0132246811075728,0.0384837550197877));
#6379=CARTESIAN_POINT('',(0.12265,-0.0132115824099325,0.0384103991037299));
#6380=CARTESIAN_POINT('',(0.12265,-0.0132680289433608,0.0384585290866383));
#6381=CARTESIAN_POINT('',(0.12265,-0.013192387150495,0.0384152864126585));
#6382=CARTESIAN_POINT('',(0.12265,-0.0132795169942965,0.0384152864126585));
#6383=CARTESIAN_POINT('',(0.12265,-0.0132795169942965,0.0382344766715164));
#6384=CARTESIAN_POINT('',(0.12265,-0.0132795169942965,0.0380592830932006));
#6385=CARTESIAN_POINT('',(0.12265,-0.0134549198839364,0.0380592830932006));
#6386=CARTESIAN_POINT('',(0.12265,-0.013636009444044,0.0380592830932006));
#6387=CARTESIAN_POINT('',(0.12265,-0.013636009444044,0.0379731554619539));
#6388=CARTESIAN_POINT('',(0.12265,-0.0136789636432083,0.0380478073583687));
#6389=CARTESIAN_POINT('',(0.12265,-0.0136294028672953,0.037990523074286));
#6390=CARTESIAN_POINT('',(0.12265,-0.0137042030460427,0.0380044485754447));
#6391=CARTESIAN_POINT('',(0.12265,-0.0133195688245278,0.0379245783972177));
#6392=CARTESIAN_POINT('',(0.12265,-0.0137125289046627,0.0379115149470472));
#6393=CARTESIAN_POINT('',(0.12265,-0.01331956882458,0.0378984401994752));
#6394=CARTESIAN_POINT('',(0.12265,-0.0137041921091293,0.0378185714682309));
#6395=CARTESIAN_POINT('',(0.12265,-0.0136324395651438,0.0378314849257447));
#6396=CARTESIAN_POINT('',(0.12265,-0.0136790792083222,0.0377759050616771));
#6397=CARTESIAN_POINT('',(0.12265,-0.0136360961521949,0.0378550915898924));
#6398=CARTESIAN_POINT('',(0.12265,-0.0136360961521949,0.0377649913714419));
#6399=CARTESIAN_POINT('',(0.12265,-0.0134549198839364,0.0377649913714419));
#6400=CARTESIAN_POINT('',(0.12265,-0.0132795169942965,0.0377649913714419));
#6401=CARTESIAN_POINT('',(0.12265,-0.0132795169942965,0.0375889605478295));
#6402=CARTESIAN_POINT('',(0.12265,-0.0132795169942965,0.0374072430537496));
#6403=CARTESIAN_POINT('',(0.12265,-0.0131933893630493,0.0374072430537496));
#6404=CARTESIAN_POINT('',(0.12265,-0.0132680412594645,0.0373642888545851));
#6405=CARTESIAN_POINT('',(0.12265,-0.013210756975382,0.0374138496304982));
#6406=CARTESIAN_POINT('',(0.12265,-0.0132246824765406,0.0373390494517507));
#6407=CARTESIAN_POINT('',(0.12265,-0.0131448122983136,0.0377236836732654));
#6408=CARTESIAN_POINT('',(0.12265,-0.0131317488481445,0.0373307235931305));
#6409=CARTESIAN_POINT('',(0.12265,-0.0131186741005758,0.0377236836732654));
#6410=CARTESIAN_POINT('',(0.12265,-0.0130388053693261,0.0373390603886577));
#6411=CARTESIAN_POINT('',(0.12265,-0.0130517188270004,0.0374108129329193));
#6412=CARTESIAN_POINT('',(0.12265,-0.0129961389627989,0.0373641732894236));
#6413=CARTESIAN_POINT('',(0.12265,-0.0130753254909885,0.0374071563455986));
#6414=CARTESIAN_POINT('',(0.12265,-0.0129852252725378,0.0374071563455986));
#6415=CARTESIAN_POINT('',(0.12265,-0.0129852252725378,0.0375889605478295));
#6416=CARTESIAN_POINT('',(0.12265,-0.0129852252725378,0.0377649913714419));
#6417=CARTESIAN_POINT('',(0.12265,-0.0128094037602496,0.0377649913714419));
#6418=CARTESIAN_POINT('',(0.12265,-0.0126278789863168,0.0377649913714419));
#6419=CARTESIAN_POINT('',(0.12265,-0.0126278789863168,0.037856147067909));
#6420=CARTESIAN_POINT('',(0.12265,-0.0125845917441831,0.0377759250281265));
#6421=CARTESIAN_POINT('',(0.12265,-0.0126299753737667,0.0378307370098878));
#6422=CARTESIAN_POINT('',(0.12265,-0.012559508814805,0.0378185715157576));
#6423=CARTESIAN_POINT('',(0.12265,-0.0129538831421887,0.0378984303430165));
#6424=CARTESIAN_POINT('',(0.12265,-0.0125513700548866,0.0379115043203793));
#6425=CARTESIAN_POINT('',(0.12265,-0.0129538831421345,0.0379245882536858));
#6426=CARTESIAN_POINT('',(0.12265,-0.0125594974780058,0.0380044472064769));
#6427=CARTESIAN_POINT('',(0.12265,-0.0126328533940649,0.0379913485088358));
#6428=CARTESIAN_POINT('',(0.12265,-0.0125847234111322,0.0380477950422453));
#6429=CARTESIAN_POINT('',(0.12265,-0.0126279660851802,0.0379721532492711));
#6430=CARTESIAN_POINT('',(0.12265,-0.0126279660851802,0.0380592830932006));
#6431=CARTESIAN_POINT('',(0.12265,-0.0128094037602496,0.0380592830932006));
#6432=CARTESIAN_POINT('',(0.12265,-0.0129852252725378,0.0380592830932006));
#6433=CARTESIAN_POINT('',(0.12265,-0.0129852252725378,0.0382344766715164));
#6434=CARTESIAN_POINT('',(0.12265,-0.0129852252725378,0.0384153735114527));
#6435=CARTESIAN_POINT('',(0.12265,-0.0130763809691133,0.0384153735114527));
#6436=CARTESIAN_POINT('',(0.12265,-0.0129961589292171,0.0384586607536039));
#6437=CARTESIAN_POINT('',(0.12265,-0.0130509709109826,0.0384132771240283));
#6438=CARTESIAN_POINT('',(0.12265,-0.0130509709109826,0.0384132771240283));
#6439=CARTESIAN_POINT('',(0.12247,-0.0130509709109826,0.0384132771240283));
#6440=CARTESIAN_POINT('',(0.12247,-0.0130388057386612,0.0384837438167673));
#6441=CARTESIAN_POINT('',(0.12247,-0.0129961589292171,0.0384586607536039));
#6442=CARTESIAN_POINT('',(0.12247,-0.0130388716843507,0.0384834029815519));
#6443=CARTESIAN_POINT('',(0.122529999925,-0.0130388716843507,0.0384834029815519));
#6444=CARTESIAN_POINT('',(0.12258999985,-0.0130388716843507,0.0384834029815519));
#6445=CARTESIAN_POINT('',(0.122649999775,-0.0130388716843507,0.0384834029815519));
#6446=CARTESIAN_POINT('',(0.12265,-0.0129961589292171,0.0384586607536039));
#6447=CARTESIAN_POINT('',(0.12265,-0.0130763809691133,0.0384153735114527));
#6448=CARTESIAN_POINT('',(0.12247,-0.0130763809691133,0.0384153735114527));
#6449=CARTESIAN_POINT('',(0.12247,-0.0129852252725378,0.0384153735114527));
#6450=CARTESIAN_POINT('',(0.12265,-0.0129852252725378,0.0384153735114527));
#6451=CARTESIAN_POINT('',(0.12265,-0.0129852252725378,0.0375889605478295));
#6452=CARTESIAN_POINT('',(0.12247,-0.0129852252725378,0.0382344766715164));
#6453=CARTESIAN_POINT('',(0.12247,-0.0129852252725378,0.0380592830932006));
#6454=CARTESIAN_POINT('',(0.12265,-0.0129852252725378,0.0380592830932006));
#6455=CARTESIAN_POINT('',(0.12265,-0.0134549198839364,0.0380592830932006));
#6456=CARTESIAN_POINT('',(0.12247,-0.0128094037602496,0.0380592830932006));
#6457=CARTESIAN_POINT('',(0.12247,-0.0126279660851802,0.0380592830932006));
#6458=CARTESIAN_POINT('',(0.12265,-0.0126279660851802,0.0380592830932006));
#6459=CARTESIAN_POINT('',(0.12265,-0.0126279660851802,0.0379721532492711));
#6460=CARTESIAN_POINT('',(0.12247,-0.0126279660851802,0.0379721532492711));
#6461=CARTESIAN_POINT('',(0.12247,-0.0125847234111322,0.0380477950422453));
#6462=CARTESIAN_POINT('',(0.12265,-0.0125847234111322,0.0380477950422453));
#6463=CARTESIAN_POINT('',(0.12265,-0.0126328533940649,0.0379913485088358));
#6464=CARTESIAN_POINT('',(0.12247,-0.0126328533940649,0.0379913485088358));
#6465=CARTESIAN_POINT('',(0.12247,-0.0125594974780058,0.0380044472064769));
#6466=CARTESIAN_POINT('',(0.12265,-0.0125598272467589,0.0380043826256336));
#6467=CARTESIAN_POINT('',(0.12259,-0.0125598272467589,0.0380043826256336));
#6468=CARTESIAN_POINT('',(0.12253,-0.0125598272467589,0.0380043826256336));
#6469=CARTESIAN_POINT('',(0.12247,-0.0125598272467589,0.0380043826256336));
#6470=CARTESIAN_POINT('',(0.12265,-0.0129538831421345,0.0379245882536858));
#6471=CARTESIAN_POINT('',(0.12247,-0.0129538831421345,0.0379245882536858));
#6472=CARTESIAN_POINT('',(0.12247,-0.0125513700548866,0.0379115043203793));
#6473=CARTESIAN_POINT('',(0.12265,-0.0125513701627545,0.0379115010017304));
#6474=CARTESIAN_POINT('',(0.12265,-0.0129538831421887,0.0378984303430165));
#6475=CARTESIAN_POINT('',(0.12247,-0.0129538831421887,0.0378984303430165));
#6476=CARTESIAN_POINT('',(0.12247,-0.012559508814805,0.0378185715157576));
#6477=CARTESIAN_POINT('',(0.122650000000001,-0.0125591670532017,0.0378185104839598));
#6478=CARTESIAN_POINT('',(0.122590000000001,-0.0125591670532017,0.0378185104839598));
#6479=CARTESIAN_POINT('',(0.122530000000001,-0.0125591670532017,0.0378185104839598));
#6480=CARTESIAN_POINT('',(0.122470000000001,-0.0125591670532017,0.0378185104839598));
#6481=CARTESIAN_POINT('',(0.12265,-0.0126299753737667,0.0378307370098878));
#6482=CARTESIAN_POINT('',(0.12247,-0.0126299753737667,0.0378307370098878));
#6483=CARTESIAN_POINT('',(0.12247,-0.0125845917441831,0.0377759250281265));
#6484=CARTESIAN_POINT('',(0.12265,-0.0125845917441831,0.0377759250281265));
#6485=CARTESIAN_POINT('',(0.12265,-0.0126278789863168,0.037856147067909));
#6486=CARTESIAN_POINT('',(0.12247,-0.0126278789863168,0.037856147067909));
#6487=CARTESIAN_POINT('',(0.12247,-0.0126278789863168,0.0377649913714419));
#6488=CARTESIAN_POINT('',(0.12265,-0.0126278789863168,0.0377649913714419));
#6489=CARTESIAN_POINT('',(0.12265,-0.0134549198839364,0.0377649913714419));
#6490=CARTESIAN_POINT('',(0.12247,-0.0128094037602496,0.0377649913714419));
#6491=CARTESIAN_POINT('',(0.12247,-0.0129852252725378,0.0377649913714419));
#6492=CARTESIAN_POINT('',(0.12265,-0.0129852252725378,0.0377649913714419));
#6493=CARTESIAN_POINT('',(0.12265,-0.0129852252725378,0.0375889605478295));
#6494=CARTESIAN_POINT('',(0.12247,-0.0129852252725378,0.0375889605478295));
#6495=CARTESIAN_POINT('',(0.12247,-0.0129852252725378,0.0374071563455986));
#6496=CARTESIAN_POINT('',(0.12265,-0.0129852252725378,0.0374071563455986));
#6497=CARTESIAN_POINT('',(0.12265,-0.0130753254909885,0.0374071563455986));
#6498=CARTESIAN_POINT('',(0.12247,-0.0130753254909885,0.0374071563455986));
#6499=CARTESIAN_POINT('',(0.12247,-0.0129961389627989,0.0373641732894236));
#6500=CARTESIAN_POINT('',(0.12265,-0.0129961389627989,0.0373641732894236));
#6501=CARTESIAN_POINT('',(0.12265,-0.0130517188270004,0.0374108129329193));
#6502=CARTESIAN_POINT('',(0.12247,-0.0130517188270004,0.0374108129329193));
#6503=CARTESIAN_POINT('',(0.12247,-0.0130388053693261,0.0373390603886577));
#6504=CARTESIAN_POINT('',(0.12265,-0.0130388737546302,0.0373394029772698));
#6505=CARTESIAN_POINT('',(0.12259,-0.0130388737546302,0.0373394029772698));
#6506=CARTESIAN_POINT('',(0.12253,-0.0130388737546302,0.0373394029772698));
#6507=CARTESIAN_POINT('',(0.12247,-0.0130388737546302,0.0373394029772698));
#6508=CARTESIAN_POINT('',(0.12265,-0.0131186741005758,0.0377236836732654));
#6509=CARTESIAN_POINT('',(0.12247,-0.0131186741005758,0.0377236836732654));
#6510=CARTESIAN_POINT('',(0.12247,-0.0131317488481445,0.0373307235931305));
#6511=CARTESIAN_POINT('',(0.12265,-0.0131317518897521,0.0373307236943221));
#6512=CARTESIAN_POINT('',(0.12265,-0.0131448122983136,0.0377236836732654));
#6513=CARTESIAN_POINT('',(0.12247,-0.0131448122983136,0.0377236836732654));
#6514=CARTESIAN_POINT('',(0.12247,-0.0132246824765406,0.0373390494517507));
#6515=CARTESIAN_POINT('',(0.122650000000001,-0.0132247450765761,0.0373387170194107));
#6516=CARTESIAN_POINT('',(0.122590000000001,-0.0132247450765761,0.0373387170194107));
#6517=CARTESIAN_POINT('',(0.122530000000001,-0.0132247450765761,0.0373387170194107));
#6518=CARTESIAN_POINT('',(0.122470000000001,-0.0132247450765761,0.0373387170194107));
#6519=CARTESIAN_POINT('',(0.12256,-0.013210756975382,0.0374138496304982));
#6520=CARTESIAN_POINT('',(0.12247,-0.013210756975382,0.0374138496304982));
#6521=CARTESIAN_POINT('',(0.12247,-0.0132680412594645,0.0373642888545851));
#6522=CARTESIAN_POINT('',(0.12265,-0.0132680412594645,0.0373642888545851));
#6523=CARTESIAN_POINT('',(0.12265,-0.0131933893630493,0.0374072430537496));
#6524=CARTESIAN_POINT('',(0.12247,-0.0131933893630493,0.0374072430537496));
#6525=CARTESIAN_POINT('',(0.12247,-0.0132795169942965,0.0374072430537496));
#6526=CARTESIAN_POINT('',(0.12265,-0.0132795169942965,0.0374072430537496));
#6527=CARTESIAN_POINT('',(0.12265,-0.0132795169942965,0.0375889605478295));
#6528=CARTESIAN_POINT('',(0.12247,-0.0132795169942965,0.0375889605478295));
#6529=CARTESIAN_POINT('',(0.12247,-0.0132795169942965,0.0377649913714419));
#6530=CARTESIAN_POINT('',(0.12265,-0.0132795169942965,0.0377649913714419));
#6531=CARTESIAN_POINT('',(0.12265,-0.0134549198839364,0.0377649913714419));
#6532=CARTESIAN_POINT('',(0.12247,-0.0134549198839364,0.0377649913714419));
#6533=CARTESIAN_POINT('',(0.12247,-0.0136360961521949,0.0377649913714419));
#6534=CARTESIAN_POINT('',(0.12265,-0.0136360961521949,0.0377649913714419));
#6535=CARTESIAN_POINT('',(0.12265,-0.0136360961521949,0.0378550915898924));
#6536=CARTESIAN_POINT('',(0.12247,-0.0136360961521949,0.0378550915898924));
#6537=CARTESIAN_POINT('',(0.12247,-0.0136790792083222,0.0377759050616771));
#6538=CARTESIAN_POINT('',(0.12265,-0.0136790792083222,0.0377759050616771));
#6539=CARTESIAN_POINT('',(0.12265,-0.0136324395651438,0.0378314849257447));
#6540=CARTESIAN_POINT('',(0.12247,-0.0136324395651438,0.0378314849257447));
#6541=CARTESIAN_POINT('',(0.12247,-0.0137041921091293,0.0378185714682309));
#6542=CARTESIAN_POINT('',(0.12265,-0.0137038495205109,0.037818639853536));
#6543=CARTESIAN_POINT('',(0.12259,-0.0137038495205109,0.037818639853536));
#6544=CARTESIAN_POINT('',(0.12253,-0.0137038495205109,0.037818639853536));
#6545=CARTESIAN_POINT('',(0.12247,-0.0137038495205109,0.037818639853536));
#6546=CARTESIAN_POINT('',(0.12265,-0.01331956882458,0.0378984401994752));
#6547=CARTESIAN_POINT('',(0.12247,-0.01331956882458,0.0378984401994752));
#6548=CARTESIAN_POINT('',(0.12247,-0.0137125289046627,0.0379115149470472));
#6549=CARTESIAN_POINT('',(0.12265,-0.0137125288034711,0.0379115179886561));
#6550=CARTESIAN_POINT('',(0.12265,-0.0133195688245278,0.0379245783972177));
#6551=CARTESIAN_POINT('',(0.12247,-0.0133195688245278,0.0379245783972177));
#6552=CARTESIAN_POINT('',(0.12247,-0.0137042030460427,0.0380044485754446));
#6553=CARTESIAN_POINT('',(0.122650000000001,-0.0137045354783827,0.0380045111754801));
#6554=CARTESIAN_POINT('',(0.122590000000001,-0.0137045354783827,0.0380045111754801));
#6555=CARTESIAN_POINT('',(0.122530000000001,-0.0137045354783827,0.0380045111754801));
#6556=CARTESIAN_POINT('',(0.122470000000001,-0.0137045354783827,0.0380045111754801));
#6557=CARTESIAN_POINT('',(0.12256,-0.0136294028672953,0.037990523074286));
#6558=CARTESIAN_POINT('',(0.12247,-0.0136294028672953,0.037990523074286));
#6559=CARTESIAN_POINT('',(0.12247,-0.0136789636432083,0.0380478073583687));
#6560=CARTESIAN_POINT('',(0.12265,-0.0136789636432083,0.0380478073583687));
#6561=CARTESIAN_POINT('',(0.12265,-0.013636009444044,0.0379731554619539));
#6562=CARTESIAN_POINT('',(0.12247,-0.013636009444044,0.0379731554619539));
#6563=CARTESIAN_POINT('',(0.12247,-0.013636009444044,0.0380592830932006));
#6564=CARTESIAN_POINT('',(0.12265,-0.013636009444044,0.0380592830932006));
#6565=CARTESIAN_POINT('',(0.12265,-0.0134549198839364,0.0380592830932006));
#6566=CARTESIAN_POINT('',(0.12247,-0.0134549198839364,0.0380592830932006));
#6567=CARTESIAN_POINT('',(0.12247,-0.0132795169942965,0.0380592830932006));
#6568=CARTESIAN_POINT('',(0.12265,-0.0132795169942965,0.0380592830932006));
#6569=CARTESIAN_POINT('',(0.12265,-0.0132795169942965,0.0375889605478295));
#6570=CARTESIAN_POINT('',(0.12247,-0.0132795169942965,0.0382344766715164));
#6571=CARTESIAN_POINT('',(0.12247,-0.0132795169942965,0.0384152864126585));
#6572=CARTESIAN_POINT('',(0.12265,-0.0132795169942965,0.0384152864126585));
#6573=CARTESIAN_POINT('',(0.12265,-0.013192387150495,0.0384152864126585));
#6574=CARTESIAN_POINT('',(0.12247,-0.013192387150495,0.0384152864126585));
#6575=CARTESIAN_POINT('',(0.12247,-0.0132680289433608,0.0384585290866383));
#6576=CARTESIAN_POINT('',(0.12265,-0.0132680289433608,0.0384585290866383));
#6577=CARTESIAN_POINT('',(0.12265,-0.0132115824099325,0.0384103991037299));
#6578=CARTESIAN_POINT('',(0.12247,-0.0132115824099325,0.0384103991037299));
#6579=CARTESIAN_POINT('',(0.12247,-0.0132246811075728,0.0384837550197877));
#6580=CARTESIAN_POINT('',(0.12265,-0.0132246165267296,0.0384834252510345));
#6581=CARTESIAN_POINT('',(0.12259,-0.0132246165267296,0.0384834252510345));
#6582=CARTESIAN_POINT('',(0.12253,-0.0132246165267296,0.0384834252510345));
#6583=CARTESIAN_POINT('',(0.12247,-0.0132246165267296,0.0384834252510345));
#6584=CARTESIAN_POINT('',(0.12265,-0.013144822154777,0.0380893693556052));
#6585=CARTESIAN_POINT('',(0.12247,-0.013144822154777,0.0380893693556052));
#6586=CARTESIAN_POINT('',(0.12247,-0.0131317382214705,0.038491882442907));
#6587=CARTESIAN_POINT('',(0.12265,-0.0131317349028263,0.0384918823350393));
#6588=CARTESIAN_POINT('',(0.12265,-0.0131186642441056,0.0380893693556605));
#6589=CARTESIAN_POINT('',(0.12247,-0.0131186642441056,0.0380893693556605));
#6590=CARTESIAN_POINT('',(0.12265,-0.00498262253776192,0.0580099095453192));
#6591=CARTESIAN_POINT('',(0.12265,-0.00507158277783484,0.0460324144745618));
#6592=CARTESIAN_POINT('',(0.12265,-0.00508384894637625,0.0464100572708204));
#6593=CARTESIAN_POINT('',(0.1226499998875,-0.0049966562337587,0.0464024210448539));
#6594=CARTESIAN_POINT('',(0.12265,-0.00509612445570659,0.0460324144745617));
#6595=CARTESIAN_POINT('',(0.12265,-0.00517104912074641,0.0464024320211328));
#6596=CARTESIAN_POINT('',(0.12265,-0.00515875975933123,0.0463336085862279));
#6597=CARTESIAN_POINT('',(0.12265,-0.00521171860064112,0.0463787647362055));
#6598=CARTESIAN_POINT('',(0.12265,-0.00514075052751749,0.0463381939203477));
#6599=CARTESIAN_POINT('',(0.12265,-0.00522249683325819,0.0463381939203477));
#6600=CARTESIAN_POINT('',(0.12265,-0.00522249683325819,0.0461685559672648));
#6601=CARTESIAN_POINT('',(0.12265,-0.00522249683325819,0.0460041871681147));
#6602=CARTESIAN_POINT('',(0.12265,-0.00538706201090197,0.0460041871681147));
#6603=CARTESIAN_POINT('',(0.12265,-0.00555709160719523,0.0460041871681147));
#6604=CARTESIAN_POINT('',(0.12265,-0.00555709160719523,0.0459240169753908));
#6605=CARTESIAN_POINT('',(0.12265,-0.00559736491441694,0.0459933373946539));
#6606=CARTESIAN_POINT('',(0.12265,-0.00555067759983676,0.0459396315119612));
#6607=CARTESIAN_POINT('',(0.12265,-0.00562094258116985,0.0459527407399855));
#6608=CARTESIAN_POINT('',(0.12265,-0.00526007395972523,0.0458778055431132));
#6609=CARTESIAN_POINT('',(0.12265,-0.00562875401908072,0.0458655488436433));
#6610=CARTESIAN_POINT('',(0.12265,-0.00526007395966994,0.0458532823601482));
#6611=CARTESIAN_POINT('',(0.12265,-0.00562093232002741,0.045778348520841));
#6612=CARTESIAN_POINT('',(0.12265,-0.00555361318853073,0.0457904640878102));
#6613=CARTESIAN_POINT('',(0.12265,-0.0055973710834695,0.0457383183663549));
#6614=CARTESIAN_POINT('',(0.12265,-0.00555704384433696,0.0458126121542467));
#6615=CARTESIAN_POINT('',(0.12265,-0.00555704384433696,0.0457280790061013));
#6616=CARTESIAN_POINT('',(0.12265,-0.00538706201090197,0.0457280790061013));
#6617=CARTESIAN_POINT('',(0.12265,-0.00522249683325819,0.0457280790061013));
#6618=CARTESIAN_POINT('',(0.12265,-0.00522249683325819,0.0455629246929768));
#6619=CARTESIAN_POINT('',(0.12265,-0.00522249683325819,0.0453923059612021));
#6620=CARTESIAN_POINT('',(0.12265,-0.00514232664053433,0.0453923059612021));
#6621=CARTESIAN_POINT('',(0.12265,-0.00521164705975564,0.0453520326539086));
#6622=CARTESIAN_POINT('',(0.12265,-0.00515794117715398,0.0453987199685935));
#6623=CARTESIAN_POINT('',(0.12265,-0.00517105040512732,0.045328454987241));
#6624=CARTESIAN_POINT('',(0.12265,-0.00509611520824977,0.0456893236087272));
#6625=CARTESIAN_POINT('',(0.12265,-0.00508385850878352,0.0453206435493171));
#6626=CARTESIAN_POINT('',(0.12265,-0.00507159202529165,0.0456893236087272));
#6627=CARTESIAN_POINT('',(0.12265,-0.00499665818598452,0.0453284652483705));
#6628=CARTESIAN_POINT('',(0.12265,-0.00500877375295369,0.0453957843798673));
#6629=CARTESIAN_POINT('',(0.12265,-0.00495662803150378,0.045352026484922));
#6630=CARTESIAN_POINT('',(0.12265,-0.00503092181927947,0.0453923537240363));
#6631=CARTESIAN_POINT('',(0.12265,-0.00494638867124488,0.0453923537240363));
#6632=CARTESIAN_POINT('',(0.12265,-0.00494638867124488,0.0455629246929768));
#6633=CARTESIAN_POINT('',(0.12265,-0.00494638867124488,0.0457280790061013));
#6634=CARTESIAN_POINT('',(0.12265,-0.00478143073661388,0.0457280790061013));
#6635=CARTESIAN_POINT('',(0.12265,-0.00461123973189689,0.0457280790061013));
#6636=CARTESIAN_POINT('',(0.12265,-0.00461123973189689,0.045814206637348));
#6637=CARTESIAN_POINT('',(0.12265,-0.00457062289248086,0.0457382576991065));
#6638=CARTESIAN_POINT('',(0.12265,-0.00461289565995836,0.0457896650533531));
#6639=CARTESIAN_POINT('',(0.12265,-0.00454697635192979,0.0457783474835596));
#6640=CARTESIAN_POINT('',(0.12265,-0.00491698309383789,0.0458532731126914));
#6641=CARTESIAN_POINT('',(0.12265,-0.00453934029757772,0.0458655392812341));
#6642=CARTESIAN_POINT('',(0.12265,-0.00491698309379215,0.0458778147905671));
#6643=CARTESIAN_POINT('',(0.12265,-0.00454696554727878,0.045952739455601));
#6644=CARTESIAN_POINT('',(0.12265,-0.00461578898192212,0.0459404500943803));
#6645=CARTESIAN_POINT('',(0.12265,-0.00457063283218195,0.0459934089354916));
#6646=CARTESIAN_POINT('',(0.12265,-0.00461120364805021,0.0459224408623742));
#6647=CARTESIAN_POINT('',(0.12265,-0.00461120364805021,0.0460041871681147));
#6648=CARTESIAN_POINT('',(0.12265,-0.00478143073661388,0.0460041871681147));
#6649=CARTESIAN_POINT('',(0.12265,-0.00494638867124488,0.0460041871681147));
#6650=CARTESIAN_POINT('',(0.12265,-0.00494638867124488,0.0461685559672648));
#6651=CARTESIAN_POINT('',(0.12265,-0.00494638867124488,0.0463381578365009));
#6652=CARTESIAN_POINT('',(0.12265,-0.00503251630249157,0.0463381578365009));
#6653=CARTESIAN_POINT('',(0.12265,-0.00495656736387286,0.0463787746752116));
#6654=CARTESIAN_POINT('',(0.12265,-0.00500797471901392,0.0463365019088219));
#6655=CARTESIAN_POINT('',(0.1225599998875,-0.00500797471901392,0.0463365019088219));
#6656=CARTESIAN_POINT('',(0.12247,-0.00500797471901392,0.0463365019088219));
#6657=CARTESIAN_POINT('',(0.12247,-0.00499665730555791,0.0464024212458964));
#6658=CARTESIAN_POINT('',(0.12247,-0.00495656736387286,0.0463787746752116));
#6659=CARTESIAN_POINT('',(0.12247,-0.00499671155681921,0.0464020979766783));
#6660=CARTESIAN_POINT('',(0.1225299999625,-0.00499671155681921,0.0464020979766783));
#6661=CARTESIAN_POINT('',(0.122589999925,-0.00499671155681921,0.0464020979766783));
#6662=CARTESIAN_POINT('',(0.1226499998875,-0.00499671155681921,0.0464020979766783));
#6663=CARTESIAN_POINT('',(0.12256,-0.00495656736387286,0.0463787746752116));
#6664=CARTESIAN_POINT('',(0.12256,-0.00503251630249157,0.0463381578365009));
#6665=CARTESIAN_POINT('',(0.12247,-0.00503251630249157,0.0463381578365009));
#6666=CARTESIAN_POINT('',(0.12247,-0.00494638867124488,0.0463381578365009));
#6667=CARTESIAN_POINT('',(0.12256,-0.00494638867124488,0.0463381578365009));
#6668=CARTESIAN_POINT('',(0.12265,-0.00494638867124488,0.0455629246929768));
#6669=CARTESIAN_POINT('',(0.12247,-0.00494638867124488,0.0461685559672648));
#6670=CARTESIAN_POINT('',(0.12247,-0.00494638867124488,0.0460041871681147));
#6671=CARTESIAN_POINT('',(0.12265,-0.00494638867124488,0.0460041871681147));
#6672=CARTESIAN_POINT('',(0.12265,-0.00538706201090197,0.0460041871681147));
#6673=CARTESIAN_POINT('',(0.12247,-0.00478143073661388,0.0460041871681147));
#6674=CARTESIAN_POINT('',(0.12247,-0.00461120364805021,0.0460041871681147));
#6675=CARTESIAN_POINT('',(0.12265,-0.00461120364805021,0.0460041871681147));
#6676=CARTESIAN_POINT('',(0.12265,-0.00461120364805021,0.0459224408623742));
#6677=CARTESIAN_POINT('',(0.12247,-0.00461120364805021,0.0459224408623742));
#6678=CARTESIAN_POINT('',(0.12247,-0.00457063283218195,0.0459934089354916));
#6679=CARTESIAN_POINT('',(0.12265,-0.00457063283218195,0.0459934089354916));
#6680=CARTESIAN_POINT('',(0.12265,-0.00461578898192212,0.0459404500943803));
#6681=CARTESIAN_POINT('',(0.12247,-0.00461578898192212,0.0459404500943803));
#6682=CARTESIAN_POINT('',(0.12247,-0.00454696554727878,0.045952739455601));
#6683=CARTESIAN_POINT('',(0.12265,-0.00454727494044737,0.0459526788650466));
#6684=CARTESIAN_POINT('',(0.12259,-0.00454727494044737,0.0459526788650466));
#6685=CARTESIAN_POINT('',(0.12253,-0.00454727494044737,0.0459526788650466));
#6686=CARTESIAN_POINT('',(0.12247,-0.00454727494044737,0.0459526788650466));
#6687=CARTESIAN_POINT('',(0.12265,-0.00491698309379215,0.0458778147905671));
#6688=CARTESIAN_POINT('',(0.12247,-0.00491698309379215,0.0458778147905671));
#6689=CARTESIAN_POINT('',(0.12247,-0.00453934029757772,0.0458655392812341));
#6690=CARTESIAN_POINT('',(0.12265,-0.00453934039878069,0.0458655361676364));
#6691=CARTESIAN_POINT('',(0.12265,-0.00491698309383789,0.0458532731126914));
#6692=CARTESIAN_POINT('',(0.12247,-0.00491698309383789,0.0458532731126914));
#6693=CARTESIAN_POINT('',(0.12247,-0.00454697635192979,0.0457783474835596));
#6694=CARTESIAN_POINT('',(0.122650000000001,-0.00454665553859482,0.0457782913046384));
#6695=CARTESIAN_POINT('',(0.122590000000001,-0.00454665553859482,0.0457782913046384));
#6696=CARTESIAN_POINT('',(0.122530000000001,-0.00454665553859482,0.0457782913046384));
#6697=CARTESIAN_POINT('',(0.122470000000001,-0.00454665553859482,0.0457782913046384));
#6698=CARTESIAN_POINT('',(0.12256,-0.00461289565995836,0.0457896650533531));
#6699=CARTESIAN_POINT('',(0.12247,-0.00461289565995836,0.0457896650533531));
#6700=CARTESIAN_POINT('',(0.12247,-0.00457062289248086,0.0457382576991065));
#6701=CARTESIAN_POINT('',(0.12256,-0.00457062289248086,0.0457382576991065));
#6702=CARTESIAN_POINT('',(0.12256,-0.00461123973189689,0.045814206637348));
#6703=CARTESIAN_POINT('',(0.12247,-0.00461123973189689,0.045814206637348));
#6704=CARTESIAN_POINT('',(0.12247,-0.00461123973189689,0.0457280790061013));
#6705=CARTESIAN_POINT('',(0.12256,-0.00461123973189689,0.0457280790061013));
#6706=CARTESIAN_POINT('',(0.12265,-0.00538706201090197,0.0457280790061013));
#6707=CARTESIAN_POINT('',(0.12247,-0.00478143073661388,0.0457280790061013));
#6708=CARTESIAN_POINT('',(0.12247,-0.00494638867124488,0.0457280790061013));
#6709=CARTESIAN_POINT('',(0.12265,-0.00494638867124488,0.0457280790061013));
#6710=CARTESIAN_POINT('',(0.12265,-0.00494638867124488,0.0455629246929768));
#6711=CARTESIAN_POINT('',(0.12247,-0.00494638867124488,0.0455629246929768));
#6712=CARTESIAN_POINT('',(0.12247,-0.00494638867124488,0.0453923537240363));
#6713=CARTESIAN_POINT('',(0.12265,-0.00494638867124488,0.0453923537240363));
#6714=CARTESIAN_POINT('',(0.12265,-0.00503092181927947,0.0453923537240363));
#6715=CARTESIAN_POINT('',(0.12247,-0.00503092181927947,0.0453923537240363));
#6716=CARTESIAN_POINT('',(0.12247,-0.00495662803150378,0.045352026484922));
#6717=CARTESIAN_POINT('',(0.12265,-0.00495662803150378,0.045352026484922));
#6718=CARTESIAN_POINT('',(0.12265,-0.00500877375295369,0.0453957843798673));
#6719=CARTESIAN_POINT('',(0.12247,-0.00500877375295369,0.0453957843798673));
#6720=CARTESIAN_POINT('',(0.12247,-0.00499665818598452,0.0453284652483705));
#6721=CARTESIAN_POINT('',(0.12265,-0.00499672234592936,0.0453287866692773));
#6722=CARTESIAN_POINT('',(0.12259,-0.00499672234592936,0.0453287866692773));
#6723=CARTESIAN_POINT('',(0.12253,-0.00499672234592936,0.0453287866692773));
#6724=CARTESIAN_POINT('',(0.12247,-0.00499672234592936,0.0453287866692773));
#6725=CARTESIAN_POINT('',(0.12265,-0.00507159202529165,0.0456893236087272));
#6726=CARTESIAN_POINT('',(0.12247,-0.00507159202529165,0.0456893236087272));
#6727=CARTESIAN_POINT('',(0.12247,-0.00508385850878352,0.0453206435493171));
#6728=CARTESIAN_POINT('',(0.12265,-0.00508386177012541,0.0453206436578191));
#6729=CARTESIAN_POINT('',(0.12265,-0.00509611520824977,0.0456893236087272));
#6730=CARTESIAN_POINT('',(0.12247,-0.00509611520824977,0.0456893236087272));
#6731=CARTESIAN_POINT('',(0.12247,-0.00517105040512732,0.045328454987241));
#6732=CARTESIAN_POINT('',(0.122650000000001,-0.00517110913726272,0.0453281430950625));
#6733=CARTESIAN_POINT('',(0.122590000000001,-0.00517110913726272,0.0453281430950625));
#6734=CARTESIAN_POINT('',(0.122530000000001,-0.00517110913726272,0.0453281430950625));
#6735=CARTESIAN_POINT('',(0.122470000000001,-0.00517110913726272,0.0453281430950625));
#6736=CARTESIAN_POINT('',(0.12256,-0.00515794117715398,0.0453987199685935));
#6737=CARTESIAN_POINT('',(0.12247,-0.00515794117715398,0.0453987199685935));
#6738=CARTESIAN_POINT('',(0.12247,-0.00521164705975564,0.0453520326539086));
#6739=CARTESIAN_POINT('',(0.12265,-0.00521164705975564,0.0453520326539086));
#6740=CARTESIAN_POINT('',(0.12256,-0.00514232664053433,0.0453923059612021));
#6741=CARTESIAN_POINT('',(0.12247,-0.00514232664053433,0.0453923059612021));
#6742=CARTESIAN_POINT('',(0.12247,-0.00522249683325819,0.0453923059612021));
#6743=CARTESIAN_POINT('',(0.12256,-0.00522249683325819,0.0453923059612021));
#6744=CARTESIAN_POINT('',(0.12265,-0.00522249683325819,0.0455629246929768));
#6745=CARTESIAN_POINT('',(0.12247,-0.00522249683325819,0.0455629246929768));
#6746=CARTESIAN_POINT('',(0.12247,-0.00522249683325819,0.0457280790061013));
#6747=CARTESIAN_POINT('',(0.12265,-0.00522249683325819,0.0457280790061013));
#6748=CARTESIAN_POINT('',(0.12265,-0.00538706201090197,0.0457280790061013));
#6749=CARTESIAN_POINT('',(0.12247,-0.00538706201090197,0.0457280790061013));
#6750=CARTESIAN_POINT('',(0.12247,-0.00555704384433696,0.0457280790061013));
#6751=CARTESIAN_POINT('',(0.12265,-0.00555704384433696,0.0457280790061013));
#6752=CARTESIAN_POINT('',(0.12265,-0.00555704384433696,0.0458126121542467));
#6753=CARTESIAN_POINT('',(0.12247,-0.00555704384433696,0.0458126121542467));
#6754=CARTESIAN_POINT('',(0.12247,-0.0055973710834695,0.0457383183663549));
#6755=CARTESIAN_POINT('',(0.12265,-0.0055973710834695,0.0457383183663549));
#6756=CARTESIAN_POINT('',(0.12265,-0.00555361318853073,0.0457904640878102));
#6757=CARTESIAN_POINT('',(0.12247,-0.00555361318853073,0.0457904640878102));
#6758=CARTESIAN_POINT('',(0.12247,-0.00562093232002741,0.045778348520841));
#6759=CARTESIAN_POINT('',(0.12265,-0.00562061089912072,0.0457784126807858));
#6760=CARTESIAN_POINT('',(0.12259,-0.00562061089912072,0.0457784126807858));
#6761=CARTESIAN_POINT('',(0.12253,-0.00562061089912072,0.0457784126807858));
#6762=CARTESIAN_POINT('',(0.12247,-0.00562061089912072,0.0457784126807858));
#6763=CARTESIAN_POINT('',(0.12265,-0.00526007395966994,0.0458532823601482));
#6764=CARTESIAN_POINT('',(0.12247,-0.00526007395966994,0.0458532823601482));
#6765=CARTESIAN_POINT('',(0.12247,-0.00562875401908072,0.0458655488436433));
#6766=CARTESIAN_POINT('',(0.12265,-0.00562875391057879,0.045865552104982));
#6767=CARTESIAN_POINT('',(0.12265,-0.00526007395972523,0.0458778055431132));
#6768=CARTESIAN_POINT('',(0.12247,-0.00526007395972523,0.0458778055431132));
#6769=CARTESIAN_POINT('',(0.12247,-0.00562094258116985,0.0459527407399855));
#6770=CARTESIAN_POINT('',(0.122650000000001,-0.00562125447333536,0.0459527994721192));
#6771=CARTESIAN_POINT('',(0.122590000000001,-0.00562125447333536,0.0459527994721192));
#6772=CARTESIAN_POINT('',(0.122530000000001,-0.00562125447333536,0.0459527994721192));
#6773=CARTESIAN_POINT('',(0.122470000000001,-0.00562125447333536,0.0459527994721192));
#6774=CARTESIAN_POINT('',(0.12256,-0.00555067759983676,0.0459396315119612));
#6775=CARTESIAN_POINT('',(0.12247,-0.00555067759983676,0.0459396315119612));
#6776=CARTESIAN_POINT('',(0.12247,-0.00559736491441694,0.0459933373946539));
#6777=CARTESIAN_POINT('',(0.12265,-0.00559736491441694,0.0459933373946539));
#6778=CARTESIAN_POINT('',(0.12256,-0.00555709160719523,0.0459240169753908));
#6779=CARTESIAN_POINT('',(0.12247,-0.00555709160719523,0.0459240169753908));
#6780=CARTESIAN_POINT('',(0.12247,-0.00555709160719523,0.0460041871681147));
#6781=CARTESIAN_POINT('',(0.12256,-0.00555709160719523,0.0460041871681147));
#6782=CARTESIAN_POINT('',(0.12265,-0.00538706201090197,0.0460041871681147));
#6783=CARTESIAN_POINT('',(0.12247,-0.00538706201090197,0.0460041871681147));
#6784=CARTESIAN_POINT('',(0.12247,-0.00522249683325819,0.0460041871681147));
#6785=CARTESIAN_POINT('',(0.12265,-0.00522249683325819,0.0460041871681147));
#6786=CARTESIAN_POINT('',(0.12265,-0.00522249683325819,0.0455629246929768));
#6787=CARTESIAN_POINT('',(0.12247,-0.00522249683325819,0.0461685559672648));
#6788=CARTESIAN_POINT('',(0.12247,-0.00522249683325819,0.0463381939203477));
#6789=CARTESIAN_POINT('',(0.12265,-0.00522249683325819,0.0463381939203477));
#6790=CARTESIAN_POINT('',(0.12265,-0.00514075052751749,0.0463381939203477));
#6791=CARTESIAN_POINT('',(0.12247,-0.00514075052751749,0.0463381939203477));
#6792=CARTESIAN_POINT('',(0.12247,-0.00521171860064112,0.0463787647362055));
#6793=CARTESIAN_POINT('',(0.12265,-0.00521171860064112,0.0463787647362055));
#6794=CARTESIAN_POINT('',(0.12265,-0.00515875975933123,0.0463336085862279));
#6795=CARTESIAN_POINT('',(0.12247,-0.00515875975933123,0.0463336085862279));
#6796=CARTESIAN_POINT('',(0.12247,-0.00517104912074641,0.0464024320211328));
#6797=CARTESIAN_POINT('',(0.12265,-0.00517098853019417,0.0464021226279775));
#6798=CARTESIAN_POINT('',(0.12259,-0.00517098853019417,0.0464021226279775));
#6799=CARTESIAN_POINT('',(0.12253,-0.00517098853019417,0.0464021226279775));
#6800=CARTESIAN_POINT('',(0.12247,-0.00517098853019417,0.0464021226279775));
#6801=CARTESIAN_POINT('',(0.12265,-0.00509612445570659,0.0460324144745617));
#6802=CARTESIAN_POINT('',(0.12247,-0.00509612445570659,0.0460324144745617));
#6803=CARTESIAN_POINT('',(0.12247,-0.00508384894637625,0.0464100572708204));
#6804=CARTESIAN_POINT('',(0.12265,-0.0050838458327799,0.0464100571696174));
#6805=CARTESIAN_POINT('',(0.12265,-0.00507158277783484,0.0460324144745618));
#6806=CARTESIAN_POINT('',(0.12247,-0.00507158277783484,0.0460324144745618));
#6807=CARTESIAN_POINT('',(0.12265,-0.00498262253776192,0.0580099095453192));
#6808=CARTESIAN_POINT('',(0.12265,-0.0050428959778207,0.0298625960620863));
#6809=CARTESIAN_POINT('',(0.12265,-0.00505439472757056,0.0302166008486132));
#6810=CARTESIAN_POINT('',(0.122649999775,-0.00497265949128331,0.0302094426774369));
#6811=CARTESIAN_POINT('',(0.12265,-0.00506590150375948,0.0298625960620863));
#6812=CARTESIAN_POINT('',(0.12265,-0.00513613636439268,0.030209452878885));
#6813=CARTESIAN_POINT('',(0.12265,-0.0051246162383322,0.0301449373504365));
#6814=CARTESIAN_POINT('',(0.12265,-0.00517416279166775,0.0301873809832193));
#6815=CARTESIAN_POINT('',(0.12265,-0.00510861577806734,0.0301494158845096));
#6816=CARTESIAN_POINT('',(0.12265,-0.00518436377944006,0.0301494158845096));
#6817=CARTESIAN_POINT('',(0.12265,-0.00518436377944006,0.0299902159688484));
#6818=CARTESIAN_POINT('',(0.12265,-0.00518436377944006,0.02983613560433));
#6819=CARTESIAN_POINT('',(0.12265,-0.00533862823041552,0.02983613560433));
#6820=CARTESIAN_POINT('',(0.12265,-0.00549789403056691,0.02983613560433));
#6821=CARTESIAN_POINT('',(0.12265,-0.00549789403056691,0.029760387526431));
#6822=CARTESIAN_POINT('',(0.12265,-0.00553565823738806,0.0298260505753136));
#6823=CARTESIAN_POINT('',(0.12265,-0.0054921418088934,0.0297756916298131));
#6824=CARTESIAN_POINT('',(0.12265,-0.00555786950540789,0.0297879086412134));
#6825=CARTESIAN_POINT('',(0.12265,-0.00521958881828614,0.0297176646600241));
#6826=CARTESIAN_POINT('',(0.12265,-0.00556519186605644,0.0297061751514841));
#6827=CARTESIAN_POINT('',(0.12265,-0.00521958881828611,0.0296946764713359));
#6828=CARTESIAN_POINT('',(0.12265,-0.00555785975529371,0.0296244330106857));
#6829=CARTESIAN_POINT('',(0.12265,-0.00549475437049022,0.0296357902207196));
#6830=CARTESIAN_POINT('',(0.12265,-0.00553577330131864,0.0295869084876202));
#6831=CARTESIAN_POINT('',(0.12265,-0.0054979702892039,0.0296565519599768));
#6832=CARTESIAN_POINT('',(0.12265,-0.0054979702892039,0.029577310045772));
#6833=CARTESIAN_POINT('',(0.12265,-0.00533862823041552,0.029577310045772));
#6834=CARTESIAN_POINT('',(0.12265,-0.00518436377944006,0.029577310045772));
#6835=CARTESIAN_POINT('',(0.12265,-0.00518436377944006,0.0294224933354256));
#6836=CARTESIAN_POINT('',(0.12265,-0.00518436377944006,0.0292626752759031));
#6837=CARTESIAN_POINT('',(0.12265,-0.00510861570154147,0.0292626752759031));
#6838=CARTESIAN_POINT('',(0.12265,-0.00517427875042382,0.0292249110690823));
#6839=CARTESIAN_POINT('',(0.12265,-0.00512391980492385,0.0292684274975757));
#6840=CARTESIAN_POINT('',(0.12265,-0.00513613681632355,0.0292026998010622));
#6841=CARTESIAN_POINT('',(0.12265,-0.00506589283513423,0.0295409804881846));
#6842=CARTESIAN_POINT('',(0.12265,-0.00505440332659422,0.0291953774404136));
#6843=CARTESIAN_POINT('',(0.12265,-0.00504290464644595,0.0295409804881846));
#6844=CARTESIAN_POINT('',(0.12265,-0.00497266118579582,0.0292027095511764));
#6845=CARTESIAN_POINT('',(0.12265,-0.00498401839582957,0.0292658149359797));
#6846=CARTESIAN_POINT('',(0.12265,-0.00493513666273042,0.0292247960051513));
#6847=CARTESIAN_POINT('',(0.12265,-0.00500478013508696,0.0292625990172662));
#6848=CARTESIAN_POINT('',(0.12265,-0.00492553822088219,0.0292625990172662));
#6849=CARTESIAN_POINT('',(0.12265,-0.00492553822088219,0.0294224933354256));
#6850=CARTESIAN_POINT('',(0.12265,-0.00492553822088219,0.029577310045772));
#6851=CARTESIAN_POINT('',(0.12265,-0.00477090559699271,0.029577310045772));
#6852=CARTESIAN_POINT('',(0.12265,-0.00461125703223434,0.029577310045772));
#6853=CARTESIAN_POINT('',(0.12265,-0.00461125703223434,0.0296574802386027));
#6854=CARTESIAN_POINT('',(0.12265,-0.00457318649269868,0.0295869260478132));
#6855=CARTESIAN_POINT('',(0.12265,-0.00461310077640381,0.0296351324387756));
#6856=CARTESIAN_POINT('',(0.12265,-0.00455112639814553,0.0296244330524854));
#6857=CARTESIAN_POINT('',(0.12265,-0.00489797324438323,0.0296946678027106));
#6858=CARTESIAN_POINT('',(0.12265,-0.00454396845785729,0.0297061665524635));
#6859=CARTESIAN_POINT('',(0.12265,-0.00489797324433419,0.0297176733286554));
#6860=CARTESIAN_POINT('',(0.12265,-0.00455111642758511,0.0297879081892825));
#6861=CARTESIAN_POINT('',(0.12265,-0.00461563195603333,0.0297763880632224));
#6862=CARTESIAN_POINT('',(0.12265,-0.0045731883232505,0.0298259346165574));
#6863=CARTESIAN_POINT('',(0.12265,-0.00461115342196049,0.0297603876029572));
#6864=CARTESIAN_POINT('',(0.12265,-0.00461115342196049,0.02983613560433));
#6865=CARTESIAN_POINT('',(0.12265,-0.00477090559699271,0.02983613560433));
#6866=CARTESIAN_POINT('',(0.12265,-0.00492553822088219,0.02983613560433));
#6867=CARTESIAN_POINT('',(0.12265,-0.00492553822088219,0.0299902159688484));
#6868=CARTESIAN_POINT('',(0.12265,-0.00492553822088219,0.030149312274271));
#6869=CARTESIAN_POINT('',(0.12265,-0.00500570841360605,0.030149312274271));
#6870=CARTESIAN_POINT('',(0.12265,-0.00493515422291028,0.0301873828137556));
#6871=CARTESIAN_POINT('',(0.12265,-0.00498336061388584,0.0301474685300662));
#6872=CARTESIAN_POINT('',(0.12265,-0.00498336061388584,0.0301474685300662));
#6873=CARTESIAN_POINT('',(0.12247,-0.00498336061388584,0.0301474685300662));
#6874=CARTESIAN_POINT('',(0.12247,-0.004972661510621,0.0302094430259813));
#6875=CARTESIAN_POINT('',(0.12247,-0.00493515422291028,0.0301873828137556));
#6876=CARTESIAN_POINT('',(0.12247,-0.00497271950895618,0.0302091432660543));
#6877=CARTESIAN_POINT('',(0.122529999925,-0.00497271950895618,0.0302091432660543));
#6878=CARTESIAN_POINT('',(0.12258999985,-0.00497271950895618,0.0302091432660543));
#6879=CARTESIAN_POINT('',(0.122649999775,-0.00497271950895618,0.0302091432660543));
#6880=CARTESIAN_POINT('',(0.12265,-0.00493515422291028,0.0301873828137556));
#6881=CARTESIAN_POINT('',(0.12265,-0.00500570841360605,0.030149312274271));
#6882=CARTESIAN_POINT('',(0.12247,-0.00500570841360605,0.030149312274271));
#6883=CARTESIAN_POINT('',(0.12247,-0.00492553822088219,0.030149312274271));
#6884=CARTESIAN_POINT('',(0.12265,-0.00492553822088219,0.030149312274271));
#6885=CARTESIAN_POINT('',(0.12265,-0.00492553822088219,0.0299902159688484));
#6886=CARTESIAN_POINT('',(0.12247,-0.00492553822088219,0.0299902159688484));
#6887=CARTESIAN_POINT('',(0.12247,-0.00492553822088219,0.02983613560433));
#6888=CARTESIAN_POINT('',(0.12265,-0.00492553822088219,0.02983613560433));
#6889=CARTESIAN_POINT('',(0.12265,-0.00533862823041552,0.02983613560433));
#6890=CARTESIAN_POINT('',(0.12247,-0.00477090559699271,0.02983613560433));
#6891=CARTESIAN_POINT('',(0.12247,-0.00461115342196049,0.02983613560433));
#6892=CARTESIAN_POINT('',(0.1225599998875,-0.00461115342196049,0.02983613560433));
#6893=CARTESIAN_POINT('',(0.1225599998875,-0.00461115342196049,0.0297603876029572));
#6894=CARTESIAN_POINT('',(0.12247,-0.00461115342196049,0.0297603876029572));
#6895=CARTESIAN_POINT('',(0.12247,-0.0045731883232505,0.0298259346165574));
#6896=CARTESIAN_POINT('',(0.12265,-0.0045731883232505,0.0298259346165574));
#6897=CARTESIAN_POINT('',(0.12265,-0.00461563195603333,0.0297763880632224));
#6898=CARTESIAN_POINT('',(0.12247,-0.00461563195603333,0.0297763880632224));
#6899=CARTESIAN_POINT('',(0.12247,-0.00455111642758511,0.0297879081892825));
#6900=CARTESIAN_POINT('',(0.12265,-0.00455140645470933,0.029787851391311));
#6901=CARTESIAN_POINT('',(0.12259,-0.00455140645470933,0.029787851391311));
#6902=CARTESIAN_POINT('',(0.12253,-0.00455140645470933,0.029787851391311));
#6903=CARTESIAN_POINT('',(0.12247,-0.00455140645470933,0.029787851391311));
#6904=CARTESIAN_POINT('',(0.12265,-0.00489797324433419,0.0297176733286554));
#6905=CARTESIAN_POINT('',(0.12247,-0.00489797324433419,0.0297176733286554));
#6906=CARTESIAN_POINT('',(0.12247,-0.00454396845785729,0.0297061665524635));
#6907=CARTESIAN_POINT('',(0.12265,-0.00454396856458419,0.0297061632689171));
#6908=CARTESIAN_POINT('',(0.12265,-0.00489797324438323,0.0296946678027106));
#6909=CARTESIAN_POINT('',(0.12247,-0.00489797324438323,0.0296946678027106));
#6910=CARTESIAN_POINT('',(0.12247,-0.00455112639814553,0.0296244330524854));
#6911=CARTESIAN_POINT('',(0.122650000000001,-0.00455082582347304,0.0296243793758511));
#6912=CARTESIAN_POINT('',(0.122590000000001,-0.00455082582347304,0.0296243793758511));
#6913=CARTESIAN_POINT('',(0.122530000000001,-0.00455082582347304,0.0296243793758511));
#6914=CARTESIAN_POINT('',(0.122470000000001,-0.00455082582347304,0.0296243793758511));
#6915=CARTESIAN_POINT('',(0.12265,-0.00461310077640381,0.0296351324387756));
#6916=CARTESIAN_POINT('',(0.12247,-0.00461310077640381,0.0296351324387756));
#6917=CARTESIAN_POINT('',(0.12247,-0.00457318649269868,0.0295869260478132));
#6918=CARTESIAN_POINT('',(0.12265,-0.00457318649269868,0.0295869260478132));
#6919=CARTESIAN_POINT('',(0.12265,-0.00461125703223434,0.0296574802386027));
#6920=CARTESIAN_POINT('',(0.12247,-0.00461125703223434,0.0296574802386027));
#6921=CARTESIAN_POINT('',(0.12247,-0.00461125703223434,0.029577310045772));
#6922=CARTESIAN_POINT('',(0.12265,-0.00461125703223434,0.029577310045772));
#6923=CARTESIAN_POINT('',(0.12265,-0.00533862823041552,0.029577310045772));
#6924=CARTESIAN_POINT('',(0.12247,-0.00477090559699271,0.029577310045772));
#6925=CARTESIAN_POINT('',(0.12247,-0.00492553822088219,0.029577310045772));
#6926=CARTESIAN_POINT('',(0.12265,-0.00492553822088219,0.029577310045772));
#6927=CARTESIAN_POINT('',(0.12265,-0.00492553822088219,0.0299902159688484));
#6928=CARTESIAN_POINT('',(0.12247,-0.00492553822088219,0.0294224933354256));
#6929=CARTESIAN_POINT('',(0.12247,-0.00492553822088219,0.0292625990172662));
#6930=CARTESIAN_POINT('',(0.12265,-0.00492553822088219,0.0292625990172662));
#6931=CARTESIAN_POINT('',(0.12265,-0.00500478013508696,0.0292625990172662));
#6932=CARTESIAN_POINT('',(0.12247,-0.00500478013508696,0.0292625990172662));
#6933=CARTESIAN_POINT('',(0.12247,-0.00493513666273042,0.0292247960051513));
#6934=CARTESIAN_POINT('',(0.12265,-0.00493513666273042,0.0292247960051513));
#6935=CARTESIAN_POINT('',(0.12265,-0.00498401839582957,0.0292658149359797));
#6936=CARTESIAN_POINT('',(0.12247,-0.00498401839582957,0.0292658149359797));
#6937=CARTESIAN_POINT('',(0.12247,-0.00497266118579582,0.0292027095511764));
#6938=CARTESIAN_POINT('',(0.12265,-0.00497272132973883,0.0292030108531918));
#6939=CARTESIAN_POINT('',(0.12259,-0.00497272132973883,0.0292030108531918));
#6940=CARTESIAN_POINT('',(0.12253,-0.00497272132973883,0.0292030108531918));
#6941=CARTESIAN_POINT('',(0.12247,-0.00497272132973883,0.0292030108531918));
#6942=CARTESIAN_POINT('',(0.12265,-0.00504290464644595,0.0295409804881846));
#6943=CARTESIAN_POINT('',(0.12247,-0.00504290464644595,0.0295409804881846));
#6944=CARTESIAN_POINT('',(0.12247,-0.00505440332659422,0.0291953774404136));
#6945=CARTESIAN_POINT('',(0.12265,-0.00505440638379698,0.0291953775421242));
#6946=CARTESIAN_POINT('',(0.12265,-0.00506589283513423,0.0295409804881846));
#6947=CARTESIAN_POINT('',(0.12247,-0.00506589283513423,0.0295409804881846));
#6948=CARTESIAN_POINT('',(0.12247,-0.00513613681632355,0.0292026998010622));
#6949=CARTESIAN_POINT('',(0.122650000000001,-0.00513619262425927,0.0292024075626032));
#6950=CARTESIAN_POINT('',(0.122590000000001,-0.00513619262425927,0.0292024075626032));
#6951=CARTESIAN_POINT('',(0.122530000000001,-0.00513619262425927,0.0292024075626032));
#6952=CARTESIAN_POINT('',(0.122470000000001,-0.00513619262425927,0.0292024075626032));
#6953=CARTESIAN_POINT('',(0.12265,-0.00512391980492385,0.0292684274975757));
#6954=CARTESIAN_POINT('',(0.12247,-0.00512391980492385,0.0292684274975757));
#6955=CARTESIAN_POINT('',(0.12247,-0.00517427875042382,0.0292249110690823));
#6956=CARTESIAN_POINT('',(0.12265,-0.00517427875042382,0.0292249110690823));
#6957=CARTESIAN_POINT('',(0.12265,-0.00510861570154147,0.0292626752759031));
#6958=CARTESIAN_POINT('',(0.12247,-0.00510861570154147,0.0292626752759031));
#6959=CARTESIAN_POINT('',(0.12247,-0.00518436377944006,0.0292626752759031));
#6960=CARTESIAN_POINT('',(0.12265,-0.00518436377944006,0.0292626752759031));
#6961=CARTESIAN_POINT('',(0.12265,-0.00518436377944006,0.0299902159688484));
#6962=CARTESIAN_POINT('',(0.12247,-0.00518436377944006,0.0294224933354256));
#6963=CARTESIAN_POINT('',(0.12247,-0.00518436377944006,0.0295773100457721));
#6964=CARTESIAN_POINT('',(0.12265,-0.00518436377944006,0.029577310045772));
#6965=CARTESIAN_POINT('',(0.12265,-0.00533862823041552,0.029577310045772));
#6966=CARTESIAN_POINT('',(0.12247,-0.00533862823041552,0.029577310045772));
#6967=CARTESIAN_POINT('',(0.12247,-0.0054979702892039,0.029577310045772));
#6968=CARTESIAN_POINT('',(0.12265,-0.0054979702892039,0.029577310045772));
#6969=CARTESIAN_POINT('',(0.12265,-0.0054979702892039,0.0296565519599768));
#6970=CARTESIAN_POINT('',(0.12247,-0.0054979702892039,0.0296565519599768));
#6971=CARTESIAN_POINT('',(0.12247,-0.00553577330131864,0.0295869084876202));
#6972=CARTESIAN_POINT('',(0.12265,-0.00553577330131864,0.0295869084876202));
#6973=CARTESIAN_POINT('',(0.12265,-0.00549475437049022,0.0296357902207196));
#6974=CARTESIAN_POINT('',(0.12247,-0.00549475437049022,0.0296357902207196));
#6975=CARTESIAN_POINT('',(0.12247,-0.00555785975529371,0.0296244330106857));
#6976=CARTESIAN_POINT('',(0.12265,-0.00555755845327824,0.0296244931546288));
#6977=CARTESIAN_POINT('',(0.12259,-0.00555755845327824,0.0296244931546288));
#6978=CARTESIAN_POINT('',(0.12253,-0.00555755845327824,0.0296244931546288));
#6979=CARTESIAN_POINT('',(0.12247,-0.00555755845327824,0.0296244931546288));
#6980=CARTESIAN_POINT('',(0.12265,-0.00521958881828611,0.0296946764713359));
#6981=CARTESIAN_POINT('',(0.12247,-0.00521958881828611,0.0296946764713359));
#6982=CARTESIAN_POINT('',(0.12247,-0.00556519186605644,0.0297061751514841));
#6983=CARTESIAN_POINT('',(0.12265,-0.00556519176434593,0.0297061782086868));
#6984=CARTESIAN_POINT('',(0.12265,-0.00521958881828614,0.0297176646600241));
#6985=CARTESIAN_POINT('',(0.12247,-0.00521958881828614,0.0297176646600241));
#6986=CARTESIAN_POINT('',(0.12247,-0.00555786950540789,0.0297879086412134));
#6987=CARTESIAN_POINT('',(0.122650000000001,-0.00555816174386686,0.0297879644491491));
#6988=CARTESIAN_POINT('',(0.122590000000001,-0.00555816174386686,0.0297879644491491));
#6989=CARTESIAN_POINT('',(0.122530000000001,-0.00555816174386686,0.0297879644491491));
#6990=CARTESIAN_POINT('',(0.122470000000001,-0.00555816174386686,0.0297879644491491));
#6991=CARTESIAN_POINT('',(0.12265,-0.0054921418088934,0.0297756916298131));
#6992=CARTESIAN_POINT('',(0.12247,-0.0054921418088934,0.0297756916298131));
#6993=CARTESIAN_POINT('',(0.12247,-0.00553565823738806,0.0298260505753136));
#6994=CARTESIAN_POINT('',(0.12265,-0.00553565823738806,0.0298260505753136));
#6995=CARTESIAN_POINT('',(0.12265,-0.00549789403056691,0.029760387526431));
#6996=CARTESIAN_POINT('',(0.12247,-0.00549789403056691,0.029760387526431));
#6997=CARTESIAN_POINT('',(0.12247,-0.00549789403056691,0.02983613560433));
#6998=CARTESIAN_POINT('',(0.12265,-0.00549789403056691,0.02983613560433));
#6999=CARTESIAN_POINT('',(0.12265,-0.00533862823041552,0.02983613560433));
#7000=CARTESIAN_POINT('',(0.12247,-0.00533862823041552,0.02983613560433));
#7001=CARTESIAN_POINT('',(0.12247,-0.00518436377944006,0.02983613560433));
#7002=CARTESIAN_POINT('',(0.12265,-0.00518436377944006,0.02983613560433));
#7003=CARTESIAN_POINT('',(0.12265,-0.00518436377944006,0.0299902159688484));
#7004=CARTESIAN_POINT('',(0.12247,-0.00518436377944006,0.0299902159688484));
#7005=CARTESIAN_POINT('',(0.12247,-0.00518436377944006,0.0301494158845096));
#7006=CARTESIAN_POINT('',(0.1225599998875,-0.00518436377944006,0.0301494158845096));
#7007=CARTESIAN_POINT('',(0.1225599998875,-0.00510861577806734,0.0301494158845096));
#7008=CARTESIAN_POINT('',(0.12247,-0.00510861577806734,0.0301494158845096));
#7009=CARTESIAN_POINT('',(0.12247,-0.00517416279166775,0.0301873809832193));
#7010=CARTESIAN_POINT('',(0.12265,-0.00517416279166775,0.0301873809832193));
#7011=CARTESIAN_POINT('',(0.12265,-0.0051246162383322,0.0301449373504365));
#7012=CARTESIAN_POINT('',(0.12247,-0.0051246162383322,0.0301449373504365));
#7013=CARTESIAN_POINT('',(0.12247,-0.00513613636439268,0.030209452878885));
#7014=CARTESIAN_POINT('',(0.12265,-0.00513607956642115,0.0302091628517608));
#7015=CARTESIAN_POINT('',(0.12259,-0.00513607956642115,0.0302091628517608));
#7016=CARTESIAN_POINT('',(0.12253,-0.00513607956642115,0.0302091628517608));
#7017=CARTESIAN_POINT('',(0.12247,-0.00513607956642115,0.0302091628517608));
#7018=CARTESIAN_POINT('',(0.12265,-0.00506590150375948,0.0298625960620863));
#7019=CARTESIAN_POINT('',(0.12247,-0.00506590150375948,0.0298625960620863));
#7020=CARTESIAN_POINT('',(0.12247,-0.00505439472757056,0.0302166008486132));
#7021=CARTESIAN_POINT('',(0.12265,-0.00505439144402727,0.0302166007418863));
#7022=CARTESIAN_POINT('',(0.12265,-0.0050428959778207,0.0298625960620863));
#7023=CARTESIAN_POINT('',(0.12247,-0.0050428959778207,0.0298625960620863));
#7024=CARTESIAN_POINT('',(0.05884,-0.005,0.038));
#7025=CARTESIAN_POINT('',(0.05884,-0.005,0.038));
#7026=CARTESIAN_POINT('',(0.05884,-0.00724083669716969,0.0434038089248805));
#7027=CARTESIAN_POINT('',(0.12247,-0.005,0.038));
#7028=CARTESIAN_POINT('',(0.05857,-0.005,0.038));
#7029=CARTESIAN_POINT('',(0.05857,-0.00724083669716969,0.0434038089248805));
#7030=CARTESIAN_POINT('',(0.05857,-0.005,0.038));
#7031=CARTESIAN_POINT('',(0.05857,-0.005,0.038));
#7032=CARTESIAN_POINT('',(0.05857,0.00331355219212377,0.0414474410725688));
#7033=CARTESIAN_POINT('',(0.1222,-0.0032762794637156,0.03384322390397));
#7034=CARTESIAN_POINT('',(0.1222,-0.005,0.038));
#7035=CARTESIAN_POINT('',(0.1222,-0.00662202535562693,0.0419115367506209));
#7036=CARTESIAN_POINT('',(0.12193,-0.005,0.038));
#7037=CARTESIAN_POINT('',(0.121957,-0.005,0.038));
#7038=CARTESIAN_POINT('',(0.121957,-0.00327506982765193,0.0338403068497123));
#7039=CARTESIAN_POINT('',(0.12202,-0.005,0.038));
#7040=CARTESIAN_POINT('',(0.12202,-0.005,0.038));
#7041=CARTESIAN_POINT('',(0.12202,-0.007206362286444,0.0433206734029592));
#7042=CARTESIAN_POINT('',(0.12202,-0.0027936377135555,0.03267932659706));
#7043=CARTESIAN_POINT('',(0.12202,-0.005,0.038));
#7044=CARTESIAN_POINT('',(0.12202,-0.007757952858055,0.044650841753699));
#7045=CARTESIAN_POINT('',(0.12247,-0.005,0.038));
#7046=CARTESIAN_POINT('',(0.12247,-0.005,0.038));
#7047=CARTESIAN_POINT('',(0.12247,-0.007757952858055,0.044650841753699));
#7048=CARTESIAN_POINT('',(0.12247,-0.005,0.038));
#7049=CARTESIAN_POINT('',(0.12247,-0.005,0.038));
#7050=CARTESIAN_POINT('',(0.12247,0.00331355219212377,0.0414474410725688));
#7051=CARTESIAN_POINT('',(0.12202,-0.005,0.038));
#7052=CARTESIAN_POINT('',(0.12202,-0.005,0.038));
#7053=CARTESIAN_POINT('',(0.12202,0.00372922980172996,0.0416198131261972));
#7054=CARTESIAN_POINT('',(0.05902,-0.005,0.038));
#7055=CARTESIAN_POINT('',(0.05902,-0.005,0.038));
#7056=CARTESIAN_POINT('',(0.05902,-0.01372922980173,0.0343801868738028));
#7057=CARTESIAN_POINT('',(0.12247,-0.005,0.038));
#7058=CARTESIAN_POINT('',(8.68881930687427E-6,-0.0538108853785627,-0.100814368056816));
#7059=CARTESIAN_POINT('',(0.,0.,0.));
#7060=CARTESIAN_POINT('',(-0.0273618853597818,-0.0159003527806767,0.0216921788136778));
#7061=CARTESIAN_POINT('',(-0.0223616100908343,-0.0538985783307188,-0.100807821186322));
#7062=CARTESIAN_POINT('',(-0.0273616100908342,-0.0158985783307187,-0.0423078211863222));
#7063=CARTESIAN_POINT('',(0.,0.,0.));
#7064=CARTESIAN_POINT('',(0.0225276806115088,-0.0537991634665363,-0.100921639799637));
#7065=CARTESIAN_POINT('',(0.0175276806115088,-0.0157991634665363,-0.0424216397996363));
#7066=CARTESIAN_POINT('',(0.0175274053425613,-0.0158009379164941,0.0215783602003636));
#7067=CARTESIAN_POINT('',(0.,0.,0.));
#7068=CARTESIAN_POINT('',(0.0450689580737529,-0.0536223946823113,-0.101086147546333));
#7069=CARTESIAN_POINT('',(0.0400686828048053,-0.0156241691322692,0.0214138524536672));
#7070=CARTESIAN_POINT('',(0.0400689580737529,-0.0156223946823113,-0.0425861475463328));
#7071=CARTESIAN_POINT('',(0.,0.,0.));
#7072=CARTESIAN_POINT('',(0.,0.,0.));
#7073=CARTESIAN_POINT('',(-0.0274383375347677,0.00656669251040295,-0.0423337482450693));
#7074=CARTESIAN_POINT('',(-0.0224383375347678,-0.0314333074895971,-0.100833748245069));
#7075=CARTESIAN_POINT('',(-0.0274386128037153,0.00656491806044504,0.0216662517549308));
#7076=CARTESIAN_POINT('',(0.,0.,0.));
#7077=CARTESIAN_POINT('',(-0.0050683138935742,0.00665261101260112,0.0216597048844374));
#7078=CARTESIAN_POINT('',(-0.00506803862462662,0.00665438546255902,-0.0423402951155626));
#7079=CARTESIAN_POINT('',(-6.80386246266116E-5,-0.031345614537441,-0.100840295115563));
#7080=CARTESIAN_POINT('',(0.,0.,0.));
#7081=CARTESIAN_POINT('',(0.0224509531675754,-0.0313338926254146,-0.100947566858384));
#7082=CARTESIAN_POINT('',(0.0174509531675754,0.00666610737458542,-0.0424475668583834));
#7083=CARTESIAN_POINT('',(0.0174506778986278,0.00666433292462752,0.0215524331416166));
#7084=CARTESIAN_POINT('',(0.,0.,0.));
#7085=CARTESIAN_POINT('',(0.0399922306298193,0.00684287615881041,-0.0426120746050799));
#7086=CARTESIAN_POINT('',(0.0449922306298194,-0.0311571238411896,-0.10111207460508));
#7087=CARTESIAN_POINT('',(0.0399919553608718,0.00684110170885251,0.0213879253949202));
#7088=CARTESIAN_POINT('',(0.,0.,0.));
#7089=CARTESIAN_POINT('',(0.,0.,0.));
#7090=CARTESIAN_POINT('',(-0.0274502166335555,-0.0382658929525249,-0.0425681715053203));
#7091=CARTESIAN_POINT('',(-0.0274504919025031,-0.0382676674024828,0.0214318284946797));
#7092=CARTESIAN_POINT('',(-0.0224502166335557,-0.0762658929525251,-0.10106817150532));
#7093=CARTESIAN_POINT('',(0.,0.,0.));
#7094=CARTESIAN_POINT('',(0.0174387987998399,-0.0381682525383003,0.0213180098813655));
#7095=CARTESIAN_POINT('',(0.0224390740687875,-0.0761664780883426,-0.101181990118635));
#7096=CARTESIAN_POINT('',(0.0174390740687875,-0.0381664780883424,-0.0426819901186344));
#7097=CARTESIAN_POINT('',(0.,0.,0.));
#7098=CARTESIAN_POINT('',(-7.99177234145159E-5,-0.076178200000369,-0.101074718375814));
#7099=CARTESIAN_POINT('',(-0.00507991772341452,-0.0381782000003688,-0.0425747183758136));
#7100=CARTESIAN_POINT('',(-0.0050801929923621,-0.0381799744503267,0.0214252816241863));
#7101=CARTESIAN_POINT('',(0.,0.,0.));
#7102=CARTESIAN_POINT('',(0.0399800762620839,-0.0379914837540753,0.0211535021346691));
#7103=CARTESIAN_POINT('',(0.0399803515310315,-0.0379897093041174,-0.0428464978653309));
#7104=CARTESIAN_POINT('',(0.0449803515310315,-0.0759897093041176,-0.101346497865331));
#7105=CARTESIAN_POINT('',(0.,0.,0.));
#7106=CARTESIAN_POINT('',(0.,0.,0.));
#7107=CARTESIAN_POINT('',(-0.00498172833482645,0.0289434811146624,-0.0423375092002865));
#7108=CARTESIAN_POINT('',(1.82716651735558E-5,-0.00905651888533755,-0.100837509200287));
#7109=CARTESIAN_POINT('',(-0.00498200360377403,0.0289417066647045,0.0216624907997134));
#7110=CARTESIAN_POINT('',(0.,0.,0.));
#7111=CARTESIAN_POINT('',(0.0225372634573755,-0.00904479697331115,-0.100944780943108));
#7112=CARTESIAN_POINT('',(0.0175372634573756,0.0289552030266888,-0.0424447809431073));
#7113=CARTESIAN_POINT('',(0.017536988188428,0.028953428576731,0.0215552190568926));
#7114=CARTESIAN_POINT('',(0.,0.,0.));
#7115=CARTESIAN_POINT('',(-0.0273523025139151,0.0288540137125484,0.0216690376702067));
#7116=CARTESIAN_POINT('',(-0.0273520272449675,0.0288557881625064,-0.0423309623297932));
#7117=CARTESIAN_POINT('',(-0.0223520272449675,-0.00914421183749366,-0.100830962329793));
#7118=CARTESIAN_POINT('',(0.,0.,0.));
#7119=CARTESIAN_POINT('',(0.040078265650672,0.0291301973609559,0.0213907113101961));
#7120=CARTESIAN_POINT('',(0.0400785409196195,0.0291319718109138,-0.0426092886898038));
#7121=CARTESIAN_POINT('',(0.0450785409196195,-0.00886802818908617,-0.101109288689804));
#7122=CARTESIAN_POINT('',(0.,0.,0.));
#7123=CARTESIAN_POINT('',(0.,0.,0.));
#7124=CARTESIAN_POINT('',(0.,0.,0.));
#7125=MECHANICAL_DESIGN_GEOMETRIC_PRESENTATION_REPRESENTATION('',(#3907,
#3908,#3909,#3910,#14,#15,#16,#17),#7126);
#7126=(
GEOMETRIC_REPRESENTATION_CONTEXT(3)
GLOBAL_UNCERTAINTY_ASSIGNED_CONTEXT((#7152))
GLOBAL_UNIT_ASSIGNED_CONTEXT((#7180,#7179,#7178))
REPRESENTATION_CONTEXT('EVBatteryPack','TOP_LEVEL_ASSEMBLY_PART')
);
#7127=(
GEOMETRIC_REPRESENTATION_CONTEXT(3)
GLOBAL_UNCERTAINTY_ASSIGNED_CONTEXT((#7153))
GLOBAL_UNIT_ASSIGNED_CONTEXT((#7180,#7179,#7178))
REPRESENTATION_CONTEXT('Part 1','COMPONENT_PART')
);
#7128=(
GEOMETRIC_REPRESENTATION_CONTEXT(3)
GLOBAL_UNCERTAINTY_ASSIGNED_CONTEXT((#7154))
GLOBAL_UNIT_ASSIGNED_CONTEXT((#7180,#7179,#7178))
REPRESENTATION_CONTEXT('Part 1','COMPONENT_PART')
);
#7129=(
GEOMETRIC_REPRESENTATION_CONTEXT(3)
GLOBAL_UNCERTAINTY_ASSIGNED_CONTEXT((#7155))
GLOBAL_UNIT_ASSIGNED_CONTEXT((#7180,#7179,#7178))
REPRESENTATION_CONTEXT('Assembly 1 <1>','COMPONENT_PART')
);
#7130=(
GEOMETRIC_REPRESENTATION_CONTEXT(3)
GLOBAL_UNCERTAINTY_ASSIGNED_CONTEXT((#7156))
GLOBAL_UNIT_ASSIGNED_CONTEXT((#7180,#7179,#7178))
REPRESENTATION_CONTEXT('4-Cells <2>','COMPONENT_PART')
);
#7131=(
GEOMETRIC_REPRESENTATION_CONTEXT(3)
GLOBAL_UNCERTAINTY_ASSIGNED_CONTEXT((#7157))
GLOBAL_UNIT_ASSIGNED_CONTEXT((#7180,#7179,#7178))
REPRESENTATION_CONTEXT('Z Sub Assembly <2>','COMPONENT_PART')
);
#7132=(
GEOMETRIC_REPRESENTATION_CONTEXT(3)
GLOBAL_UNCERTAINTY_ASSIGNED_CONTEXT((#7158))
GLOBAL_UNIT_ASSIGNED_CONTEXT((#7180,#7179,#7178))
REPRESENTATION_CONTEXT('Part 1','COMPONENT_PART')
);
#7133=(
GEOMETRIC_REPRESENTATION_CONTEXT(3)
GLOBAL_UNCERTAINTY_ASSIGNED_CONTEXT((#7159))
GLOBAL_UNIT_ASSIGNED_CONTEXT((#7180,#7179,#7178))
REPRESENTATION_CONTEXT('CELL-21700','COMPONENT_PART')
);
#7134=(
GEOMETRIC_REPRESENTATION_CONTEXT(3)
GLOBAL_UNCERTAINTY_ASSIGNED_CONTEXT((#7160))
GLOBAL_UNIT_ASSIGNED_CONTEXT((#7180,#7179,#7178))
REPRESENTATION_CONTEXT('Z Sub Assembly <1>','COMPONENT_PART')
);
#7135=(
GEOMETRIC_REPRESENTATION_CONTEXT(3)
GLOBAL_UNCERTAINTY_ASSIGNED_CONTEXT((#7161))
GLOBAL_UNIT_ASSIGNED_CONTEXT((#7180,#7179,#7178))
REPRESENTATION_CONTEXT('Z Sub Assembly <3>','COMPONENT_PART')
);
#7136=(
GEOMETRIC_REPRESENTATION_CONTEXT(3)
GLOBAL_UNCERTAINTY_ASSIGNED_CONTEXT((#7162))
GLOBAL_UNIT_ASSIGNED_CONTEXT((#7180,#7179,#7178))
REPRESENTATION_CONTEXT('Z Sub Assembly <4>','COMPONENT_PART')
);
#7137=(
GEOMETRIC_REPRESENTATION_CONTEXT(3)
GLOBAL_UNCERTAINTY_ASSIGNED_CONTEXT((#7163))
GLOBAL_UNIT_ASSIGNED_CONTEXT((#7180,#7179,#7178))
REPRESENTATION_CONTEXT('4-Cells <3>','COMPONENT_PART')
);
#7138=(
GEOMETRIC_REPRESENTATION_CONTEXT(3)
GLOBAL_UNCERTAINTY_ASSIGNED_CONTEXT((#7164))
GLOBAL_UNIT_ASSIGNED_CONTEXT((#7180,#7179,#7178))
REPRESENTATION_CONTEXT('Z Sub Assembly <1>','COMPONENT_PART')
);
#7139=(
GEOMETRIC_REPRESENTATION_CONTEXT(3)
GLOBAL_UNCERTAINTY_ASSIGNED_CONTEXT((#7165))
GLOBAL_UNIT_ASSIGNED_CONTEXT((#7180,#7179,#7178))
REPRESENTATION_CONTEXT('Z Sub Assembly <2>','COMPONENT_PART')
);
#7140=(
GEOMETRIC_REPRESENTATION_CONTEXT(3)
GLOBAL_UNCERTAINTY_ASSIGNED_CONTEXT((#7166))
GLOBAL_UNIT_ASSIGNED_CONTEXT((#7180,#7179,#7178))
REPRESENTATION_CONTEXT('Z Sub Assembly <3>','COMPONENT_PART')
);
#7141=(
GEOMETRIC_REPRESENTATION_CONTEXT(3)
GLOBAL_UNCERTAINTY_ASSIGNED_CONTEXT((#7167))
GLOBAL_UNIT_ASSIGNED_CONTEXT((#7180,#7179,#7178))
REPRESENTATION_CONTEXT('Z Sub Assembly <4>','COMPONENT_PART')
);
#7142=(
GEOMETRIC_REPRESENTATION_CONTEXT(3)
GLOBAL_UNCERTAINTY_ASSIGNED_CONTEXT((#7168))
GLOBAL_UNIT_ASSIGNED_CONTEXT((#7180,#7179,#7178))
REPRESENTATION_CONTEXT('4-Cells <1>','COMPONENT_PART')
);
#7143=(
GEOMETRIC_REPRESENTATION_CONTEXT(3)
GLOBAL_UNCERTAINTY_ASSIGNED_CONTEXT((#7169))
GLOBAL_UNIT_ASSIGNED_CONTEXT((#7180,#7179,#7178))
REPRESENTATION_CONTEXT('Z Sub Assembly <1>','COMPONENT_PART')
);
#7144=(
GEOMETRIC_REPRESENTATION_CONTEXT(3)
GLOBAL_UNCERTAINTY_ASSIGNED_CONTEXT((#7170))
GLOBAL_UNIT_ASSIGNED_CONTEXT((#7180,#7179,#7178))
REPRESENTATION_CONTEXT('Z Sub Assembly <3>','COMPONENT_PART')
);
#7145=(
GEOMETRIC_REPRESENTATION_CONTEXT(3)
GLOBAL_UNCERTAINTY_ASSIGNED_CONTEXT((#7171))
GLOBAL_UNIT_ASSIGNED_CONTEXT((#7180,#7179,#7178))
REPRESENTATION_CONTEXT('Z Sub Assembly <2>','COMPONENT_PART')
);
#7146=(
GEOMETRIC_REPRESENTATION_CONTEXT(3)
GLOBAL_UNCERTAINTY_ASSIGNED_CONTEXT((#7172))
GLOBAL_UNIT_ASSIGNED_CONTEXT((#7180,#7179,#7178))
REPRESENTATION_CONTEXT('Z Sub Assembly <4>','COMPONENT_PART')
);
#7147=(
GEOMETRIC_REPRESENTATION_CONTEXT(3)
GLOBAL_UNCERTAINTY_ASSIGNED_CONTEXT((#7173))
GLOBAL_UNIT_ASSIGNED_CONTEXT((#7180,#7179,#7178))
REPRESENTATION_CONTEXT('4-Cells <4>','COMPONENT_PART')
);
#7148=(
GEOMETRIC_REPRESENTATION_CONTEXT(3)
GLOBAL_UNCERTAINTY_ASSIGNED_CONTEXT((#7174))
GLOBAL_UNIT_ASSIGNED_CONTEXT((#7180,#7179,#7178))
REPRESENTATION_CONTEXT('Z Sub Assembly <2>','COMPONENT_PART')
);
#7149=(
GEOMETRIC_REPRESENTATION_CONTEXT(3)
GLOBAL_UNCERTAINTY_ASSIGNED_CONTEXT((#7175))
GLOBAL_UNIT_ASSIGNED_CONTEXT((#7180,#7179,#7178))
REPRESENTATION_CONTEXT('Z Sub Assembly <3>','COMPONENT_PART')
);
#7150=(
GEOMETRIC_REPRESENTATION_CONTEXT(3)
GLOBAL_UNCERTAINTY_ASSIGNED_CONTEXT((#7176))
GLOBAL_UNIT_ASSIGNED_CONTEXT((#7180,#7179,#7178))
REPRESENTATION_CONTEXT('Z Sub Assembly <1>','COMPONENT_PART')
);
#7151=(
GEOMETRIC_REPRESENTATION_CONTEXT(3)
GLOBAL_UNCERTAINTY_ASSIGNED_CONTEXT((#7177))
GLOBAL_UNIT_ASSIGNED_CONTEXT((#7180,#7179,#7178))
REPRESENTATION_CONTEXT('Z Sub Assembly <4>','COMPONENT_PART')
);
#7152=UNCERTAINTY_MEASURE_WITH_UNIT(LENGTH_MEASURE(1.E-8),#7180,
'DISTANCE_ACCURACY_VALUE','Maximum Tolerance applied to model');
#7153=UNCERTAINTY_MEASURE_WITH_UNIT(LENGTH_MEASURE(1.E-8),#7180,
'DISTANCE_ACCURACY_VALUE','Maximum Tolerance applied to model');
#7154=UNCERTAINTY_MEASURE_WITH_UNIT(LENGTH_MEASURE(1.E-8),#7180,
'DISTANCE_ACCURACY_VALUE','Maximum Tolerance applied to model');
#7155=UNCERTAINTY_MEASURE_WITH_UNIT(LENGTH_MEASURE(1.E-8),#7180,
'DISTANCE_ACCURACY_VALUE','Maximum Tolerance applied to model');
#7156=UNCERTAINTY_MEASURE_WITH_UNIT(LENGTH_MEASURE(1.E-8),#7180,
'DISTANCE_ACCURACY_VALUE','Maximum Tolerance applied to model');
#7157=UNCERTAINTY_MEASURE_WITH_UNIT(LENGTH_MEASURE(1.E-8),#7180,
'DISTANCE_ACCURACY_VALUE','Maximum Tolerance applied to model');
#7158=UNCERTAINTY_MEASURE_WITH_UNIT(LENGTH_MEASURE(1.E-8),#7180,
'DISTANCE_ACCURACY_VALUE','Maximum Tolerance applied to model');
#7159=UNCERTAINTY_MEASURE_WITH_UNIT(LENGTH_MEASURE(2.E-5),#7180,
'DISTANCE_ACCURACY_VALUE','Maximum Tolerance applied to model');
#7160=UNCERTAINTY_MEASURE_WITH_UNIT(LENGTH_MEASURE(1.E-8),#7180,
'DISTANCE_ACCURACY_VALUE','Maximum Tolerance applied to model');
#7161=UNCERTAINTY_MEASURE_WITH_UNIT(LENGTH_MEASURE(1.E-8),#7180,
'DISTANCE_ACCURACY_VALUE','Maximum Tolerance applied to model');
#7162=UNCERTAINTY_MEASURE_WITH_UNIT(LENGTH_MEASURE(1.E-8),#7180,
'DISTANCE_ACCURACY_VALUE','Maximum Tolerance applied to model');
#7163=UNCERTAINTY_MEASURE_WITH_UNIT(LENGTH_MEASURE(1.E-8),#7180,
'DISTANCE_ACCURACY_VALUE','Maximum Tolerance applied to model');
#7164=UNCERTAINTY_MEASURE_WITH_UNIT(LENGTH_MEASURE(1.E-8),#7180,
'DISTANCE_ACCURACY_VALUE','Maximum Tolerance applied to model');
#7165=UNCERTAINTY_MEASURE_WITH_UNIT(LENGTH_MEASURE(1.E-8),#7180,
'DISTANCE_ACCURACY_VALUE','Maximum Tolerance applied to model');
#7166=UNCERTAINTY_MEASURE_WITH_UNIT(LENGTH_MEASURE(1.E-8),#7180,
'DISTANCE_ACCURACY_VALUE','Maximum Tolerance applied to model');
#7167=UNCERTAINTY_MEASURE_WITH_UNIT(LENGTH_MEASURE(1.E-8),#7180,
'DISTANCE_ACCURACY_VALUE','Maximum Tolerance applied to model');
#7168=UNCERTAINTY_MEASURE_WITH_UNIT(LENGTH_MEASURE(1.E-8),#7180,
'DISTANCE_ACCURACY_VALUE','Maximum Tolerance applied to model');
#7169=UNCERTAINTY_MEASURE_WITH_UNIT(LENGTH_MEASURE(1.E-8),#7180,
'DISTANCE_ACCURACY_VALUE','Maximum Tolerance applied to model');
#7170=UNCERTAINTY_MEASURE_WITH_UNIT(LENGTH_MEASURE(1.E-8),#7180,
'DISTANCE_ACCURACY_VALUE','Maximum Tolerance applied to model');
#7171=UNCERTAINTY_MEASURE_WITH_UNIT(LENGTH_MEASURE(1.E-8),#7180,
'DISTANCE_ACCURACY_VALUE','Maximum Tolerance applied to model');
#7172=UNCERTAINTY_MEASURE_WITH_UNIT(LENGTH_MEASURE(1.E-8),#7180,
'DISTANCE_ACCURACY_VALUE','Maximum Tolerance applied to model');
#7173=UNCERTAINTY_MEASURE_WITH_UNIT(LENGTH_MEASURE(1.E-8),#7180,
'DISTANCE_ACCURACY_VALUE','Maximum Tolerance applied to model');
#7174=UNCERTAINTY_MEASURE_WITH_UNIT(LENGTH_MEASURE(1.E-8),#7180,
'DISTANCE_ACCURACY_VALUE','Maximum Tolerance applied to model');
#7175=UNCERTAINTY_MEASURE_WITH_UNIT(LENGTH_MEASURE(1.E-8),#7180,
'DISTANCE_ACCURACY_VALUE','Maximum Tolerance applied to model');
#7176=UNCERTAINTY_MEASURE_WITH_UNIT(LENGTH_MEASURE(1.E-8),#7180,
'DISTANCE_ACCURACY_VALUE','Maximum Tolerance applied to model');
#7177=UNCERTAINTY_MEASURE_WITH_UNIT(LENGTH_MEASURE(1.E-8),#7180,
'DISTANCE_ACCURACY_VALUE','Maximum Tolerance applied to model');
#7178=(
NAMED_UNIT(*)
SI_UNIT($,.STERADIAN.)
SOLID_ANGLE_UNIT()
);
#7179=(
NAMED_UNIT(*)
PLANE_ANGLE_UNIT()
SI_UNIT($,.RADIAN.)
);
#7180=(
LENGTH_UNIT()
NAMED_UNIT(*)
SI_UNIT($,.METRE.)
);
#7181=PRODUCT_DEFINITION_SHAPE('','',#7278);
#7182=PRODUCT_DEFINITION_SHAPE('','',#7279);
#7183=PRODUCT_DEFINITION_SHAPE(' ','NAUO PRDDFN',#121);
#7184=PRODUCT_DEFINITION_SHAPE('','',#7280);
#7185=PRODUCT_DEFINITION_SHAPE(' ','NAUO PRDDFN',#122);
#7186=PRODUCT_DEFINITION_SHAPE('','',#7281);
#7187=PRODUCT_DEFINITION_SHAPE('','',#7282);
#7188=PRODUCT_DEFINITION_SHAPE('','',#7283);
#7189=PRODUCT_DEFINITION_SHAPE('','',#7284);
#7190=PRODUCT_DEFINITION_SHAPE(' ','NAUO PRDDFN',#123);
#7191=PRODUCT_DEFINITION_SHAPE(' ','NAUO PRDDFN',#124);
#7192=PRODUCT_DEFINITION_SHAPE('','',#7285);
#7193=PRODUCT_DEFINITION_SHAPE(' ','NAUO PRDDFN',#125);
#7194=PRODUCT_DEFINITION_SHAPE(' ','NAUO PRDDFN',#126);
#7195=PRODUCT_DEFINITION_SHAPE('','',#7286);
#7196=PRODUCT_DEFINITION_SHAPE(' ','NAUO PRDDFN',#127);
#7197=PRODUCT_DEFINITION_SHAPE(' ','NAUO PRDDFN',#128);
#7198=PRODUCT_DEFINITION_SHAPE(' ','NAUO PRDDFN',#129);
#7199=PRODUCT_DEFINITION_SHAPE(' ','NAUO PRDDFN',#130);
#7200=PRODUCT_DEFINITION_SHAPE('','',#7287);
#7201=PRODUCT_DEFINITION_SHAPE(' ','NAUO PRDDFN',#131);
#7202=PRODUCT_DEFINITION_SHAPE(' ','NAUO PRDDFN',#132);
#7203=PRODUCT_DEFINITION_SHAPE(' ','NAUO PRDDFN',#133);
#7204=PRODUCT_DEFINITION_SHAPE(' ','NAUO PRDDFN',#134);
#7205=PRODUCT_DEFINITION_SHAPE('','',#7288);
#7206=PRODUCT_DEFINITION_SHAPE(' ','NAUO PRDDFN',#135);
#7207=PRODUCT_DEFINITION_SHAPE(' ','NAUO PRDDFN',#136);
#7208=PRODUCT_DEFINITION_SHAPE(' ','NAUO PRDDFN',#137);
#7209=PRODUCT_DEFINITION_SHAPE(' ','NAUO PRDDFN',#138);
#7210=PRODUCT_DEFINITION_SHAPE(' ','NAUO PRDDFN',#139);
#7211=PRODUCT_DEFINITION_SHAPE('','',#7289);
#7212=PRODUCT_DEFINITION_SHAPE('','',#7290);
#7213=PRODUCT_DEFINITION_SHAPE(' ','NAUO PRDDFN',#140);
#7214=PRODUCT_DEFINITION_SHAPE(' ','NAUO PRDDFN',#141);
#7215=PRODUCT_DEFINITION_SHAPE(' ','NAUO PRDDFN',#142);
#7216=PRODUCT_DEFINITION_SHAPE(' ','NAUO PRDDFN',#143);
#7217=PRODUCT_DEFINITION_SHAPE('','',#7291);
#7218=PRODUCT_DEFINITION_SHAPE(' ','NAUO PRDDFN',#144);
#7219=PRODUCT_DEFINITION_SHAPE(' ','NAUO PRDDFN',#145);
#7220=PRODUCT_DEFINITION_SHAPE(' ','NAUO PRDDFN',#146);
#7221=PRODUCT_DEFINITION_SHAPE(' ','NAUO PRDDFN',#147);
#7222=PRODUCT_DEFINITION_SHAPE('','',#7292);
#7223=PRODUCT_DEFINITION_SHAPE(' ','NAUO PRDDFN',#148);
#7224=PRODUCT_DEFINITION_SHAPE(' ','NAUO PRDDFN',#149);
#7225=PRODUCT_DEFINITION_SHAPE(' ','NAUO PRDDFN',#150);
#7226=PRODUCT_DEFINITION_SHAPE(' ','NAUO PRDDFN',#151);
#7227=PRODUCT_DEFINITION_SHAPE('','',#7293);
#7228=PRODUCT_DEFINITION_SHAPE(' ','NAUO PRDDFN',#152);
#7229=PRODUCT_DEFINITION_SHAPE(' ','NAUO PRDDFN',#153);
#7230=PRODUCT_DEFINITION_SHAPE(' ','NAUO PRDDFN',#154);
#7231=PRODUCT_DEFINITION_SHAPE(' ','NAUO PRDDFN',#155);
#7232=PRODUCT_DEFINITION_SHAPE(' ','NAUO PRDDFN',#156);
#7233=PRODUCT_DEFINITION_SHAPE('','',#7294);
#7234=PRODUCT_DEFINITION_SHAPE('','',#7295);
#7235=PRODUCT_DEFINITION_SHAPE(' ','NAUO PRDDFN',#157);
#7236=PRODUCT_DEFINITION_SHAPE(' ','NAUO PRDDFN',#158);
#7237=PRODUCT_DEFINITION_SHAPE(' ','NAUO PRDDFN',#159);
#7238=PRODUCT_DEFINITION_SHAPE(' ','NAUO PRDDFN',#160);
#7239=PRODUCT_DEFINITION_SHAPE('','',#7296);
#7240=PRODUCT_DEFINITION_SHAPE(' ','NAUO PRDDFN',#161);
#7241=PRODUCT_DEFINITION_SHAPE(' ','NAUO PRDDFN',#162);
#7242=PRODUCT_DEFINITION_SHAPE(' ','NAUO PRDDFN',#163);
#7243=PRODUCT_DEFINITION_SHAPE(' ','NAUO PRDDFN',#164);
#7244=PRODUCT_DEFINITION_SHAPE('','',#7297);
#7245=PRODUCT_DEFINITION_SHAPE(' ','NAUO PRDDFN',#165);
#7246=PRODUCT_DEFINITION_SHAPE(' ','NAUO PRDDFN',#166);
#7247=PRODUCT_DEFINITION_SHAPE(' ','NAUO PRDDFN',#167);
#7248=PRODUCT_DEFINITION_SHAPE(' ','NAUO PRDDFN',#168);
#7249=PRODUCT_DEFINITION_SHAPE('','',#7298);
#7250=PRODUCT_DEFINITION_SHAPE(' ','NAUO PRDDFN',#169);
#7251=PRODUCT_DEFINITION_SHAPE(' ','NAUO PRDDFN',#170);
#7252=PRODUCT_DEFINITION_SHAPE(' ','NAUO PRDDFN',#171);
#7253=PRODUCT_DEFINITION_SHAPE(' ','NAUO PRDDFN',#172);
#7254=PRODUCT_DEFINITION_SHAPE(' ','NAUO PRDDFN',#173);
#7255=PRODUCT_DEFINITION_SHAPE('','',#7299);
#7256=PRODUCT_DEFINITION_SHAPE('','',#7300);
#7257=PRODUCT_DEFINITION_SHAPE(' ','NAUO PRDDFN',#174);
#7258=PRODUCT_DEFINITION_SHAPE(' ','NAUO PRDDFN',#175);
#7259=PRODUCT_DEFINITION_SHAPE(' ','NAUO PRDDFN',#176);
#7260=PRODUCT_DEFINITION_SHAPE(' ','NAUO PRDDFN',#177);
#7261=PRODUCT_DEFINITION_SHAPE('','',#7301);
#7262=PRODUCT_DEFINITION_SHAPE(' ','NAUO PRDDFN',#178);
#7263=PRODUCT_DEFINITION_SHAPE(' ','NAUO PRDDFN',#179);
#7264=PRODUCT_DEFINITION_SHAPE(' ','NAUO PRDDFN',#180);
#7265=PRODUCT_DEFINITION_SHAPE(' ','NAUO PRDDFN',#181);
#7266=PRODUCT_DEFINITION_SHAPE('','',#7302);
#7267=PRODUCT_DEFINITION_SHAPE(' ','NAUO PRDDFN',#182);
#7268=PRODUCT_DEFINITION_SHAPE(' ','NAUO PRDDFN',#183);
#7269=PRODUCT_DEFINITION_SHAPE(' ','NAUO PRDDFN',#184);
#7270=PRODUCT_DEFINITION_SHAPE(' ','NAUO PRDDFN',#185);
#7271=PRODUCT_DEFINITION_SHAPE('','',#7303);
#7272=PRODUCT_DEFINITION_SHAPE(' ','NAUO PRDDFN',#186);
#7273=PRODUCT_DEFINITION_SHAPE(' ','NAUO PRDDFN',#187);
#7274=PRODUCT_DEFINITION_SHAPE(' ','NAUO PRDDFN',#188);
#7275=PRODUCT_DEFINITION_SHAPE(' ','NAUO PRDDFN',#189);
#7276=PRODUCT_DEFINITION_SHAPE(' ','NAUO PRDDFN',#190);
#7277=PRODUCT_DEFINITION_SHAPE(' ','NAUO PRDDFN',#191);
#7278=PRODUCT_DEFINITION('','',#7330,#7304);
#7279=PRODUCT_DEFINITION('','',#7331,#7305);
#7280=PRODUCT_DEFINITION('','',#7332,#7306);
#7281=PRODUCT_DEFINITION('','',#7333,#7307);
#7282=PRODUCT_DEFINITION('','',#7334,#7308);
#7283=PRODUCT_DEFINITION('','',#7335,#7309);
#7284=PRODUCT_DEFINITION('','',#7336,#7310);
#7285=PRODUCT_DEFINITION('','',#7337,#7311);
#7286=PRODUCT_DEFINITION('','',#7338,#7312);
#7287=PRODUCT_DEFINITION('','',#7339,#7313);
#7288=PRODUCT_DEFINITION('','',#7340,#7314);
#7289=PRODUCT_DEFINITION('','',#7341,#7315);
#7290=PRODUCT_DEFINITION('','',#7342,#7316);
#7291=PRODUCT_DEFINITION('','',#7343,#7317);
#7292=PRODUCT_DEFINITION('','',#7344,#7318);
#7293=PRODUCT_DEFINITION('','',#7345,#7319);
#7294=PRODUCT_DEFINITION('','',#7346,#7320);
#7295=PRODUCT_DEFINITION('','',#7347,#7321);
#7296=PRODUCT_DEFINITION('','',#7348,#7322);
#7297=PRODUCT_DEFINITION('','',#7349,#7323);
#7298=PRODUCT_DEFINITION('','',#7350,#7324);
#7299=PRODUCT_DEFINITION('','',#7351,#7325);
#7300=PRODUCT_DEFINITION('','',#7352,#7326);
#7301=PRODUCT_DEFINITION('','',#7353,#7327);
#7302=PRODUCT_DEFINITION('','',#7354,#7328);
#7303=PRODUCT_DEFINITION('','',#7355,#7329);
#7304=PRODUCT_DEFINITION_CONTEXT('',#7461,'design');
#7305=PRODUCT_DEFINITION_CONTEXT('',#7461,'design');
#7306=PRODUCT_DEFINITION_CONTEXT('',#7461,'design');
#7307=PRODUCT_DEFINITION_CONTEXT('',#7461,'design');
#7308=PRODUCT_DEFINITION_CONTEXT('',#7461,'design');
#7309=PRODUCT_DEFINITION_CONTEXT('',#7461,'design');
#7310=PRODUCT_DEFINITION_CONTEXT('',#7461,'design');
#7311=PRODUCT_DEFINITION_CONTEXT('',#7461,'design');
#7312=PRODUCT_DEFINITION_CONTEXT('',#7461,'design');
#7313=PRODUCT_DEFINITION_CONTEXT('',#7461,'design');
#7314=PRODUCT_DEFINITION_CONTEXT('',#7461,'design');
#7315=PRODUCT_DEFINITION_CONTEXT('',#7461,'design');
#7316=PRODUCT_DEFINITION_CONTEXT('',#7461,'design');
#7317=PRODUCT_DEFINITION_CONTEXT('',#7461,'design');
#7318=PRODUCT_DEFINITION_CONTEXT('',#7461,'design');
#7319=PRODUCT_DEFINITION_CONTEXT('',#7461,'design');
#7320=PRODUCT_DEFINITION_CONTEXT('',#7461,'design');
#7321=PRODUCT_DEFINITION_CONTEXT('',#7461,'design');
#7322=PRODUCT_DEFINITION_CONTEXT('',#7461,'design');
#7323=PRODUCT_DEFINITION_CONTEXT('',#7461,'design');
#7324=PRODUCT_DEFINITION_CONTEXT('',#7461,'design');
#7325=PRODUCT_DEFINITION_CONTEXT('',#7461,'design');
#7326=PRODUCT_DEFINITION_CONTEXT('',#7461,'design');
#7327=PRODUCT_DEFINITION_CONTEXT('',#7461,'design');
#7328=PRODUCT_DEFINITION_CONTEXT('',#7461,'design');
#7329=PRODUCT_DEFINITION_CONTEXT('',#7461,'design');
#7330=PRODUCT_DEFINITION_FORMATION_WITH_SPECIFIED_SOURCE('','',#7382,
 .NOT_KNOWN.);
#7331=PRODUCT_DEFINITION_FORMATION_WITH_SPECIFIED_SOURCE('','',#7383,
 .NOT_KNOWN.);
#7332=PRODUCT_DEFINITION_FORMATION_WITH_SPECIFIED_SOURCE('','',#7384,
 .NOT_KNOWN.);
#7333=PRODUCT_DEFINITION_FORMATION_WITH_SPECIFIED_SOURCE('','',#7385,
 .NOT_KNOWN.);
#7334=PRODUCT_DEFINITION_FORMATION_WITH_SPECIFIED_SOURCE('','',#7386,
 .NOT_KNOWN.);
#7335=PRODUCT_DEFINITION_FORMATION_WITH_SPECIFIED_SOURCE('','',#7387,
 .NOT_KNOWN.);
#7336=PRODUCT_DEFINITION_FORMATION_WITH_SPECIFIED_SOURCE('','',#7388,
 .NOT_KNOWN.);
#7337=PRODUCT_DEFINITION_FORMATION_WITH_SPECIFIED_SOURCE('','',#7389,
 .NOT_KNOWN.);
#7338=PRODUCT_DEFINITION_FORMATION_WITH_SPECIFIED_SOURCE('','',#7390,
 .NOT_KNOWN.);
#7339=PRODUCT_DEFINITION_FORMATION_WITH_SPECIFIED_SOURCE('','',#7391,
 .NOT_KNOWN.);
#7340=PRODUCT_DEFINITION_FORMATION_WITH_SPECIFIED_SOURCE('','',#7392,
 .NOT_KNOWN.);
#7341=PRODUCT_DEFINITION_FORMATION_WITH_SPECIFIED_SOURCE('','',#7393,
 .NOT_KNOWN.);
#7342=PRODUCT_DEFINITION_FORMATION_WITH_SPECIFIED_SOURCE('','',#7394,
 .NOT_KNOWN.);
#7343=PRODUCT_DEFINITION_FORMATION_WITH_SPECIFIED_SOURCE('','',#7395,
 .NOT_KNOWN.);
#7344=PRODUCT_DEFINITION_FORMATION_WITH_SPECIFIED_SOURCE('','',#7396,
 .NOT_KNOWN.);
#7345=PRODUCT_DEFINITION_FORMATION_WITH_SPECIFIED_SOURCE('','',#7397,
 .NOT_KNOWN.);
#7346=PRODUCT_DEFINITION_FORMATION_WITH_SPECIFIED_SOURCE('','',#7398,
 .NOT_KNOWN.);
#7347=PRODUCT_DEFINITION_FORMATION_WITH_SPECIFIED_SOURCE('','',#7399,
 .NOT_KNOWN.);
#7348=PRODUCT_DEFINITION_FORMATION_WITH_SPECIFIED_SOURCE('','',#7400,
 .NOT_KNOWN.);
#7349=PRODUCT_DEFINITION_FORMATION_WITH_SPECIFIED_SOURCE('','',#7401,
 .NOT_KNOWN.);
#7350=PRODUCT_DEFINITION_FORMATION_WITH_SPECIFIED_SOURCE('','',#7402,
 .NOT_KNOWN.);
#7351=PRODUCT_DEFINITION_FORMATION_WITH_SPECIFIED_SOURCE('','',#7403,
 .NOT_KNOWN.);
#7352=PRODUCT_DEFINITION_FORMATION_WITH_SPECIFIED_SOURCE('','',#7404,
 .NOT_KNOWN.);
#7353=PRODUCT_DEFINITION_FORMATION_WITH_SPECIFIED_SOURCE('','',#7405,
 .NOT_KNOWN.);
#7354=PRODUCT_DEFINITION_FORMATION_WITH_SPECIFIED_SOURCE('','',#7406,
 .NOT_KNOWN.);
#7355=PRODUCT_DEFINITION_FORMATION_WITH_SPECIFIED_SOURCE('','',#7407,
 .NOT_KNOWN.);
#7356=PRODUCT_RELATED_PRODUCT_CATEGORY('','',(#7382));
#7357=PRODUCT_RELATED_PRODUCT_CATEGORY('','',(#7383));
#7358=PRODUCT_RELATED_PRODUCT_CATEGORY('','',(#7384));
#7359=PRODUCT_RELATED_PRODUCT_CATEGORY('','',(#7385));
#7360=PRODUCT_RELATED_PRODUCT_CATEGORY('','',(#7386));
#7361=PRODUCT_RELATED_PRODUCT_CATEGORY('','',(#7387));
#7362=PRODUCT_RELATED_PRODUCT_CATEGORY('','',(#7388));
#7363=PRODUCT_RELATED_PRODUCT_CATEGORY('','',(#7389));
#7364=PRODUCT_RELATED_PRODUCT_CATEGORY('','',(#7390));
#7365=PRODUCT_RELATED_PRODUCT_CATEGORY('','',(#7391));
#7366=PRODUCT_RELATED_PRODUCT_CATEGORY('','',(#7392));
#7367=PRODUCT_RELATED_PRODUCT_CATEGORY('','',(#7393));
#7368=PRODUCT_RELATED_PRODUCT_CATEGORY('','',(#7394));
#7369=PRODUCT_RELATED_PRODUCT_CATEGORY('','',(#7395));
#7370=PRODUCT_RELATED_PRODUCT_CATEGORY('','',(#7396));
#7371=PRODUCT_RELATED_PRODUCT_CATEGORY('','',(#7397));
#7372=PRODUCT_RELATED_PRODUCT_CATEGORY('','',(#7398));
#7373=PRODUCT_RELATED_PRODUCT_CATEGORY('','',(#7399));
#7374=PRODUCT_RELATED_PRODUCT_CATEGORY('','',(#7400));
#7375=PRODUCT_RELATED_PRODUCT_CATEGORY('','',(#7401));
#7376=PRODUCT_RELATED_PRODUCT_CATEGORY('','',(#7402));
#7377=PRODUCT_RELATED_PRODUCT_CATEGORY('','',(#7403));
#7378=PRODUCT_RELATED_PRODUCT_CATEGORY('','',(#7404));
#7379=PRODUCT_RELATED_PRODUCT_CATEGORY('','',(#7405));
#7380=PRODUCT_RELATED_PRODUCT_CATEGORY('','',(#7406));
#7381=PRODUCT_RELATED_PRODUCT_CATEGORY('','',(#7407));
#7382=PRODUCT('EVBatteryPack','EVBatteryPack','EVBatteryPack',(#7434));
#7383=PRODUCT('Part 1','Part 1','Part 1',(#7435));
#7384=PRODUCT('Part 1','Part 1','Part 1',(#7436));
#7385=PRODUCT('Assembly 1 <1>','Assembly 1 <1>','Assembly 1 <1>',(#7437));
#7386=PRODUCT('4-Cells <2>','4-Cells <2>','4-Cells <2>',(#7438));
#7387=PRODUCT('Z Sub Assembly <2>','Z Sub Assembly <2>',
'Z Sub Assembly <2>',(#7439));
#7388=PRODUCT('Part 1','Part 1','Part 1',(#7440));
#7389=PRODUCT('CELL-21700','CELL-21700','CELL-21700',(#7441));
#7390=PRODUCT('Z Sub Assembly <1>','Z Sub Assembly <1>',
'Z Sub Assembly <1>',(#7442));
#7391=PRODUCT('Z Sub Assembly <3>','Z Sub Assembly <3>',
'Z Sub Assembly <3>',(#7443));
#7392=PRODUCT('Z Sub Assembly <4>','Z Sub Assembly <4>',
'Z Sub Assembly <4>',(#7444));
#7393=PRODUCT('4-Cells <3>','4-Cells <3>','4-Cells <3>',(#7445));
#7394=PRODUCT('Z Sub Assembly <1>','Z Sub Assembly <1>',
'Z Sub Assembly <1>',(#7446));
#7395=PRODUCT('Z Sub Assembly <2>','Z Sub Assembly <2>',
'Z Sub Assembly <2>',(#7447));
#7396=PRODUCT('Z Sub Assembly <3>','Z Sub Assembly <3>',
'Z Sub Assembly <3>',(#7448));
#7397=PRODUCT('Z Sub Assembly <4>','Z Sub Assembly <4>',
'Z Sub Assembly <4>',(#7449));
#7398=PRODUCT('4-Cells <1>','4-Cells <1>','4-Cells <1>',(#7450));
#7399=PRODUCT('Z Sub Assembly <1>','Z Sub Assembly <1>',
'Z Sub Assembly <1>',(#7451));
#7400=PRODUCT('Z Sub Assembly <3>','Z Sub Assembly <3>',
'Z Sub Assembly <3>',(#7452));
#7401=PRODUCT('Z Sub Assembly <2>','Z Sub Assembly <2>',
'Z Sub Assembly <2>',(#7453));
#7402=PRODUCT('Z Sub Assembly <4>','Z Sub Assembly <4>',
'Z Sub Assembly <4>',(#7454));
#7403=PRODUCT('4-Cells <4>','4-Cells <4>','4-Cells <4>',(#7455));
#7404=PRODUCT('Z Sub Assembly <2>','Z Sub Assembly <2>',
'Z Sub Assembly <2>',(#7456));
#7405=PRODUCT('Z Sub Assembly <3>','Z Sub Assembly <3>',
'Z Sub Assembly <3>',(#7457));
#7406=PRODUCT('Z Sub Assembly <1>','Z Sub Assembly <1>',
'Z Sub Assembly <1>',(#7458));
#7407=PRODUCT('Z Sub Assembly <4>','Z Sub Assembly <4>',
'Z Sub Assembly <4>',(#7459));
#7408=PRODUCT_CATEGORY('','');
#7409=PRODUCT_CATEGORY('','');
#7410=PRODUCT_CATEGORY('','');
#7411=PRODUCT_CATEGORY('','');
#7412=PRODUCT_CATEGORY('','');
#7413=PRODUCT_CATEGORY('','');
#7414=PRODUCT_CATEGORY('','');
#7415=PRODUCT_CATEGORY('','');
#7416=PRODUCT_CATEGORY('','');
#7417=PRODUCT_CATEGORY('','');
#7418=PRODUCT_CATEGORY('','');
#7419=PRODUCT_CATEGORY('','');
#7420=PRODUCT_CATEGORY('','');
#7421=PRODUCT_CATEGORY('','');
#7422=PRODUCT_CATEGORY('','');
#7423=PRODUCT_CATEGORY('','');
#7424=PRODUCT_CATEGORY('','');
#7425=PRODUCT_CATEGORY('','');
#7426=PRODUCT_CATEGORY('','');
#7427=PRODUCT_CATEGORY('','');
#7428=PRODUCT_CATEGORY('','');
#7429=PRODUCT_CATEGORY('','');
#7430=PRODUCT_CATEGORY('','');
#7431=PRODUCT_CATEGORY('','');
#7432=PRODUCT_CATEGORY('','');
#7433=PRODUCT_CATEGORY('','');
#7434=PRODUCT_CONTEXT('',#7461,'mechanical');
#7435=PRODUCT_CONTEXT('',#7461,'mechanical');
#7436=PRODUCT_CONTEXT('',#7461,'mechanical');
#7437=PRODUCT_CONTEXT('',#7461,'mechanical');
#7438=PRODUCT_CONTEXT('',#7461,'mechanical');
#7439=PRODUCT_CONTEXT('',#7461,'mechanical');
#7440=PRODUCT_CONTEXT('',#7461,'mechanical');
#7441=PRODUCT_CONTEXT('',#7461,'mechanical');
#7442=PRODUCT_CONTEXT('',#7461,'mechanical');
#7443=PRODUCT_CONTEXT('',#7461,'mechanical');
#7444=PRODUCT_CONTEXT('',#7461,'mechanical');
#7445=PRODUCT_CONTEXT('',#7461,'mechanical');
#7446=PRODUCT_CONTEXT('',#7461,'mechanical');
#7447=PRODUCT_CONTEXT('',#7461,'mechanical');
#7448=PRODUCT_CONTEXT('',#7461,'mechanical');
#7449=PRODUCT_CONTEXT('',#7461,'mechanical');
#7450=PRODUCT_CONTEXT('',#7461,'mechanical');
#7451=PRODUCT_CONTEXT('',#7461,'mechanical');
#7452=PRODUCT_CONTEXT('',#7461,'mechanical');
#7453=PRODUCT_CONTEXT('',#7461,'mechanical');
#7454=PRODUCT_CONTEXT('',#7461,'mechanical');
#7455=PRODUCT_CONTEXT('',#7461,'mechanical');
#7456=PRODUCT_CONTEXT('',#7461,'mechanical');
#7457=PRODUCT_CONTEXT('',#7461,'mechanical');
#7458=PRODUCT_CONTEXT('',#7461,'mechanical');
#7459=PRODUCT_CONTEXT('',#7461,'mechanical');
#7460=APPLICATION_PROTOCOL_DEFINITION('international standard',
'ap242_managed_model_based_3d_engineering',2020,#7461);
#7461=APPLICATION_CONTEXT('managed model based 3d engineering');
ENDSEC;
END-ISO-10303-21;
